FECHA_ANOTACION;VALOR;DESTINO_ECONOMICO;AREA_TERRENO;AREA_CONSTRUIDA;AVALUO; HAB; BAÑOS; LOCAL; PISOS;MAX_PUNT;POINT_X;POINT_Y;Latitud;Longitud;Latitud.1;Longitud.1;UTM waypoint Garmin;DISTANCIA - CBD (San Pio) metros;Estrato/Hacienda
2022-03-01 00:00:00;209318876;A;000000000095;000181;209312000;4;2;0;2;40;1373001.9862;10794922.409;7.123853229106559;-73.11828897378942;"-7º -7' -25,872"" S";"73º 7' 5,84"" W";17 N 1373002 10794922;1044.65100304;4
2022-05-03 00:00:00;208619999;C;000000000007;000038;94253000;0;1;1;1;70;1372977.7971;10794755.4012;7.122360575408783;-73.11853167098599;"-7º -7' -20,498"" S";"73º 7' 6,714"" W";17 N 1372978 10794755;985.481083864;4
2022-08-11 00:00:00;150488037;A;000000000008;000042;79233000;3;2;0;1;71;1372982.2036;10794746.3441;7.1222787469060895;-73.11849353903105;"-7º -7' -20,203"" S";"73º 7' 6,577"" W";17 N 1372982 10794746;977.766364645;4
2022-09-19 00:00:00;136646100;A;000000000007;000039;73502000;3;2;0;2;71;1372980.1853;10794751.2411;7.1223229339899055;-73.11851088926139;"-7º -7' -20,363"" S";"73º 7' 6,639"" W";17 N 1372980 10794751;981.599714246;4
2021-07-08 00:00:00;102067334;A;000000000006;000030;57190000;3;2;0;2;71;1372975.9068;10794754.9763;7.122357059065707;-73.11854869252124;"-7º -7' -20,485"" S";"73º 7' 6,775"" W";17 N 1372976 10794755;987.031048875;4
2022-02-10 00:00:00;133982022;A;000000000007;000039;73502000;3;2;0;3;71;1372980.1853;10794751.2411;7.1223229339899055;-73.11851088926139;"-7º -7' -20,363"" S";"73º 7' 6,639"" W";17 N 1372980 10794751;981.599714246;4
2021-03-29 00:00:00;96695369;A;000000000006;000030;57190000;3;2;0;3;71;1372975.9068;10794754.9763;7.122357059065707;-73.11854869252124;"-7º -7' -20,485"" S";"73º 7' 6,775"" W";17 N 1372976 10794755;987.031048875;4
2021-04-27 00:00:00;161158950;A;000000000009;000048;91219000;3;2;0;3;71;1372972.7275;10794752.9554;7.122339440947414;-73.11857752222005;"-7º -7' -20,422"" S";"73º 7' 6,879"" W";17 N 1372973 10794753;989.109287079;4
2021-05-14 00:00:00;139671090;A;000000000007;000036;67675000;3;2;0;3;71;1372983.3217;10794741.5701;7.1222358003409205;-73.11848424470737;"-7º -7' -20,049"" S";"73º 7' 6,543"" W";17 N 1372983 10794742;974.820733233;4
2021-12-14 00:00:00;124582314;A;000000000007;000034;65561000;3;2;0;4;71;1372980.4139;10794750.1914;7.122313493614941;-73.11850900033905;"-7º -7' -20,329"" S";"73º 7' 6,632"" W";17 N 1372980 10794750;980.963227389;4
2021-11-05 00:00:00;262347001;A;000000000015;000075;150183000;3;2;0;4;73;1372983.1375;10794733.3648;7.1221623099284175;-73.1184871604325;"-7º -7' -19,784"" S";"73º 7' 6,554"" W";17 N 1372983 10794733;971.73052323;4
2022-10-11 00:00:00;100137599;A;000000000006;000032;60343000;3;2;0;5;71;1372980.4139;10794750.1914;7.122313493614941;-73.11850900033905;"-7º -7' -20,329"" S";"73º 7' 6,632"" W";17 N 1372980 10794750;980.963227389;4
2021-03-31 00:00:00;257080757;A;000000000015;000080;160089000;3;2;0;5;73;1372974.2103;10794753.5989;7.122344978601027;-73.11856412232504;"-7º -7' -20,442"" S";"73º 7' 6,831"" W";17 N 1372974 10794754;988.016843037;4
2021-02-05 00:00:00;112790851;A;000000000007;000034;65561000;3;2;0;6;71;1372980.4139;10794750.1914;7.122313493614941;-73.11850900033905;"-7º -7' -20,329"" S";"73º 7' 6,632"" W";17 N 1372980 10794750;980.963227389;4
2021-03-25 00:00:00;167605308;A;000000000008;000043;82067000;3;2;0;6;71;1372972.7938;10794753.0638;7.12234040200509;-73.11857691081349;"-7º -7' -20,425"" S";"73º 7' 6,877"" W";17 N 1372973 10794753;989.092786466;4
2021-08-09 00:00:00;124006440;A;000000000007;000034;65561000;3;2;0;7;71;1372980.4139;10794750.1914;7.122313493614941;-73.11850900033905;"-7º -7' -20,329"" S";"73º 7' 6,632"" W";17 N 1372980 10794750;980.963227389;4
2022-06-14 00:00:00;124128899;A;000000000006;000033;63002000;3;2;0;7;71;1372983.2184;10794741.5728;7.1222358404197506;-73.11848517089871;"-7º -7' -20,049"" S";"73º 7' 6,547"" W";17 N 1372983 10794742;974.916456403;4
2022-08-22 00:00:00;269311730;A;000000000015;000080;160089000;3;2;0;8;73;1372974.2103;10794753.5989;7.122344978601027;-73.11856412232504;"-7º -7' -20,442"" S";"73º 7' 6,831"" W";17 N 1372974 10794754;988.016843037;4
2022-04-29 00:00:00;226352699;A;000000000014;000070;140079000;3;2;0;8;73;1372983.1375;10794733.3648;7.1221623099284175;-73.1184871604325;"-7º -7' -19,784"" S";"73º 7' 6,554"" W";17 N 1372983 10794733;971.73052323;4
2022-08-11 00:00:00;105489836;A;000000000006;000033;63002000;3;2;0;8;71;1372983.2184;10794741.5729;7.122235841315739;-73.1184851708833;"-7º -7' -20,049"" S";"73º 7' 6,547"" W";17 N 1372983 10794742;974.916496478;4
2021-02-26 00:00:00;106344493;A;000000000006;000032;60343000;3;2;0;9;71;1372980.4139;10794750.1914;7.122313493614941;-73.11850900033905;"-7º -7' -20,329"" S";"73º 7' 6,632"" W";17 N 1372980 10794750;980.963227389;4
2021-03-31 00:00:00;112253655;A;000000000007;000034;65561000;3;2;0;10;71;1372980.4139;10794750.1914;7.122313493614941;-73.11850900033905;"-7º -7' -20,329"" S";"73º 7' 6,632"" W";17 N 1372980 10794750;980.963227389;4
2022-03-28 00:00:00;239912999;A;000000000015;000080;160089000;3;2;0;10;73;1372974.2103;10794753.5989;7.122344978601027;-73.11856412232504;"-7º -7' -20,442"" S";"73º 7' 6,831"" W";17 N 1372974 10794754;988.016843037;4
2021-10-13 00:00:00;146654644;A;000000000006;000033;63002000;3;2;0;10;71;1372983.2184;10794741.5729;7.122235841315739;-73.1184851708833;"-7º -7' -20,049"" S";"73º 7' 6,547"" W";17 N 1372983 10794742;974.916496478;4
2021-08-12 00:00:00;257854319;A;000000000115;000029;150989000;0;1;0;1;31;1372853.9458;10794785.3598;7.122648049182737;-73.11963801384873;"-7º -7' -21,533"" S";"73º 7' 10,697"" W";17 N 1372854 10794785;1110.96345995;3
2022-08-02 00:00:00;219050999;A;000000000119;000171;217550000;2;1;0;1;31;1372591.0168;10795019.6287;7.124787522770772;-73.12196045361884;"-7º -7' -29,235"" S";"73º 7' 19,058"" W";17 N 1372591 10795020;1448.96718732;3
2022-01-24 00:00:00;406808999;A;000000000224;000203;397942000;3;2;2;1;40;1372698.5535;10794645.6275;7.121419947184429;-73.12105340782793;"-7º -7' -17,112"" S";"73º 7' 15,792"" W";17 N 1372699 10794646;1214.18983401;4
2022-12-13 00:00:00;425584799;A;000000000227;000153;425105000;0;0;0;0;26;1372569.9172;10794676.434;7.1217157467482135;-73.1222025488993;"-7º -7' -18,177"" S";"73º 7' 19,929"" W";17 N 1372570 10794676;1346.45741065;4
2022-10-21 00:00:00;542412000;K;000000000296;000297;541392000;0;2;1;1;30;1373107.1818;10794450.7684;7.119611199884557;-73.11741798909132;"-7º -7' -10,6"" S";"73º 7' 2,705"" W";17 N 1373107 10794451;775.700060083;4
2022-08-31 00:00:00;432886499;A;000000000179;000168;432554000;0;2;1;2;54;1372996.986;10794445.3964;7.119580009916206;-73.11840727178159;"-7º -7' -10,488"" S";"73º 7' 6,266"" W";17 N 1372997 10794445;884.501760708;4
2022-10-04 00:00:00;500687999;J;000000000425;000416;464596000;0;0;1;1;42;1373037.282;10794472.0208;7.119812366639526;-73.11804171824772;"-7º -7' -11,325"" S";"73º 7' 4,95"" W";17 N 1373037 10794472;847.840735485;4
2022-08-17 00:00:00;260774999;A;000000000166;000144;232381000;3;1;0;1;60;1373012.3249;10794349.3861;7.1187174084643585;-73.1182844593087;"-7º -7' -7,383"" S";"73º 7' 5,824"" W";17 N 1373012 10794349;864.098573279;4
2022-12-16 00:00:00;438101999;B;000000000314;000290;436439000;0;3;2;2;60;1372945.1126;10794217.7396;7.117548198167977;-73.11890761115555;"-7º -7' -3,174"" S";"73º 7' 8,067"" W";17 N 1372945 10794218;940.776881798;3
2022-05-11 00:00:00;99094499;C;000000000003;000009;25063000;0;1;0;1;71;1372737.8479;10794277.2215;7.118113003798541;-73.12075762432066;"-7º -7' -5,207"" S";"73º 7' 14,727"" W";17 N 1372738 10794277;1140.95375214;4
2021-12-13 00:00:00;242258574;A;000000000011;000057;120769000;0;0;0;5;75;1372739.3488;10794308.1428;7.1183898267669194;-73.1207394040077;"-7º -7' -6,203"" S";"73º 7' 14,662"" W";17 N 1372739 10794308;1137.87586664;4
2022-07-18 00:00:00;220569021;A;000000000010;000051;109125000;0;0;0;5;75;1372726.9369;10794308.2846;7.1183930046042985;-73.12085071736126;"-7º -7' -6,215"" S";"73º 7' 15,063"" W";17 N 1372727 10794308;1150.2738494;4
2022-04-22 00:00:00;190463151;A;000000000010;000051;109804000;0;0;0;5;75;1372730.0693;10794300.6958;7.118324527901116;-73.12082378715452;"-7º -7' -5,968"" S";"73º 7' 14,966"" W";17 N 1372730 10794301;1147.45037867;4
2021-12-24 00:00:00;297856120;A;000000000013;000063;134560000;0;0;0;5;75;1372745.2463;10794292.3352;7.118247285059634;-73.12068893525718;"-7º -7' -5,69"" S";"73º 7' 14,48"" W";17 N 1372745 10794292;1132.68935769;4
2021-12-16 00:00:00;235181289;A;000000000011;000057;120769000;0;0;0;6;75;1372739.3488;10794308.1428;7.1183898267669194;-73.1207394040077;"-7º -7' -6,203"" S";"73º 7' 14,662"" W";17 N 1372739 10794308;1137.87586664;4
2021-12-24 00:00:00;234669993;A;000000000010;000052;109996000;0;0;0;6;75;1372730.0692;10794300.7006;7.118324570924291;-73.12082378731306;"-7º -7' -5,968"" S";"73º 7' 14,966"" W";17 N 1372730 10794301;1147.4502687;4
2022-04-22 00:00:00;297283500;A;000000000012;000059;126234000;0;0;0;6;75;1372742.8401;10794300.2578;7.118318640984168;-73.12070930005102;"-7º -7' -5,947"" S";"73º 7' 14,553"" W";17 N 1372743 10794300;1134.71138252;4
2022-06-06 00:00:00;302499000;A;000000000013;000065;139235000;0;0;0;7;75;1372724.3228;10794316.0437;7.118462927550081;-73.12087297219543;"-7º -7' -6,467"" S";"73º 7' 15,143"" W";17 N 1372724 10794316;1152.62563906;4
2021-11-09 00:00:00;240970448;A;000000000011;000054;115901000;0;0;0;7;75;1372726.6394;10794308.3047;7.118393230415516;-73.12085338285448;"-7º -7' -6,216"" S";"73º 7' 15,072"" W";17 N 1372727 10794308;1150.57040175;4
2022-07-08 00:00:00;316059300;A;000000000013;000066;140638000;0;0;0;7;75;1372745.4781;10794292.7181;7.118250680207673;-73.12068679709539;"-7º -7' -5,702"" S";"73º 7' 14,472"" W";17 N 1372745 10794293;1132.43814076;4
2021-12-17 00:00:00;251612610;A;000000000012;000057;121559000;0;0;0;8;75;1372739.6399;10794308.913;7.1183966829946135;-73.12073667433442;"-7º -7' -6,228"" S";"73º 7' 14,652"" W";17 N 1372740 10794309;1137.55630431;4
2021-11-17 00:00:00;308593747;A;000000000014;000066;141522000;0;0;0;8;75;1372734.6926;10794319.7875;7.118494878331475;-73.1207793787176;"-7º -7' -6,582"" S";"73º 7' 14,806"" W";17 N 1372735 10794320;1142.15260374;4
2022-04-27 00:00:00;290659815;A;000000000015;000072;153163000;0;0;0;8;75;1372723.8985;10794316.0615;7.118463152238843;-73.1208767754438;"-7º -7' -6,467"" S";"73º 7' 15,156"" W";17 N 1372724 10794316;1153.04920794;4
2022-01-12 00:00:00;225710984;A;000000000011;000054;115901000;0;0;0;8;75;1372726.6378;10794308.3088;7.118393267397233;-73.12085339657577;"-7º -7' -6,216"" S";"73º 7' 15,072"" W";17 N 1372727 10794308;1150.57184898;4
2021-12-29 00:00:00;298306290;A;000000000015;000072;154335000;0;0;0;8;75;1372745.8951;10794292.7045;7.118250494272956;-73.12068305868556;"-7º -7' -5,702"" S";"73º 7' 14,459"" W";17 N 1372746 10794293;1132.02238982;4
2021-12-29 00:00:00;248136220;A;000000000011;000057;120880000;0;0;0;9;75;1372739.3339;10794308.1119;7.118389552193844;-73.12073954241521;"-7º -7' -6,202"" S";"73º 7' 14,662"" W";17 N 1372739 10794308;1137.89191682;4
2021-11-30 00:00:00;309311298;A;000000000013;000066;140812000;0;0;0;9;75;1372734.2706;10794320.0473;7.118497270978263;-73.12078312410178;"-7º -7' -6,59"" S";"73º 7' 14,819"" W";17 N 1372734 10794320;1142.56740956;4
2021-11-09 00:00:00;300027464;A;000000000014;000065;140008000;0;0;0;9;75;1372723.9107;10794316.0401;7.118462958620901;-73.12087666930175;"-7º -7' -6,467"" S";"73º 7' 15,156"" W";17 N 1372724 10794316;1153.03765972;4
2022-04-27 00:00:00;241999199;A;000000000011;000054;115901000;0;0;0;9;75;1372726.6498;10794308.2874;7.118393073810032;-73.12085329222771;"-7º -7' -6,215"" S";"73º 7' 15,072"" W";17 N 1372727 10794308;1150.56064901;4
2021-11-23 00:00:00;232820963;A;000000000011;000052;110295000;0;0;0;9;75;1372729.8797;10794300.4557;7.118322405749484;-73.12082552481195;"-7º -7' -5,961"" S";"73º 7' 14,972"" W";17 N 1372730 10794300;1147.65031936;4
2022-03-23 00:00:00;249101562;A;000000000012;000056;120060000;0;0;0;9;75;1372742.8507;10794300.2403;7.118318482556002;-73.12070920766106;"-7º -7' -5,947"" S";"73º 7' 14,553"" W";17 N 1372743 10794300;1134.70157376;4
2021-11-09 00:00:00;250691684;A;000000000011;000057;120880000;0;0;0;10;75;1372739.3591;10794308.1251;7.118389666592844;-73.12073931433953;"-7º -7' -6,203"" S";"73º 7' 14,662"" W";17 N 1372739 10794308;1137.86623867;4
2021-11-22 00:00:00;229472798;A;000000000011;000054;115901000;0;0;0;10;75;1372726.6498;10794308.2874;7.118393073810032;-73.12085329222771;"-7º -7' -6,215"" S";"73º 7' 15,072"" W";17 N 1372727 10794308;1150.56064901;4
2021-12-14 00:00:00;229515741;A;000000000012;000052;112717000;0;0;0;10;75;1372730.0798;10794300.6827;7.118324408912125;-73.12082369498458;"-7º -7' -5,968"" S";"73º 7' 14,965"" W";17 N 1372730 10794301;1147.44046161;4
2022-10-03 00:00:00;368214300;A;000000000013;000066;140866000;0;0;0;10;75;1372745.4812;10794292.685;7.118250383156683;-73.12068677438073;"-7º -7' -5,701"" S";"73º 7' 14,472"" W";17 N 1372745 10794293;1132.43674504;4
2022-02-15 00:00:00;234906119;A;000000000011;000057;120880000;0;0;0;11;75;1372739.3591;10794308.1251;7.118389666592844;-73.12073931433953;"-7º -7' -6,203"" S";"73º 7' 14,662"" W";17 N 1372739 10794308;1137.86623867;4
2022-12-16 00:00:00;344223000;A;000000000013;000065;139235000;0;0;0;11;75;1372724.3334;10794316.0263;7.1184627700178496;-73.12087287979004;"-7º -7' -6,466"" S";"73º 7' 15,142"" W";17 N 1372724 10794316;1152.61556977;4
2021-12-29 00:00:00;275581804;A;000000000011;000054;115901000;0;0;0;11;75;1372726.6498;10794308.2874;7.118393073810032;-73.12085329222771;"-7º -7' -6,215"" S";"73º 7' 15,072"" W";17 N 1372727 10794308;1150.56064901;4
2022-01-04 00:00:00;250989697;A;000000000012;000059;126362000;0;0;0;11;75;1372742.8673;10794300.234;7.118318423557362;-73.12070905972782;"-7º -7' -5,946"" S";"73º 7' 14,553"" W";17 N 1372743 10794300;1134.68527142;4
2022-08-02 00:00:00;336921300;A;000000000013;000066;140271000;0;0;0;12;75;1372739.6399;10794308.913;7.1183966829946135;-73.12073667433442;"-7º -7' -6,228"" S";"73º 7' 14,652"" W";17 N 1372740 10794309;1137.55630431;4
2021-12-07 00:00:00;303236478;A;000000000015;000072;153795000;0;0;0;12;75;1372734.6926;10794319.7875;7.118494878331475;-73.1207793787176;"-7º -7' -6,582"" S";"73º 7' 14,806"" W";17 N 1372735 10794320;1142.15260374;4
2021-12-14 00:00:00;302817667;A;000000000015;000072;153163000;0;0;0;12;75;1372723.8985;10794316.0615;7.118463152238843;-73.1208767754438;"-7º -7' -6,467"" S";"73º 7' 15,156"" W";17 N 1372724 10794316;1153.04920794;4
2022-05-03 00:00:00;209924865;A;000000000011;000055;117020000;0;0;0;12;75;1372729.8675;10794300.4772;7.118322600263374;-73.12082563093861;"-7º -7' -5,961"" S";"73º 7' 14,972"" W";17 N 1372730 10794300;1147.66156335;4
2022-08-26 00:00:00;227278992;A;000000000011;000054;115901000;0;0;0;13;75;1372726.6378;10794308.3088;7.118393267397233;-73.12085339657577;"-7º -7' -6,216"" S";"73º 7' 15,072"" W";17 N 1372727 10794308;1150.57184898;4
2021-12-29 00:00:00;241294025;A;000000000011;000055;117020000;0;0;0;13;75;1372729.8675;10794300.4772;7.118322600263374;-73.12082563093861;"-7º -7' -5,961"" S";"73º 7' 14,972"" W";17 N 1372730 10794300;1147.66156335;4
2022-10-03 00:00:00;274856850;A;000000000013;000065;137813000;0;0;0;13;75;1372735.6397;10794288.558;7.118214917708674;-73.12077568786215;"-7º -7' -5,574"" S";"73º 7' 14,792"" W";17 N 1372736 10794289;1142.48301315;4
2021-12-30 00:00:00;241416107;A;000000000011;000057;120880000;0;0;0;14;75;1372739.6519;10794308.8915;7.118396488511444;-73.12073657000184;"-7º -7' -6,227"" S";"73º 7' 14,652"" W";17 N 1372740 10794309;1137.54510568;4
2021-12-30 00:00:00;323355626;A;000000000015;000073;154703000;0;0;0;14;75;1372734.7049;10794319.7661;7.118494684698178;-73.12077927167861;"-7º -7' -6,581"" S";"73º 7' 14,805"" W";17 N 1372735 10794320;1142.14089088;4
2022-12-02 00:00:00;252690974;A;000000000011;000054;115901000;0;0;0;14;75;1372726.6498;10794308.2874;7.118393073810032;-73.12085329222771;"-7º -7' -6,215"" S";"73º 7' 15,072"" W";17 N 1372727 10794308;1150.56064901;4
2022-08-02 00:00:00;262147894;A;000000000011;000055;117020000;0;0;0;14;75;1372729.8797;10794300.4557;7.118322405749484;-73.12082552481195;"-7º -7' -5,961"" S";"73º 7' 14,972"" W";17 N 1372730 10794300;1147.65031936;4
2021-11-24 00:00:00;302459894;A;000000000013;000066;140812000;0;0;0;14;75;1372745.9073;10794292.6832;7.118250301551092;-73.1206829525282;"-7º -7' -5,701"" S";"73º 7' 14,459"" W";17 N 1372746 10794293;1132.01130057;4
2022-04-27 00:00:00;279436059;A;000000000012;000060;128232000;0;0;0;15;75;1372739.5718;10794308.3554;7.1183916973860635;-73.12073737098143;"-7º -7' -6,21"" S";"73º 7' 14,655"" W";17 N 1372740 10794308;1137.64505918;4
2022-05-18 00:00:00;328576500;A;000000000014;000066;141677000;0;0;0;15;75;1372734.5551;10794320.353;7.118499966318835;-73.12078052509358;"-7º -7' -6,6"" S";"73º 7' 14,81"" W";17 N 1372735 10794320;1142.2748053;4
2022-07-08 00:00:00;311365350;A;000000000013;000065;139235000;0;0;0;15;75;1372724.3334;10794316.0263;7.1184627700178496;-73.12087287979004;"-7º -7' -6,466"" S";"73º 7' 15,142"" W";17 N 1372724 10794316;1152.61556977;4
2021-12-24 00:00:00;215652162;A;000000000011;000054;115901000;0;0;0;15;75;1372726.6498;10794308.2874;7.118393073810032;-73.12085329222771;"-7º -7' -6,215"" S";"73º 7' 15,072"" W";17 N 1372727 10794308;1150.56064901;4
2021-11-04 00:00:00;264325926;A;000000000011;000055;117020000;0;0;0;15;75;1372729.8797;10794300.4557;7.118322405749484;-73.12082552481195;"-7º -7' -5,961"" S";"73º 7' 14,972"" W";17 N 1372730 10794300;1147.65031936;4
2022-05-03 00:00:00;265159765;A;000000000013;000066;140812000;0;0;0;15;75;1372745.4812;10794292.685;7.118250383156683;-73.12068677438073;"-7º -7' -5,701"" S";"73º 7' 14,472"" W";17 N 1372745 10794293;1132.43674504;4
2022-01-07 00:00:00;239912999;A;000000000012;000059;126362000;0;0;0;15;75;1372742.8673;10794300.234;7.118318423557362;-73.12070905972782;"-7º -7' -5,946"" S";"73º 7' 14,553"" W";17 N 1372743 10794300;1134.68527142;4
2021-11-24 00:00:00;262276790;A;000000000013;000066;140271000;0;0;0;16;75;1372739.6399;10794308.913;7.1183966829946135;-73.12073667433442;"-7º -7' -6,228"" S";"73º 7' 14,652"" W";17 N 1372740 10794309;1137.55630431;4
2021-11-30 00:00:00;305057575;A;000000000015;000072;153758000;0;0;0;16;75;1372734.6926;10794319.7875;7.118494878331475;-73.1207793787176;"-7º -7' -6,582"" S";"73º 7' 14,806"" W";17 N 1372735 10794320;1142.15260374;4
2021-12-15 00:00:00;302539232;A;000000000015;000072;153163000;0;0;0;16;75;1372723.8985;10794316.0615;7.118463152238843;-73.1208767754438;"-7º -7' -6,467"" S";"73º 7' 15,156"" W";17 N 1372724 10794316;1153.04920794;4
2022-06-23 00:00:00;257645699;A;000000000011;000054;115901000;0;0;0;16;75;1372726.6378;10794308.3088;7.118393267397233;-73.12085339657577;"-7º -7' -6,216"" S";"73º 7' 15,072"" W";17 N 1372727 10794308;1150.57184898;4
2022-05-12 00:00:00;245128499;A;000000000011;000055;117020000;0;0;0;16;75;1372729.8675;10794300.4772;7.118322600263374;-73.12082563093861;"-7º -7' -5,961"" S";"73º 7' 14,972"" W";17 N 1372730 10794300;1147.66156335;4
2022-06-03 00:00:00;349960050;A;000000000015;000072;154509000;0;0;0;16;75;1372745.8951;10794292.7045;7.118250494272956;-73.12068305868556;"-7º -7' -5,702"" S";"73º 7' 14,459"" W";17 N 1372746 10794293;1132.02238982;4
2022-04-01 00:00:00;307714500;A;000000000013;000060;129108000;0;0;0;17;75;1372739.6399;10794308.913;7.1183966829946135;-73.12073667433442;"-7º -7' -6,228"" S";"73º 7' 14,652"" W";17 N 1372740 10794309;1137.55630431;4
2022-06-09 00:00:00;328054950;A;000000000014;000066;141696000;0;0;0;17;75;1372734.6926;10794319.7875;7.118494878331475;-73.1207793787176;"-7º -7' -6,582"" S";"73º 7' 14,806"" W";17 N 1372735 10794320;1142.15260374;4
2022-07-22 00:00:00;333792000;A;000000000014;000065;140008000;0;0;0;17;75;1372723.8985;10794316.0615;7.118463152238843;-73.1208767754438;"-7º -7' -6,467"" S";"73º 7' 15,156"" W";17 N 1372724 10794316;1153.04920794;4
2022-03-03 00:00:00;237738710;A;000000000011;000054;115901000;0;0;0;17;75;1372726.6378;10794308.3088;7.118393267397233;-73.12085339657577;"-7º -7' -6,216"" S";"73º 7' 15,072"" W";17 N 1372727 10794308;1150.57184898;4
2022-04-27 00:00:00;233733238;A;000000000011;000055;117020000;0;0;0;17;75;1372729.8675;10794300.4772;7.118322600263374;-73.12082563093861;"-7º -7' -5,961"" S";"73º 7' 14,972"" W";17 N 1372730 10794300;1147.66156335;4
2022-03-01 00:00:00;302570973;A;000000000015;000073;154703000;0;0;0;18;75;1372734.5551;10794320.353;7.118499966318835;-73.12078052509358;"-7º -7' -6,6"" S";"73º 7' 14,81"" W";17 N 1372735 10794320;1142.2748053;4
2021-12-29 00:00:00;320169114;A;000000000013;000065;139235000;0;0;0;18;75;1372724.3334;10794316.0263;7.1184627700178496;-73.12087287979004;"-7º -7' -6,466"" S";"73º 7' 15,142"" W";17 N 1372724 10794316;1152.61556977;4
2022-08-02 00:00:00;259731899;A;000000000011;000054;115901000;0;0;0;18;75;1372726.6498;10794308.2874;7.118393073810032;-73.12085329222771;"-7º -7' -6,215"" S";"73º 7' 15,072"" W";17 N 1372727 10794308;1150.56064901;4
2022-07-28 00:00:00;255559499;A;000000000011;000055;117020000;0;0;0;18;75;1372729.8797;10794300.4557;7.118322405749484;-73.12082552481195;"-7º -7' -5,961"" S";"73º 7' 14,972"" W";17 N 1372730 10794300;1147.65031936;4
2022-07-25 00:00:00;280763229;A;000000000015;000076;161681000;0;0;0;18;75;1372735.2722;10794287.8326;7.118208474625128;-73.12077909594899;"-7º -7' -5,551"" S";"73º 7' 14,805"" W";17 N 1372735 10794288;1142.88974677;4
2021-12-21 00:00:00;318557524;A;000000000013;000066;140812000;0;0;0;18;75;1372745.4812;10794292.685;7.118250383156683;-73.12068677438073;"-7º -7' -5,701"" S";"73º 7' 14,472"" W";17 N 1372745 10794293;1132.43674504;4
2021-12-30 00:00:00;292772092;A;000000000012;000059;126362000;0;0;0;18;75;1372742.8673;10794300.234;7.118318423557362;-73.12070905972782;"-7º -7' -5,946"" S";"73º 7' 14,553"" W";17 N 1372743 10794300;1134.68527142;4
2022-10-27 00:00:00;323361000;A;000000000012;000060;128232000;0;0;0;19;75;1372739.5718;10794308.3554;7.1183916973860635;-73.12073737098143;"-7º -7' -6,21"" S";"73º 7' 14,655"" W";17 N 1372740 10794308;1137.64505918;4
2022-03-01 00:00:00;302499000;A;000000000014;000066;141677000;0;0;0;19;75;1372734.5551;10794320.353;7.118499966318835;-73.12078052509358;"-7º -7' -6,6"" S";"73º 7' 14,81"" W";17 N 1372735 10794320;1142.2748053;4
2021-11-26 00:00:00;275062335;A;000000000011;000054;115901000;0;0;0;19;75;1372726.6498;10794308.2874;7.118393073810032;-73.12085329222771;"-7º -7' -6,215"" S";"73º 7' 15,072"" W";17 N 1372727 10794308;1150.56064901;4
2022-10-21 00:00:00;260774999;A;000000000011;000055;117020000;0;0;0;19;75;1372729.8797;10794300.4557;7.118322405749484;-73.12082552481195;"-7º -7' -5,961"" S";"73º 7' 14,972"" W";17 N 1372730 10794300;1147.65031936;4
2021-12-30 00:00:00;299320840;A;000000000013;000066;140785000;0;0;0;19;75;1372745.4812;10794292.685;7.118250383156683;-73.12068677438073;"-7º -7' -5,701"" S";"73º 7' 14,472"" W";17 N 1372745 10794293;1132.43674504;4
2022-10-03 00:00:00;286913066;A;000000000013;000063;136073000;0;0;0;20;75;1372734.6926;10794319.7875;7.118494878331475;-73.1207793787176;"-7º -7' -6,582"" S";"73º 7' 14,806"" W";17 N 1372735 10794320;1142.15260374;4
2022-10-27 00:00:00;230706551;A;000000000011;000054;115874000;0;0;0;20;75;1372726.6378;10794308.3088;7.118393267397233;-73.12085339657577;"-7º -7' -6,216"" S";"73º 7' 15,072"" W";17 N 1372727 10794308;1150.57184898;4
2021-12-27 00:00:00;247207849;A;000000000011;000055;117020000;0;0;0;20;75;1372729.8675;10794300.4772;7.118322600263374;-73.12082563093861;"-7º -7' -5,961"" S";"73º 7' 14,972"" W";17 N 1372730 10794300;1147.66156335;4
2021-12-29 00:00:00;258352354;A;000000000012;000059;126362000;0;0;0;20;75;1372742.8385;10794300.2619;7.118318677965873;-73.12070931377228;"-7º -7' -5,947"" S";"73º 7' 14,554"" W";17 N 1372743 10794300;1134.71279806;4
2022-06-09 00:00:00;332331660;A;000000000014;000065;140008000;0;0;0;21;75;1372724.3334;10794316.0263;7.1184627700178496;-73.12087287979004;"-7º -7' -6,466"" S";"73º 7' 15,142"" W";17 N 1372724 10794316;1152.61556977;4
2021-12-06 00:00:00;324378585;A;000000000014;000066;141567000;0;0;0;21;75;1372745.4812;10794292.685;7.118250383156683;-73.12068677438073;"-7º -7' -5,701"" S";"73º 7' 14,472"" W";17 N 1372745 10794293;1132.43674504;4
2022-09-12 00:00:00;319397220;A;000000000012;000057;121206000;0;0;0;22;75;1372739.5718;10794308.3554;7.1183916973860635;-73.12073737098143;"-7º -7' -6,21"" S";"73º 7' 14,655"" W";17 N 1372740 10794308;1137.64505918;4
2022-01-25 00:00:00;300412800;A;000000000013;000063;135263000;0;0;0;22;75;1372745.4812;10794292.685;7.118250383156683;-73.12068677438073;"-7º -7' -5,701"" S";"73º 7' 14,472"" W";17 N 1372745 10794293;1132.43674504;4
2021-07-08 00:00:00;583942013;C;000000000209;000340;348104000;0;1;2;3;52;1372508.2245;10794728.8716;7.12219507035587;-73.12274787114508;"-7º -7' -19,902"" S";"73º 7' 21,892"" W";17 N 1372508 10794729;1419.45430849;3
2022-09-08 00:00:00;667584000;C;000000000201;000438;663128000;0;3;0;3;69;1372647.8224;10794399.4605;7.119222095355025;-73.12154635089951;"-7º -7' -9,2"" S";"73º 7' 17,567"" W";17 N 1372648 10794399;1229.56030915;3
2022-05-23 00:00:00;471236071;B;000000000339;000315;471236000;0;2;0;1;29;1372682.1632;10794263.0426;7.117994517679072;-73.12125929915639;"-7º -7' -4,78"" S";"73º 7' 16,533"" W";17 N 1372682 10794263;1197.48408066;3
2022-09-19 00:00:00;361242219;C;000000000243;000244;361242000;0;0;0;1;38;1372669.9858;10794308.646;7.11840499397828;-73.12136151548081;"-7º -7' -6,258"" S";"73º 7' 16,901"" W";17 N 1372670 10794309;1207.17505408;3
2022-12-23 00:00:00;938789999;C;000000000561;000185;864992000;0;2;1;2;80;1372565.7397;10794304.3294;7.118382334545206;-73.12229727296159;"-7º -7' -6,176"" S";"73º 7' 20,27"" W";17 N 1372566 10794304;1311.5085195;3
2021-10-01 00:00:00;85951440;C;000000000006;000036;85797000;0;1;1;1;70;1372654.3223;10794133.8168;7.116840935200752;-73.12152891004096;"-7º -7' -0,627"" S";"73º 7' 17,504"" W";17 N 1372654 10794134;1241.22521734;3
2021-10-01 00:00:00;139671090;A;000000000011;000059;108829000;2;2;0;1;71;1372658.1786;10794124.0447;7.116752785004029;-73.12149582192379;"-7º -7' -0,31"" S";"73º 7' 17,385"" W";17 N 1372658 10794124;1239.17995418;3
2021-02-01 00:00:00;107439299;A;000000000008;000047;85733000;2;2;0;1;71;1372654.6631;10794134.7151;7.116848931594398;-73.12152571489715;"-7º -7' -0,656"" S";"73º 7' 17,493"" W";17 N 1372655 10794135;1240.73285726;3
2021-10-01 00:00:00;161158950;A;000000000010;000056;102703000;2;2;0;1;71;1372661.479;10794136.4181;7.116863143364294;-73.12146431421179;"-7º -7' -0,707"" S";"73º 7' 17,272"" W";17 N 1372661 10794136;1233.72459738;3
2022-05-03 00:00:00;102223799;A;000000000006;000036;66331000;2;2;0;1;71;1372664.7849;10794125.8886;7.116768291442475;-73.12143627970289;"-7º -7' -0,366"" S";"73º 7' 17,171"" W";17 N 1372665 10794126;1232.34790222;3
2022-04-20 00:00:00;135603000;A;000000000008;000047;85733000;2;2;0;1;71;1372654.6631;10794134.7151;7.116848931594398;-73.12152571489715;"-7º -7' -0,656"" S";"73º 7' 17,493"" W";17 N 1372655 10794135;1240.73285726;3
2021-10-01 00:00:00;161158950;A;000000000010;000056;102703000;2;2;0;1;71;1372661.479;10794136.4181;7.116863143364294;-73.12146431421179;"-7º -7' -0,707"" S";"73º 7' 17,272"" W";17 N 1372661 10794136;1233.72459738;3
2022-01-13 00:00:00;88663500;A;000000000006;000036;66331000;2;2;0;1;71;1372664.7849;10794125.8886;7.116768291442475;-73.12143627970289;"-7º -7' -0,366"" S";"73º 7' 17,171"" W";17 N 1372665 10794126;1232.34790222;3
2021-12-03 00:00:00;121460128;A;000000000006;000035;64360000;2;2;0;1;71;1372658.1786;10794124.0447;7.116752785004029;-73.12149582192379;"-7º -7' -0,31"" S";"73º 7' 17,385"" W";17 N 1372658 10794124;1239.17995418;3
2022-03-22 00:00:00;156465000;A;000000000010;000056;102703000;2;2;0;1;71;1372661.479;10794136.4181;7.116863143364294;-73.12146431421179;"-7º -7' -0,707"" S";"73º 7' 17,272"" W";17 N 1372661 10794136;1233.72459738;3
2021-06-01 00:00:00;184125174;A;000000000013;000073;132764000;2;2;0;1;71;1372661.4896;10794125.2243;7.116762845556693;-73.12146594077115;"-7º -7' -0,346"" S";"73º 7' 17,277"" W";17 N 1372661 10794125;1235.7090996;3
2021-11-26 00:00:00;139671090;A;000000000008;000047;85733000;2;2;0;1;71;1372654.6631;10794134.7151;7.116848931594398;-73.12152571489715;"-7º -7' -0,656"" S";"73º 7' 17,493"" W";17 N 1372655 10794135;1240.73285726;3
2022-01-12 00:00:00;130387499;A;000000000006;000033;60872000;2;2;0;1;71;1372664.6233;10794126.0985;7.116770196966472;-73.12143769697443;"-7º -7' -0,373"" S";"73º 7' 17,176"" W";17 N 1372665 10794126;1232.46848904;3
2021-07-12 00:00:00;96695369;A;000000000006;000031;57541000;2;2;0;1;71;1372658.1974;10794124.3058;7.116755121565891;-73.12149561312994;"-7º -7' -0,318"" S";"73º 7' 17,384"" W";17 N 1372658 10794124;1239.11370483;3
2021-10-19 00:00:00;200911490;A;000000000008;000047;85733000;2;2;0;1;71;1372654.6631;10794134.7151;7.116848931594398;-73.12152571489715;"-7º -7' -0,656"" S";"73º 7' 17,493"" W";17 N 1372655 10794135;1240.73285726;3
2021-12-16 00:00:00;128927159;A;000000000010;000056;102703000;2;2;0;1;71;1372661.479;10794136.4181;7.116863143364294;-73.12146431421179;"-7º -7' -0,707"" S";"73º 7' 17,272"" W";17 N 1372661 10794136;1233.72459738;3
2022-04-28 00:00:00;83448000;A;000000000006;000033;60872000;2;2;0;1;71;1372664.6233;10794126.0985;7.116770196966472;-73.12143769697443;"-7º -7' -0,373"" S";"73º 7' 17,176"" W";17 N 1372665 10794126;1232.46848904;3
2021-12-15 00:00:00;75207510;A;000000000006;000031;57541000;2;2;0;1;71;1372658.1974;10794124.3058;7.116755121565891;-73.12149561312994;"-7º -7' -0,318"" S";"73º 7' 17,384"" W";17 N 1372658 10794124;1239.11370483;3
2021-11-05 00:00:00;234217673;A;000000000008;000047;85733000;2;2;0;1;71;1372654.6631;10794134.7151;7.116848931594398;-73.12152571489715;"-7º -7' -0,656"" S";"73º 7' 17,493"" W";17 N 1372655 10794135;1240.73285726;3
2022-04-18 00:00:00;229481999;A;000000000010;000056;102703000;2;2;0;1;71;1372661.479;10794136.4181;7.116863143364294;-73.12146431421179;"-7º -7' -0,707"" S";"73º 7' 17,272"" W";17 N 1372661 10794136;1233.72459738;3
2021-10-01 00:00:00;161158950;A;000000000012;000068;124252000;2;2;0;1;71;1372661.4209;10794125.4765;7.116765115816362;-73.12146651822246;"-7º -7' -0,354"" S";"73º 7' 17,279"" W";17 N 1372661 10794125;1235.73061929;3
2021-11-26 00:00:00;128927159;A;000000000010;000056;102703000;2;2;0;1;71;1372661.479;10794136.4181;7.116863143364294;-73.12146431421179;"-7º -7' -0,707"" S";"73º 7' 17,272"" W";17 N 1372661 10794136;1233.72459738;3
2022-04-20 00:00:00;135603000;A;000000000008;000047;85733000;2;2;0;1;71;1372654.6631;10794134.7151;7.116848931594398;-73.12152571489715;"-7º -7' -0,656"" S";"73º 7' 17,493"" W";17 N 1372655 10794135;1240.73285726;3
2022-04-20 00:00:00;156465000;A;000000000010;000056;102703000;2;2;0;1;71;1372661.479;10794136.4181;7.116863143364294;-73.12146431421179;"-7º -7' -0,707"" S";"73º 7' 17,272"" W";17 N 1372661 10794136;1233.72459738;3
2021-10-01 00:00:00;139671090;A;000000000008;000047;85733000;2;2;0;1;71;1372654.6631;10794134.7151;7.116848931594398;-73.12152571489715;"-7º -7' -0,656"" S";"73º 7' 17,493"" W";17 N 1372655 10794135;1240.73285726;3
2021-10-01 00:00:00;150415020;A;000000000010;000056;102703000;2;2;0;1;71;1372661.479;10794136.4181;7.116863143364294;-73.12146431421179;"-7º -7' -0,707"" S";"73º 7' 17,272"" W";17 N 1372661 10794136;1233.72459738;3
2022-04-25 00:00:00;83448000;A;000000000006;000033;61206000;2;2;0;1;71;1372661.0886;10794126.6329;7.116775528180737;-73.12146932110248;"-7º -7' -0,392"" S";"73º 7' 17,29"" W";17 N 1372661 10794127;1235.84700188;3
2022-04-05 00:00:00;370300500;C;000000000151;000303;368030000;0;2;2;3;49;1372221.3371;10794604.0004;7.121120308148418;-73.12534051205392;"-7º -7' -16,033"" S";"73º 7' 31,226"" W";17 N 1372221 10794604;1674.3302962;2
2021-02-24 00:00:00;1074393000;C;000000000101;000393;526317000;0;2;1;4;62;1372273.1913;10794354.0371;7.118872657574521;-73.12491381632879;"-7º -7' -7,942"" S";"73º 7' 29,69"" W";17 N 1372273 10794354;1603.23402921;3
2022-06-06 00:00:00;265540819;C;000000000054;000054;109198000;0;1;1;1;24;1372051.4846;10794776.2286;7.122689582006185;-73.12683763309445;"-7º -7' -21,682"" S";"73º 7' 36,615"" W";17 N 1372051 10794776;1873.85367834;2
2022-09-14 00:00:00;302499000;C;000000000177;000221;261647000;0;0;2;2;40;1372076.3656;10794577.0476;7.1209010801535;-73.12664508072396;"-7º -7' -15,244"" S";"73º 7' 35,922"" W";17 N 1372076 10794577;1814.21065373;2
2021-02-22 00:00:00;752075100;C;000000000138;000135;382055000;0;1;1;1;47;1372156.2875;10794406.5848;7.119361443912599;-73.12595438030765;"-7º -7' -9,701"" S";"73º 7' 33,436"" W";17 N 1372156 10794407;1721.03677497;3
2022-08-03 00:00:00;625860000;C;000000000152;000151;330840000;0;1;1;1;38;1372154.1768;10794413.2288;7.119421298818809;-73.125972291976;"-7º -7' -9,917"" S";"73º 7' 33,5"" W";17 N 1372154 10794413;1723.3739873;3
2022-06-08 00:00:00;302499000;C;000000000143;000160;204893000;2;1;1;4;60;1371964.988;10794720.6622;7.122204990060907;-73.12762207642257;"-7º -7' -19,938"" S";"73º 7' 39,439"" W";17 N 1371965 10794721;1946.8763037;2
2022-04-08 00:00:00;469394999;C;000000000071;000282;300089000;0;1;1;4;57;1372050.6121;10794527.4565;7.1204606952197125;-73.12688372135435;"-7º -7' -13,659"" S";"73º 7' 36,781"" W";17 N 1372051 10794527;1834.32971132;2
2022-06-02 00:00:00;83448000;C;000000000026;000058;82530000;0;0;1;2;43;1371901.3506;10794694.2945;7.12197850777984;-73.12819697570767;"-7º -7' -19,123"" S";"73º 7' 41,509"" W";17 N 1371901 10794694;2004.70660092;2
2022-05-04 00:00:00;440188199;C;000000000213;000212;439320000;0;1;1;2;42;1371933.4796;10794534.5814;7.120542524900203;-73.12793333001088;"-7º -7' -13,953"" S";"73º 7' 40,56"" W";17 N 1371933 10794535;1951.60856964;2
2022-08-02 00:00:00;265990499;B;000000000203;000203;263896000;0;1;0;1;60;1371755.2179;10794530.652;7.120534690903008;-73.12953298598788;"-7º -7' -13,925"" S";"73º 7' 46,319"" W";17 N 1371755 10794531;2128.80939251;2
2022-09-01 00:00:00;260774999;C;000000000240;000217;253408000;3;2;1;2;28;1371808.3321;10794401.8548;7.119372494268379;-73.12907633697091;"-7º -7' -9,741"" S";"73º 7' 44,675"" W";17 N 1371808 10794402;2068.71848315;3
2022-02-04 00:00:00;297283500;A;000000000181;000159;206411000;2;1;0;1;40;1371974.9944;10793842.7522;7.114337283589706;-73.12766726518522;"-7º -6' -51,614"" S";"73º 7' 39,602"" W";17 N 1371975 10793843;1968.14909729;3
2022-03-14 00:00:00;213159571;A;000000000177;000142;212116000;4;1;0;1;40;1371983.6697;10793840.474;7.11431553945173;-73.12758979683697;"-7º -6' -51,536"" S";"73º 7' 39,323"" W";17 N 1371984 10793840;1960.36108732;3
2022-05-16 00:00:00;125171999;C;000000000066;000067;68995000;3;1;0;1;40;1371806.7398;10793935.4545;7.115193725529123;-73.12916228956202;"-7º -6' -54,697"" S";"73º 7' 44,984"" W";17 N 1371807 10793935;2110.9606484;3
2022-09-08 00:00:00;365085000;A;000000000243;000211;213130000;4;2;0;1;60;1371875.7514;10793804.7049;7.114011602589557;-73.12856333070941;"-7º -6' -50,442"" S";"73º 7' 42,828"" W";17 N 1371876 10793805;2073.88028108;3
2022-03-10 00:00:00;146034000;A;000000000152;000156;144539000;4;1;0;1;16;1371597.1185;10794471.7002;7.120030745308649;-73.13096024280708;"-7º -7' -12,111"" S";"73º 7' 51,457"" W";17 N 1371597 10794472;2282.50419822;3
2021-11-05 00:00:00;408269339;A;000000000147;000139;169224000;3;1;0;1;60;1371741.4766;10793860.6574;7.114533545216443;-73.12975919980988;"-7º -6' -52,321"" S";"73º 7' 47,133"" W";17 N 1371741 10793861;2190.50236657;3
2022-07-19 00:00:00;1084824000;C;000000000704;000291;340263000;1;1;0;1;40;1371784.6727;10793775.1745;7.113760978720702;-73.12938485372818;"-7º -6' -49,54"" S";"73º 7' 45,785"" W";17 N 1371785 10793775;2169.52545589;3
2022-11-28 00:00:00;45896400;A;000000000098;000089;45817000;5;1;0;1;21;1371551.2001;10794370.9676;7.119135210584487;-73.13138762398307;"-7º -7' -8,887"" S";"73º 7' 52,995"" W";17 N 1371551 10794371;2325.30895753;1
2021-10-13 00:00:00;473045972;C;000000000057;000504;347450000;0;0;0;1;66;1373249.8481;10794720.6918;7.122007737113353;-73.1160967100544;"-7º -7' -19,228"" S";"73º 6' 57,948"" W";17 N 1373250 10794721;727.573801321;4
2021-10-13 00:00:00;187716655;C;000000000023;000200;138095000;0;0;0;1;66;1373258.9758;10794708.1211;7.1218937012754875;-73.11601677072704;"-7º -7' -18,817"" S";"73º 6' 57,66"" W";17 N 1373259 10794708;713.350378548;4
2021-10-13 00:00:00;263741901;A;000000000032;000281;180189000;0;0;0;1;44;1373264.1606;10794695.9366;7.1217837323184146;-73.11597213973394;"-7º -7' -18,421"" S";"73º 6' 57,5"" W";17 N 1373264 10794696;702.805499649;4
2021-10-13 00:00:00;473045972;C;000000000057;000504;347450000;0;0;0;1;66;1373249.8481;10794720.6918;7.122007737113353;-73.1160967100544;"-7º -7' -19,228"" S";"73º 6' 57,948"" W";17 N 1373250 10794721;727.573801321;4
2021-10-13 00:00:00;379187644;C;000000000035;000404;263505000;0;0;0;1;66;1373257.9202;10794707.4176;7.121887560406406;-73.11602634781002;"-7º -7' -18,795"" S";"73º 6' 57,695"" W";17 N 1373258 10794707;713.912649852;4
2021-10-13 00:00:00;263741901;C;000000000031;000281;193480000;0;0;0;1;66;1373264.1565;10794695.9351;7.121783719509358;-73.11597217674195;"-7º -7' -18,421"" S";"73º 6' 57,5"" W";17 N 1373264 10794696;702.808334968;4
2021-04-15 00:00:00;2963175894;C;000000000156;001063;2035460000;0;1;1;1;69;1373256.104;10794710.5002;7.121915459454404;-73.11604216434066;"-7º -7' -18,896"" S";"73º 6' 57,752"" W";17 N 1373256 10794711;717.027830445;4
2022-01-26 00:00:00;1668959999;C;000000000090;000800;1493853000;0;1;0;1;69;1373259.1467;10794699.6201;7.121817507254785;-73.11601654707012;"-7º -7' -18,543"" S";"73º 6' 57,66"" W";17 N 1373259 10794700;708.982386171;4
2021-12-16 00:00:00;1376727190;C;000000000003;000030;53921000;0;1;0;1;79;1373266.0874;10794726.8472;7.122060390370157;-73.11595009544439;"-7º -7' -19,417"" S";"73º 6' 57,42"" W";17 N 1373266 10794727;716.845728863;4
2022-12-09 00:00:00;160637400;C;000000000003;000030;53921000;0;1;0;1;79;1373270.8607;10794727.66;7.1220669386075635;-73.11590715375372;"-7º -7' -19,441"" S";"73º 6' 57,266"" W";17 N 1373271 10794728;713.215122647;4
2022-11-04 00:00:00;1051181541;C;000000000019;000223;400741000;0;1;0;1;79;1373273.5584;10794713.2882;7.121937754380876;-73.11588516900117;"-7º -7' -18,976"" S";"73º 6' 57,187"" W";17 N 1373274 10794713;703.414582917;4
2022-09-14 00:00:00;234175949;C;000000000004;000047;84462000;0;1;0;1;79;1373281.0028;10794706.2965;7.121873964542391;-73.11581946965636;"-7º -7' -18,746"" S";"73º 6' 56,95"" W";17 N 1373281 10794706;693.43537134;4
2021-11-23 00:00:00;232068887;C;000000000004;000045;80867000;0;1;0;1;79;1373267.4621;10794698.4198;7.121805473541409;-73.11594214283602;"-7º -7' -18,5"" S";"73º 6' 57,392"" W";17 N 1373267 10794698;701.158765489;4
2021-12-16 00:00:00;1376727190;C;000000000004;000045;80867000;0;1;0;1;79;1373260.7408;10794694.4364;7.1217708168263725;-73.11600304638142;"-7º -7' -18,375"" S";"73º 6' 57,611"" W";17 N 1373261 10794694;705.054466748;4
2021-12-16 00:00:00;1376727190;C;000000000004;000045;80867000;0;1;0;1;79;1373253.9349;10794690.4044;7.121735737658206;-73.11606471627034;"-7º -7' -18,249"" S";"73º 6' 57,833"" W";17 N 1373254 10794690;709.065855178;4
2021-12-16 00:00:00;1376727190;C;000000000003;000040;71895000;0;1;0;1;79;1373251.4732;10794695.5586;7.1217822972397675;-73.11608600388352;"-7º -7' -18,416"" S";"73º 6' 57,91"" W";17 N 1373251 10794696;713.702899153;4
2021-12-16 00:00:00;1376727190;C;000000000004;000041;73677000;0;1;0;1;79;1373257.3894;10794699.1895;7.12181391947394;-73.11603237636571;"-7º -7' -18,53"" S";"73º 6' 57,717"" W";17 N 1373257 10794699;710.301647102;4
2022-05-20 00:00:00;200275199;C;000000000003;000040;71895000;0;1;0;1;79;1373265.2112;10794703.6856;7.121853000609647;-73.115961522362;"-7º -7' -18,671"" S";"73º 6' 57,461"" W";17 N 1373265 10794704;705.732305439;4
2022-05-17 00:00:00;187757999;C;000000000004;000042;75488000;0;1;0;1;79;1373278.5953;10794711.4508;7.1219205166730095;-73.11584027103375;"-7º -7' -18,914"" S";"73º 6' 57,025"" W";17 N 1373279 10794711;698.151757337;4
2022-03-11 00:00:00;297283500;C;000000000005;000060;107814000;0;1;0;1;79;1373235.9823;10794703.7943;7.1218584709389265;-73.11622368882706;"-7º -7' -18,69"" S";"73º 6' 58,405"" W";17 N 1373236 10794704;731.244952096;4
2021-04-09 00:00:00;175340937;C;000000000003;000034;61110000;0;1;0;1;79;1373240.4706;10794707.7171;7.121892928230848;-73.11618282459422;"-7º -7' -18,815"" S";"73º 6' 58,258"" W";17 N 1373240 10794708;729.22880303;4
2021-10-14 00:00:00;173514469;C;000000000003;000034;61110000;0;1;0;1;79;1373244.8101;10794709.9485;7.121912253698932;-73.11614355559851;"-7º -7' -18,884"" S";"73º 6' 58,117"" W";17 N 1373245 10794710;726.547708762;4
2021-10-15 00:00:00;170183851;C;000000000003;000033;59299000;0;1;0;1;79;1373248.9325;10794711.7781;7.121928012486962;-73.11610629587422;"-7º -7' -18,941"" S";"73º 6' 57,983"" W";17 N 1373249 10794712;723.877297033;4
2022-04-26 00:00:00;190261439;C;000000000003;000038;68300000;0;1;0;1;79;1373253.0057;10794715.6787;7.121962334700562;-73.1160691584984;"-7º -7' -19,064"" S";"73º 6' 57,849"" W";17 N 1373253 10794716;722.311487433;4
2022-10-05 00:00:00;206533799;C;000000000003;000036;64706000;0;1;0;1;79;1373262.0851;10794719.6821;7.121996807832121;-73.11598709966981;"-7º -7' -19,189"" S";"73º 6' 57,554"" W";17 N 1373262 10794720;716.542257201;4
2021-12-27 00:00:00;162393705;C;000000000003;000033;59299000;0;1;0;1;79;1373266.002;10794722.6167;7.122022498846468;-73.11595151308236;"-7º -7' -19,281"" S";"73º 6' 57,425"" W";17 N 1373266 10794723;714.708892679;4
2021-11-12 00:00:00;279342180;C;000000000005;000056;100625000;0;1;0;1;79;1373271.0553;10794724.7987;7.122041271842959;-73.11590584890507;"-7º -7' -19,349"" S";"73º 6' 57,261"" W";17 N 1373271 10794725;711.542079028;4
2021-08-30 00:00:00;242383060;C;000000000004;000047;84462000;0;1;0;1;79;1373281.0028;10794706.2965;7.121873964542391;-73.11581946965636;"-7º -7' -18,746"" S";"73º 6' 56,95"" W";17 N 1373281 10794706;693.43537134;4
2021-11-12 00:00:00;232068887;C;000000000004;000045;80867000;0;1;0;1;79;1373274.343;10794702.4625;7.121840637004932;-73.11587979854274;"-7º -7' -18,626"" S";"73º 6' 57,167"" W";17 N 1373274 10794702;697.220912424;4
2021-11-26 00:00:00;232068887;C;000000000004;000045;80867000;0;1;0;1;79;1373267.4621;10794698.4198;7.121805473541409;-73.11594214283602;"-7º -7' -18,5"" S";"73º 6' 57,392"" W";17 N 1373267 10794698;701.158765489;4
2022-04-26 00:00:00;234697499;C;000000000004;000045;80867000;0;1;0;1;79;1373260.7408;10794694.4364;7.1217708168263725;-73.11600304638142;"-7º -7' -18,375"" S";"73º 6' 57,611"" W";17 N 1373261 10794694;705.054466748;4
2022-04-05 00:00:00;213835499;C;000000000004;000045;80867000;0;1;0;1;79;1373253.9349;10794690.4044;7.121735737658206;-73.11606471627034;"-7º -7' -18,249"" S";"73º 6' 57,833"" W";17 N 1373254 10794690;709.065855178;4
2021-05-07 00:00:00;242383060;C;000000000004;000047;84462000;0;1;0;1;79;1373247.0266;10794686.3047;7.121700067641093;-73.11612731511025;"-7º -7' -18,12"" S";"73º 6' 58,058"" W";17 N 1373247 10794686;713.200949731;4
2022-04-26 00:00:00;205907939;C;000000000004;000042;75488000;0;1;0;1;79;1373243.4877;10794691.0245;7.1217429007683455;-73.11615833212116;"-7º -7' -18,274"" S";"73º 6' 58,17"" W";17 N 1373243 10794691;718.548192757;4
2022-05-20 00:00:00;200275199;C;000000000003;000040;71895000;0;1;0;1;79;1373251.4732;10794695.5586;7.1217822972397675;-73.11608600388352;"-7º -7' -18,416"" S";"73º 6' 57,91"" W";17 N 1373251 10794696;713.702899153;4
2022-03-11 00:00:00;211135998;C;000000000003;000040;71895000;0;1;0;1;79;1373265.2112;10794703.6856;7.121853000609647;-73.115961522362;"-7º -7' -18,671"" S";"73º 6' 57,461"" W";17 N 1373265 10794704;705.732305439;4
2022-03-23 00:00:00;187757999;C;000000000003;000040;71895000;0;1;0;1;79;1373270.7217;10794707.2676;7.121884247085848;-73.11591154149664;"-7º -7' -18,783"" S";"73º 6' 57,282"" W";17 N 1373271 10794707;702.77500054;4
2021-09-14 00:00:00;201206519;C;000000000004;000042;75488000;0;1;0;1;79;1373278.5953;10794711.4508;7.1219205166730095;-73.11584027103375;"-7º -7' -18,914"" S";"73º 6' 57,025"" W";17 N 1373279 10794711;698.151757337;4
2021-10-12 00:00:00;223473743;C;000000000005;000060;107814000;0;1;0;1;79;1373235.9823;10794703.7943;7.1218584709389265;-73.11622368882706;"-7º -7' -18,69"" S";"73º 6' 58,405"" W";17 N 1373236 10794704;731.244952096;4
2021-03-16 00:00:00;164382129;C;000000000003;000034;61110000;0;1;0;1;79;1373240.4706;10794707.7171;7.121892928230848;-73.11618282459422;"-7º -7' -18,815"" S";"73º 6' 58,258"" W";17 N 1373240 10794708;729.22880303;4
2022-07-01 00:00:00;190261439;C;000000000003;000038;68300000;0;1;0;1;79;1373253.0057;10794715.6787;7.121962334700562;-73.1160691584984;"-7º -7' -19,064"" S";"73º 6' 57,849"" W";17 N 1373253 10794716;722.311487433;4
2021-12-21 00:00:00;165026764;C;000000000003;000032;57515000;0;1;0;1;79;1373258.2614;10794717.4057;7.121976999849764;-73.11602174887372;"-7º -7' -19,117"" S";"73º 6' 57,678"" W";17 N 1373258 10794717;718.659558182;4
2021-12-28 00:00:00;180551743;C;000000000003;000036;64706000;0;1;0;1;79;1373262.0851;10794719.6821;7.121996807832121;-73.11598709966981;"-7º -7' -19,189"" S";"73º 6' 57,554"" W";17 N 1373262 10794720;716.542257201;4
2022-04-04 00:00:00;274543920;C;000000000005;000056;100625000;0;1;0;1;79;1373271.0553;10794724.7987;7.122041271842959;-73.11590584890507;"-7º -7' -19,349"" S";"73º 6' 57,261"" W";17 N 1373271 10794725;711.542079028;4
2022-06-09 00:00:00;157716720;C;000000000004;000045;80867000;0;1;0;1;79;1373274.343;10794702.4625;7.121840637004932;-73.11587979854274;"-7º -7' -18,626"" S";"73º 6' 57,167"" W";17 N 1373274 10794702;697.220912424;4
2022-05-20 00:00:00;225309599;C;000000000004;000045;80867000;0;1;0;1;79;1373260.7408;10794694.4364;7.1217708168263725;-73.11600304638142;"-7º -7' -18,375"" S";"73º 6' 57,611"" W";17 N 1373261 10794694;705.054466748;4
2021-10-22 00:00:00;242383060;C;000000000004;000047;84462000;0;1;0;1;79;1373247.0266;10794686.3047;7.121700067641093;-73.11612731511025;"-7º -7' -18,12"" S";"73º 6' 58,058"" W";17 N 1373247 10794686;713.200949731;4
2021-12-14 00:00:00;216597628;C;000000000004;000042;75488000;0;1;0;1;79;1373243.4877;10794691.0245;7.1217429007683455;-73.11615833212116;"-7º -7' -18,274"" S";"73º 6' 58,17"" W";17 N 1373243 10794691;718.548192757;4
2021-12-27 00:00:00;181615392;C;000000000003;000040;71895000;0;1;0;1;79;1373251.4732;10794695.5586;7.1217822972397675;-73.11608600388352;"-7º -7' -18,416"" S";"73º 6' 57,91"" W";17 N 1373251 10794696;713.702899153;4
2022-03-24 00:00:00;192451949;C;000000000004;000042;75488000;0;1;0;1;79;1373257.3894;10794699.1895;7.12181391947394;-73.11603237636571;"-7º -7' -18,53"" S";"73º 6' 57,717"" W";17 N 1373257 10794699;710.301647102;4
2021-05-07 00:00:00;190180453;C;000000000003;000040;71895000;0;1;0;1;79;1373270.7217;10794707.2676;7.121884247085848;-73.11591154149664;"-7º -7' -18,783"" S";"73º 6' 57,282"" W";17 N 1373271 10794707;702.77500054;4
2022-12-01 00:00:00;147702960;C;000000000004;000044;79084000;0;1;0;1;79;1373278.5953;10794711.4508;7.1219205166730095;-73.11584027103375;"-7º -7' -18,914"" S";"73º 6' 57,025"" W";17 N 1373279 10794711;698.151757337;4
2021-12-10 00:00:00;204134669;C;000000000008;000032;64502000;0;1;0;1;79;1373235.9823;10794703.7943;7.1218584709389265;-73.11622368882706;"-7º -7' -18,69"" S";"73º 6' 58,405"" W";17 N 1373236 10794704;731.244952096;4
2021-12-14 00:00:00;167068111;C;000000000003;000034;61110000;0;1;0;1;79;1373240.4706;10794707.7171;7.121892928230848;-73.11618282459422;"-7º -7' -18,815"" S";"73º 6' 58,258"" W";17 N 1373240 10794708;729.22880303;4
2021-10-14 00:00:00;170183851;C;000000000003;000033;59299000;0;1;0;1;79;1373244.8101;10794709.9485;7.121912253698932;-73.11614355559851;"-7º -7' -18,884"" S";"73º 6' 58,117"" W";17 N 1373245 10794710;726.547708762;4
2022-01-20 00:00:00;183585600;C;000000000003;000038;68300000;0;1;0;1;79;1373248.9232;10794711.63;7.121926686962767;-73.11610640210542;"-7º -7' -18,936"" S";"73º 6' 57,983"" W";17 N 1373249 10794712;723.811531658;4
2021-11-04 00:00:00;162877978;C;000000000003;000032;57515000;0;1;0;1;79;1373253.0057;10794715.6787;7.121962334700562;-73.1160691584984;"-7º -7' -19,064"" S";"73º 6' 57,849"" W";17 N 1373253 10794716;722.311487433;4
2021-12-22 00:00:00;185655110;C;000000000003;000036;64706000;0;1;0;1;79;1373258.2614;10794717.4057;7.121976999849764;-73.11602174887372;"-7º -7' -19,117"" S";"73º 6' 57,678"" W";17 N 1373258 10794717;718.659558182;4
2021-09-14 00:00:00;312648363;A;000000000007;000085;140953000;3;2;0;1;81;1373280.0739;10794708.6491;7.121895186389785;-73.11582743952815;"-7º -7' -18,823"" S";"73º 6' 56,979"" W";17 N 1373280 10794709;695.440534545;4
2021-09-02 00:00:00;364896094;A;000000000007;000085;140953000;3;2;0;1;81;1373272.6948;10794704.7567;7.12186144625385;-73.11589422953175;"-7º -7' -18,701"" S";"73º 6' 57,219"" W";17 N 1373273 10794705;699.802060468;4
2022-03-11 00:00:00;385946999;A;000000000007;000085;140953000;3;2;0;1;81;1373266.6511;10794700.7111;7.121826128015276;-73.11594906459712;"-7º -7' -18,574"" S";"73º 6' 57,417"" W";17 N 1373267 10794701;703.000668197;4
2021-11-12 00:00:00;370665585;A;000000000007;000085;140953000;3;2;0;1;81;1373259.2967;10794696.485;7.121789394137136;-73.11601568443211;"-7º -7' -18,442"" S";"73º 6' 57,656"" W";17 N 1373259 10794696;707.314609343;4
2021-05-07 00:00:00;339508188;A;000000000007;000085;140953000;3;2;0;1;81;1373253.0415;10794692.4277;7.1217540035693;-73.11607241844541;"-7º -7' -18,314"" S";"73º 6' 57,861"" W";17 N 1373253 10794692;710.820301567;4
2021-11-04 00:00:00;339508188;A;000000000007;000085;140953000;3;2;0;1;81;1373245.5256;10794688.1391;7.121716734503111;-73.11614049655356;"-7º -7' -18,18"" S";"73º 6' 58,106"" W";17 N 1373246 10794688;715.388917286;4
2021-04-19 00:00:00;339508188;A;000000000007;000085;140953000;3;2;0;1;81;1373243.0499;10794708.4022;7.1218986698482265;-73.11615958275213;"-7º -7' -18,835"" S";"73º 6' 58,174"" W";17 N 1373243 10794708;727.317057394;4
2022-04-25 00:00:00;302816837;A;000000000007;000085;140953000;3;2;0;1;81;1373253.2943;10794714.3933;7.121950773303922;-73.11606676773386;"-7º -7' -19,023"" S";"73º 6' 57,84"" W";17 N 1373253 10794714;721.413843037;4
2022-07-06 00:00:00;322945680;A;000000000007;000085;140953000;3;2;0;1;81;1373264.0925;10794720.6721;7.1220053692713226;-73.11596894081025;"-7º -7' -19,219"" S";"73º 6' 57,488"" W";17 N 1373264 10794721;715.333226174;4
2021-02-25 00:00:00;318020328;A;000000000007;000085;140953000;3;2;0;1;81;1373280.0739;10794708.6491;7.121895186389785;-73.11582743952815;"-7º -7' -18,823"" S";"73º 6' 56,979"" W";17 N 1373280 10794709;695.440534545;4
2021-12-16 00:00:00;335973435;A;000000000007;000085;140953000;3;2;0;1;81;1373272.6948;10794704.7567;7.12186144625385;-73.11589422953175;"-7º -7' -18,701"" S";"73º 6' 57,219"" W";17 N 1373273 10794705;699.802060468;4
2021-09-02 00:00:00;370665585;A;000000000007;000085;140953000;3;2;0;1;81;1373266.6511;10794700.7111;7.121826128015276;-73.11594906459712;"-7º -7' -18,574"" S";"73º 6' 57,417"" W";17 N 1373267 10794701;703.000668197;4
2022-04-05 00:00:00;307352533;A;000000000007;000085;140953000;3;2;0;1;81;1373259.2967;10794696.485;7.121789394137136;-73.11601568443211;"-7º -7' -18,442"" S";"73º 6' 57,656"" W";17 N 1373259 10794696;707.314609343;4
2021-05-07 00:00:00;339508188;A;000000000007;000085;140953000;3;2;0;1;81;1373253.0415;10794692.4277;7.1217540035693;-73.11607241844541;"-7º -7' -18,314"" S";"73º 6' 57,861"" W";17 N 1373253 10794692;710.820301567;4
2021-03-05 00:00:00;339508188;A;000000000007;000085;140953000;3;2;0;1;81;1373245.5256;10794688.1391;7.121716734503111;-73.11614049655356;"-7º -7' -18,18"" S";"73º 6' 58,106"" W";17 N 1373246 10794688;715.388917286;4
2021-02-25 00:00:00;318020328;A;000000000007;000085;140953000;3;2;0;1;81;1373253.2943;10794714.3933;7.121950773303922;-73.11606676773386;"-7º -7' -19,023"" S";"73º 6' 57,84"" W";17 N 1373253 10794714;721.413843037;4
2021-07-19 00:00:00;318020328;A;000000000007;000085;140953000;3;2;0;1;81;1373264.0925;10794720.6721;7.1220053692713226;-73.11596894081025;"-7º -7' -19,219"" S";"73º 6' 57,488"" W";17 N 1373264 10794721;715.333226174;4
2021-09-06 00:00:00;318020328;A;000000000007;000085;140953000;3;2;0;1;81;1373280.0739;10794708.6491;7.121895186389785;-73.11582743952815;"-7º -7' -18,823"" S";"73º 6' 56,979"" W";17 N 1373280 10794709;695.440534545;4
2022-04-21 00:00:00;308757600;A;000000000007;000085;140953000;3;2;0;1;81;1373272.6948;10794704.7567;7.12186144625385;-73.11589422953175;"-7º -7' -18,701"" S";"73º 6' 57,219"" W";17 N 1373273 10794705;699.802060468;4
2021-02-25 00:00:00;318020328;A;000000000007;000085;140953000;3;2;0;1;81;1373266.6511;10794700.7111;7.121826128015276;-73.11594906459712;"-7º -7' -18,574"" S";"73º 6' 57,417"" W";17 N 1373267 10794701;703.000668197;4
2021-02-04 00:00:00;337359402;A;000000000007;000085;140953000;3;2;0;1;81;1373259.2967;10794696.485;7.121789394137136;-73.11601568443211;"-7º -7' -18,442"" S";"73º 6' 57,656"" W";17 N 1373259 10794696;707.314609343;4
2021-03-02 00:00:00;344622298;A;000000000007;000085;140953000;3;2;0;1;81;1373245.5256;10794688.1391;7.121716734503111;-73.11614049655356;"-7º -7' -18,18"" S";"73º 6' 58,106"" W";17 N 1373246 10794688;715.388917286;4
2022-03-11 00:00:00;359869500;A;000000000007;000085;140953000;3;2;0;1;81;1373243.0499;10794708.4022;7.1218986698482265;-73.11615958275213;"-7º -7' -18,835"" S";"73º 6' 58,174"" W";17 N 1373243 10794708;727.317057394;4
2021-05-07 00:00:00;357594519;A;000000000007;000085;140953000;3;2;0;1;81;1373253.2943;10794714.3933;7.121950773303922;-73.11606676773386;"-7º -7' -19,023"" S";"73º 6' 57,84"" W";17 N 1373253 10794714;721.413843037;4
2021-01-27 00:00:00;348103332;A;000000000007;000085;140953000;3;2;0;1;81;1373280.0739;10794708.6491;7.121895186389785;-73.11582743952815;"-7º -7' -18,823"" S";"73º 6' 56,979"" W";17 N 1373280 10794709;695.440534545;4
2021-03-17 00:00:00;339508188;A;000000000007;000085;140953000;3;2;0;1;81;1373266.6511;10794700.7111;7.121826128015276;-73.11594906459712;"-7º -7' -18,574"" S";"73º 6' 57,417"" W";17 N 1373267 10794701;703.000668197;4
2021-07-16 00:00:00;370665585;A;000000000007;000085;140953000;3;2;0;1;81;1373259.2967;10794696.485;7.121789394137136;-73.11601568443211;"-7º -7' -18,442"" S";"73º 6' 57,656"" W";17 N 1373259 10794696;707.314609343;4
2021-01-07 00:00:00;365293620;A;000000000007;000085;140953000;3;2;0;1;81;1373245.5256;10794688.1391;7.121716734503111;-73.11614049655356;"-7º -7' -18,18"" S";"73º 6' 58,106"" W";17 N 1373246 10794688;715.388917286;4
2021-03-02 00:00:00;348103332;A;000000000007;000085;140953000;3;2;0;1;81;1373243.0499;10794708.4022;7.1218986698482265;-73.11615958275213;"-7º -7' -18,835"" S";"73º 6' 58,174"" W";17 N 1373243 10794708;727.317057394;4
2022-06-14 00:00:00;305628300;A;000000000007;000085;140953000;3;2;0;1;81;1373272.6948;10794704.7567;7.12186144625385;-73.11589422953175;"-7º -7' -18,701"" S";"73º 6' 57,219"" W";17 N 1373273 10794705;699.802060468;4
2021-05-11 00:00:00;339508188;A;000000000007;000085;140953000;3;2;0;1;81;1373266.6511;10794700.7111;7.121826128015276;-73.11594906459712;"-7º -7' -18,574"" S";"73º 6' 57,417"" W";17 N 1373267 10794701;703.000668197;4
2021-11-16 00:00:00;329301454;A;000000000007;000085;140953000;3;2;0;1;81;1373259.2967;10794696.485;7.121789394137136;-73.11601568443211;"-7º -7' -18,442"" S";"73º 6' 57,656"" W";17 N 1373259 10794696;707.314609343;4
2021-03-19 00:00:00;339508188;A;000000000007;000085;140953000;3;2;0;1;81;1373253.0415;10794692.4277;7.1217540035693;-73.11607241844541;"-7º -7' -18,314"" S";"73º 6' 57,861"" W";17 N 1373253 10794692;710.820301567;4
2021-05-07 00:00:00;339508188;A;000000000007;000085;140953000;3;2;0;1;81;1373245.5256;10794688.1391;7.121716734503111;-73.11614049655356;"-7º -7' -18,18"" S";"73º 6' 58,106"" W";17 N 1373246 10794688;715.388917286;4
2022-05-26 00:00:00;328054950;A;000000000007;000085;140953000;3;2;0;1;81;1373243.0499;10794708.4022;7.1218986698482265;-73.11615958275213;"-7º -7' -18,835"" S";"73º 6' 58,174"" W";17 N 1373243 10794708;727.317057394;4
2021-02-04 00:00:00;339508188;A;000000000007;000085;140953000;3;2;0;1;81;1373253.2943;10794714.3933;7.121950773303922;-73.11606676773386;"-7º -7' -19,023"" S";"73º 6' 57,84"" W";17 N 1373253 10794714;721.413843037;4
2021-07-16 00:00:00;315157070;A;000000000007;000085;140953000;3;2;0;1;81;1373264.0925;10794720.6721;7.1220053692713226;-73.11596894081025;"-7º -7' -19,219"" S";"73º 6' 57,488"" W";17 N 1373264 10794721;715.333226174;4
2022-11-24 00:00:00;396377999;A;000000000007;000085;140953000;3;2;0;1;81;1373280.0739;10794708.6491;7.121895186389785;-73.11582743952815;"-7º -7' -18,823"" S";"73º 6' 56,979"" W";17 N 1373280 10794709;695.440534545;4
2021-03-02 00:00:00;339508188;A;000000000007;000085;140953000;3;2;0;1;81;1373266.6511;10794700.7111;7.121826128015276;-73.11594906459712;"-7º -7' -18,574"" S";"73º 6' 57,417"" W";17 N 1373267 10794701;703.000668197;4
2021-01-07 00:00:00;339508188;A;000000000007;000085;140953000;3;2;0;1;81;1373253.0415;10794692.4277;7.1217540035693;-73.11607241844541;"-7º -7' -18,314"" S";"73º 6' 57,861"" W";17 N 1373253 10794692;710.820301567;4
2021-02-09 00:00:00;338433795;A;000000000007;000085;140953000;3;2;0;1;81;1373245.5256;10794688.1391;7.121716734503111;-73.11614049655356;"-7º -7' -18,18"" S";"73º 6' 58,106"" W";17 N 1373246 10794688;715.388917286;4
2021-03-02 00:00:00;339826469;A;000000000007;000085;140953000;3;2;0;1;81;1373243.0499;10794708.4022;7.1218986698482265;-73.11615958275213;"-7º -7' -18,835"" S";"73º 6' 58,174"" W";17 N 1373243 10794708;727.317057394;4
2021-03-11 00:00:00;318020328;A;000000000007;000085;140953000;3;2;0;1;81;1373264.0925;10794720.6721;7.1220053692713226;-73.11596894081025;"-7º -7' -19,219"" S";"73º 6' 57,488"" W";17 N 1373264 10794721;715.333226174;4
2021-11-29 00:00:00;318020328;A;000000000007;000085;140953000;3;2;0;1;81;1373280.0739;10794708.6491;7.121895186389785;-73.11582743952815;"-7º -7' -18,823"" S";"73º 6' 56,979"" W";17 N 1373280 10794709;695.440534545;4
2021-03-26 00:00:00;314698751;A;000000000007;000085;140953000;3;2;0;1;81;1373272.6948;10794704.7567;7.12186144625385;-73.11589422953175;"-7º -7' -18,701"" S";"73º 6' 57,219"" W";17 N 1373273 10794705;699.802060468;4
2021-10-06 00:00:00;370665585;A;000000000007;000085;140953000;3;2;0;1;81;1373259.2967;10794696.485;7.121789394137136;-73.11601568443211;"-7º -7' -18,442"" S";"73º 6' 57,656"" W";17 N 1373259 10794696;707.314609343;4
2022-07-26 00:00:00;329619600;A;000000000007;000085;140953000;3;2;0;1;81;1373253.0415;10794692.4277;7.1217540035693;-73.11607241844541;"-7º -7' -18,314"" S";"73º 6' 57,861"" W";17 N 1373253 10794692;710.820301567;4
2021-01-07 00:00:00;347619855;A;000000000007;000085;140953000;3;2;0;1;81;1373245.5256;10794688.1391;7.121716734503111;-73.11614049655356;"-7º -7' -18,18"" S";"73º 6' 58,106"" W";17 N 1373246 10794688;715.388917286;4
2021-03-02 00:00:00;339508188;A;000000000007;000085;140953000;3;2;0;1;81;1373243.0499;10794708.4022;7.1218986698482265;-73.11615958275213;"-7º -7' -18,835"" S";"73º 6' 58,174"" W";17 N 1373243 10794708;727.317057394;4
2021-02-25 00:00:00;328837209;A;000000000007;000085;140953000;3;2;0;1;81;1373253.2943;10794714.3933;7.121950773303922;-73.11606676773386;"-7º -7' -19,023"" S";"73º 6' 57,84"" W";17 N 1373253 10794714;721.413843037;4
2021-10-13 00:00:00;318020328;A;000000000007;000085;140953000;3;2;0;1;81;1373264.0925;10794720.6721;7.1220053692713226;-73.11596894081025;"-7º -7' -19,219"" S";"73º 6' 57,488"" W";17 N 1373264 10794721;715.333226174;4
2021-05-06 00:00:00;318020328;A;000000000007;000085;140953000;3;2;0;1;81;1373272.6948;10794704.7567;7.12186144625385;-73.11589422953175;"-7º -7' -18,701"" S";"73º 6' 57,219"" W";17 N 1373273 10794705;699.802060468;4
2022-11-04 00:00:00;319271528;A;000000000007;000085;140953000;3;2;0;1;81;1373266.6511;10794700.7111;7.121826128015276;-73.11594906459712;"-7º -7' -18,574"" S";"73º 6' 57,417"" W";17 N 1373267 10794701;703.000668197;4
2021-03-03 00:00:00;348103332;A;000000000007;000085;140953000;3;2;0;1;81;1373259.2967;10794696.485;7.121789394137136;-73.11601568443211;"-7º -7' -18,442"" S";"73º 6' 57,656"" W";17 N 1373259 10794696;707.314609343;4
2021-08-04 00:00:00;343483442;A;000000000007;000085;140953000;3;2;0;1;81;1373253.0415;10794692.4277;7.1217540035693;-73.11607241844541;"-7º -7' -18,314"" S";"73º 6' 57,861"" W";17 N 1373253 10794692;710.820301567;4
2021-01-12 00:00:00;339508188;A;000000000007;000085;140953000;3;2;0;1;81;1373243.0499;10794708.4022;7.1218986698482265;-73.11615958275213;"-7º -7' -18,835"" S";"73º 6' 58,174"" W";17 N 1373243 10794708;727.317057394;4
2021-02-04 00:00:00;339508188;A;000000000007;000085;140953000;3;2;0;1;81;1373253.2943;10794714.3933;7.121950773303922;-73.11606676773386;"-7º -7' -19,023"" S";"73º 6' 57,84"" W";17 N 1373253 10794714;721.413843037;4
2021-05-20 00:00:00;318020328;A;000000000007;000085;140953000;3;2;0;1;81;1373264.0925;10794720.6721;7.1220053692713226;-73.11596894081025;"-7º -7' -19,219"" S";"73º 6' 57,488"" W";17 N 1373264 10794721;715.333226174;4
2021-05-07 00:00:00;314797149;A;000000000007;000085;140953000;3;2;0;1;81;1373280.0739;10794708.6491;7.121895186389785;-73.11582743952815;"-7º -7' -18,823"" S";"73º 6' 56,979"" W";17 N 1373280 10794709;695.440534545;4
2021-08-02 00:00:00;347028939;A;000000000007;000085;140953000;3;2;0;1;81;1373266.6511;10794700.7111;7.121826128015276;-73.11594906459712;"-7º -7' -18,574"" S";"73º 6' 57,417"" W";17 N 1373267 10794701;703.000668197;4
2021-11-26 00:00:00;322369094;A;000000000007;000085;140953000;3;2;0;1;81;1373259.2967;10794696.485;7.121789394137136;-73.11601568443211;"-7º -7' -18,442"" S";"73º 6' 57,656"" W";17 N 1373259 10794696;707.314609343;4
2021-07-16 00:00:00;318020328;A;000000000007;000085;140953000;3;2;0;1;81;1373245.5256;10794688.1391;7.121716734503111;-73.11614049655356;"-7º -7' -18,18"" S";"73º 6' 58,106"" W";17 N 1373246 10794688;715.388917286;4
2021-12-24 00:00:00;359921655;A;000000000007;000085;140953000;3;2;0;1;81;1373243.0499;10794708.4022;7.1218986698482265;-73.11615958275213;"-7º -7' -18,835"" S";"73º 6' 58,174"" W";17 N 1373243 10794708;727.317057394;4
2021-04-09 00:00:00;339508188;A;000000000007;000085;140953000;3;2;0;1;81;1373253.2943;10794714.3933;7.121950773303922;-73.11606676773386;"-7º -7' -19,023"" S";"73º 6' 57,84"" W";17 N 1373253 10794714;721.413843037;4
2022-07-11 00:00:00;308757600;A;000000000007;000085;201546000;3;2;0;1;88;1373264.0925;10794720.6721;7.1220053692713226;-73.11596894081025;"-7º -7' -19,219"" S";"73º 6' 57,488"" W";17 N 1373264 10794721;715.333226174;4
2021-01-12 00:00:00;316945935;A;000000000007;000085;140953000;3;2;0;1;81;1373280.0739;10794708.6491;7.121895186389785;-73.11582743952815;"-7º -7' -18,823"" S";"73º 6' 56,979"" W";17 N 1373280 10794709;695.440534545;4
2021-06-24 00:00:00;370665585;A;000000000007;000085;140953000;3;2;0;1;81;1373272.6948;10794704.7567;7.12186144625385;-73.11589422953175;"-7º -7' -18,701"" S";"73º 6' 57,219"" W";17 N 1373273 10794705;699.802060468;4
2021-04-22 00:00:00;366765538;A;000000000007;000085;140953000;3;2;0;1;81;1373266.6511;10794700.7111;7.121826128015276;-73.11594906459712;"-7º -7' -18,574"" S";"73º 6' 57,417"" W";17 N 1373267 10794701;703.000668197;4
2021-07-16 00:00:00;367442406;A;000000000007;000085;140953000;3;2;0;1;81;1373259.2967;10794696.485;7.121789394137136;-73.11601568443211;"-7º -7' -18,442"" S";"73º 6' 57,656"" W";17 N 1373259 10794696;707.314609343;4
2021-03-16 00:00:00;339508188;A;000000000007;000085;140953000;3;2;0;1;81;1373253.0415;10794692.4277;7.1217540035693;-73.11607241844541;"-7º -7' -18,314"" S";"73º 6' 57,861"" W";17 N 1373253 10794692;710.820301567;4
2022-01-20 00:00:00;331573326;A;000000000007;000085;140953000;3;2;0;1;81;1373245.5256;10794688.1391;7.121716734503111;-73.11614049655356;"-7º -7' -18,18"" S";"73º 6' 58,106"" W";17 N 1373246 10794688;715.388917286;4
2021-05-07 00:00:00;318020328;A;000000000007;000085;140953000;3;2;0;1;81;1373253.2943;10794714.3933;7.121950773303922;-73.11606676773386;"-7º -7' -19,023"" S";"73º 6' 57,84"" W";17 N 1373253 10794714;721.413843037;4
2021-07-21 00:00:00;318020328;A;000000000007;000085;140953000;3;2;0;1;81;1373264.0925;10794720.6721;7.1220053692713226;-73.11596894081025;"-7º -7' -19,219"" S";"73º 6' 57,488"" W";17 N 1373264 10794721;715.333226174;4
2021-02-25 00:00:00;314797149;A;000000000007;000085;140953000;3;2;0;1;81;1373280.0739;10794708.6491;7.121895186389785;-73.11582743952815;"-7º -7' -18,823"" S";"73º 6' 56,979"" W";17 N 1373280 10794709;695.440534545;4
2021-12-17 00:00:00;318020328;A;000000000007;000085;140953000;3;2;0;1;81;1373272.6948;10794704.7567;7.12186144625385;-73.11589422953175;"-7º -7' -18,701"" S";"73º 6' 57,219"" W";17 N 1373273 10794705;699.802060468;4
2021-02-11 00:00:00;343805760;A;000000000007;000085;140953000;3;2;0;1;81;1373266.6511;10794700.7111;7.121826128015276;-73.11594906459712;"-7º -7' -18,574"" S";"73º 6' 57,417"" W";17 N 1373267 10794701;703.000668197;4
2021-11-23 00:00:00;339508188;A;000000000007;000085;140953000;3;2;0;1;81;1373259.2967;10794696.485;7.121789394137136;-73.11601568443211;"-7º -7' -18,442"" S";"73º 6' 57,656"" W";17 N 1373259 10794696;707.314609343;4
2021-03-31 00:00:00;318020328;A;000000000007;000085;140953000;3;2;0;1;81;1373245.5256;10794688.1391;7.121716734503111;-73.11614049655356;"-7º -7' -18,18"" S";"73º 6' 58,106"" W";17 N 1373246 10794688;715.388917286;4
2021-12-24 00:00:00;392153444;A;000000000007;000085;140953000;3;2;0;1;81;1373243.0499;10794708.4022;7.1218986698482265;-73.11615958275213;"-7º -7' -18,835"" S";"73º 6' 58,174"" W";17 N 1373243 10794708;727.317057394;4
2021-11-04 00:00:00;305605525;A;000000000007;000085;140953000;3;2;0;1;81;1373264.0925;10794720.6721;7.1220053692713226;-73.11596894081025;"-7º -7' -19,219"" S";"73º 6' 57,488"" W";17 N 1373264 10794721;715.333226174;4
2021-02-11 00:00:00;313204162;A;000000000007;000085;140953000;3;2;0;1;81;1373272.6948;10794704.7567;7.12186144625385;-73.11589422953175;"-7º -7' -18,701"" S";"73º 6' 57,219"" W";17 N 1373273 10794705;699.802060468;4
2021-03-02 00:00:00;318020328;A;000000000007;000085;140953000;3;2;0;1;81;1373259.2967;10794696.485;7.121789394137136;-73.11601568443211;"-7º -7' -18,442"" S";"73º 6' 57,656"" W";17 N 1373259 10794696;707.314609343;4
2021-06-10 00:00:00;339508188;A;000000000007;000085;140953000;3;2;0;1;81;1373253.0415;10794692.4277;7.1217540035693;-73.11607241844541;"-7º -7' -18,314"" S";"73º 6' 57,861"" W";17 N 1373253 10794692;710.820301567;4
2021-07-16 00:00:00;315871542;A;000000000007;000085;140953000;3;2;0;1;81;1373245.5256;10794688.1391;7.121716734503111;-73.11614049655356;"-7º -7' -18,18"" S";"73º 6' 58,106"" W";17 N 1373246 10794688;715.388917286;4
2021-06-10 00:00:00;315764148;A;000000000007;000085;140953000;3;2;0;1;81;1373253.2943;10794714.3933;7.121950773303922;-73.11606676773386;"-7º -7' -19,023"" S";"73º 6' 57,84"" W";17 N 1373253 10794714;721.413843037;4
2021-05-06 00:00:00;318020328;A;000000000007;000085;140953000;3;2;0;1;81;1373280.0739;10794708.6491;7.121895186389785;-73.11582743952815;"-7º -7' -18,823"" S";"73º 6' 56,979"" W";17 N 1373280 10794709;695.440534545;4
2021-01-27 00:00:00;339508188;A;000000000007;000085;140953000;3;2;0;1;81;1373272.6948;10794704.7567;7.12186144625385;-73.11589422953175;"-7º -7' -18,701"" S";"73º 6' 57,219"" W";17 N 1373273 10794705;699.802060468;4
2021-09-13 00:00:00;354549690;A;000000000007;000085;140953000;3;2;0;1;81;1373266.6511;10794700.7111;7.121826128015276;-73.11594906459712;"-7º -7' -18,574"" S";"73º 6' 57,417"" W";17 N 1373267 10794701;703.000668197;4
2021-02-11 00:00:00;339508188;A;000000000007;000085;140953000;3;2;0;1;81;1373259.2967;10794696.485;7.121789394137136;-73.11601568443211;"-7º -7' -18,442"" S";"73º 6' 57,656"" W";17 N 1373259 10794696;707.314609343;4
2021-04-12 00:00:00;339508188;A;000000000007;000085;140953000;3;2;0;1;81;1373253.0415;10794692.4277;7.1217540035693;-73.11607241844541;"-7º -7' -18,314"" S";"73º 6' 57,861"" W";17 N 1373253 10794692;710.820301567;4
2021-03-02 00:00:00;318020328;A;000000000007;000085;140953000;3;2;0;1;81;1373245.5256;10794688.1391;7.121716734503111;-73.11614049655356;"-7º -7' -18,18"" S";"73º 6' 58,106"" W";17 N 1373246 10794688;715.388917286;4
2021-04-20 00:00:00;339508188;A;000000000007;000085;140953000;3;2;0;1;81;1373243.0499;10794708.4022;7.1218986698482265;-73.11615958275213;"-7º -7' -18,835"" S";"73º 6' 58,174"" W";17 N 1373243 10794708;727.317057394;4
2021-03-11 00:00:00;370665585;A;000000000007;000085;140953000;3;2;0;1;81;1373253.2943;10794714.3933;7.121950773303922;-73.11606676773386;"-7º -7' -19,023"" S";"73º 6' 57,84"" W";17 N 1373253 10794714;721.413843037;4
2022-10-07 00:00:00;308757600;A;000000000007;000085;140953000;3;2;0;1;81;1373264.0925;10794720.6721;7.1220053692713226;-73.11596894081025;"-7º -7' -19,219"" S";"73º 6' 57,488"" W";17 N 1373264 10794721;715.333226174;4
2021-03-16 00:00:00;318020328;A;000000000007;000085;140953000;3;2;0;1;81;1373280.0739;10794708.6491;7.121895186389785;-73.11582743952815;"-7º -7' -18,823"" S";"73º 6' 56,979"" W";17 N 1373280 10794709;695.440534545;4
2021-10-15 00:00:00;318020328;A;000000000007;000085;140953000;3;2;0;1;81;1373272.6948;10794704.7567;7.12186144625385;-73.11589422953175;"-7º -7' -18,701"" S";"73º 6' 57,219"" W";17 N 1373273 10794705;699.802060468;4
2021-04-15 00:00:00;318020328;A;000000000007;000085;140953000;3;2;0;1;81;1373266.6511;10794700.7111;7.121826128015276;-73.11594906459712;"-7º -7' -18,574"" S";"73º 6' 57,417"" W";17 N 1373267 10794701;703.000668197;4
2021-03-23 00:00:00;339508188;A;000000000007;000085;140953000;3;2;0;1;81;1373253.0415;10794692.4277;7.1217540035693;-73.11607241844541;"-7º -7' -18,314"" S";"73º 6' 57,861"" W";17 N 1373253 10794692;710.820301567;4
2021-02-04 00:00:00;348103332;A;000000000007;000085;140953000;3;2;0;1;81;1373245.5256;10794688.1391;7.121716734503111;-73.11614049655356;"-7º -7' -18,18"" S";"73º 6' 58,106"" W";17 N 1373246 10794688;715.388917286;4
2022-03-09 00:00:00;385946999;A;000000000007;000085;140953000;3;2;0;1;81;1373243.0499;10794708.4022;7.1218986698482265;-73.11615958275213;"-7º -7' -18,835"" S";"73º 6' 58,174"" W";17 N 1373243 10794708;727.317057394;4
2021-08-12 00:00:00;318020328;A;000000000007;000085;140953000;3;2;0;1;81;1373253.2943;10794714.3933;7.121950773303922;-73.11606676773386;"-7º -7' -19,023"" S";"73º 6' 57,84"" W";17 N 1373253 10794714;721.413843037;4
2022-06-14 00:00:00;312930000;A;000000000007;000085;140953000;3;2;0;1;81;1373264.0925;10794720.6721;7.1220053692713226;-73.11596894081025;"-7º -7' -19,219"" S";"73º 6' 57,488"" W";17 N 1373264 10794721;715.333226174;4
2022-05-03 00:00:00;213835672;A;000000000007;000085;140953000;3;2;0;1;81;1373280.0739;10794708.6491;7.121895186389785;-73.11582743952815;"-7º -7' -18,823"" S";"73º 6' 56,979"" W";17 N 1373280 10794709;695.440534545;4
2021-10-04 00:00:00;318020328;A;000000000007;000085;140953000;3;2;0;1;81;1373272.6948;10794704.7567;7.12186144625385;-73.11589422953175;"-7º -7' -18,701"" S";"73º 6' 57,219"" W";17 N 1373273 10794705;699.802060468;4
2021-05-07 00:00:00;354549690;A;000000000007;000085;140953000;3;2;0;1;81;1373259.2967;10794696.485;7.121789394137136;-73.11601568443211;"-7º -7' -18,442"" S";"73º 6' 57,656"" W";17 N 1373259 10794696;707.314609343;4
2021-02-09 00:00:00;330231912;A;000000000007;000085;140953000;3;2;0;1;81;1373253.0415;10794692.4277;7.1217540035693;-73.11607241844541;"-7º -7' -18,314"" S";"73º 6' 57,861"" W";17 N 1373253 10794692;710.820301567;4
2021-12-24 00:00:00;365293620;A;000000000007;000085;140953000;3;2;0;1;81;1373245.5256;10794688.1391;7.121716734503111;-73.11614049655356;"-7º -7' -18,18"" S";"73º 6' 58,106"" W";17 N 1373246 10794688;715.388917286;4
2021-09-06 00:00:00;339508188;A;000000000007;000085;140953000;3;2;0;1;81;1373243.0499;10794708.4022;7.1218986698482265;-73.11615958275213;"-7º -7' -18,835"" S";"73º 6' 58,174"" W";17 N 1373243 10794708;727.317057394;4
2021-10-15 00:00:00;313738211;A;000000000007;000085;140953000;3;2;0;1;81;1373264.0925;10794720.6721;7.1220053692713226;-73.11596894081025;"-7º -7' -19,219"" S";"73º 6' 57,488"" W";17 N 1373264 10794721;715.333226174;4
2021-02-09 00:00:00;423132224;A;000000000007;000085;140953000;3;2;0;1;81;1373280.0739;10794708.6491;7.121895186389785;-73.11582743952815;"-7º -7' -18,823"" S";"73º 6' 56,979"" W";17 N 1373280 10794709;695.440534545;4
2022-06-09 00:00:00;216130319;A;000000000007;000085;140953000;3;2;0;1;81;1373266.6511;10794700.7111;7.121826128015276;-73.11594906459712;"-7º -7' -18,574"" S";"73º 6' 57,417"" W";17 N 1373267 10794701;703.000668197;4
2021-12-28 00:00:00;311573970;A;000000000007;000085;140953000;3;2;0;1;81;1373259.2967;10794696.485;7.121789394137136;-73.11601568443211;"-7º -7' -18,442"" S";"73º 6' 57,656"" W";17 N 1373259 10794696;707.314609343;4
2021-03-02 00:00:00;318020328;A;000000000007;000085;140953000;3;2;0;1;81;1373253.0415;10794692.4277;7.1217540035693;-73.11607241844541;"-7º -7' -18,314"" S";"73º 6' 57,861"" W";17 N 1373253 10794692;710.820301567;4
2021-12-07 00:00:00;318020328;A;000000000007;000085;140953000;3;2;0;1;81;1373245.5256;10794688.1391;7.121716734503111;-73.11614049655356;"-7º -7' -18,18"" S";"73º 6' 58,106"" W";17 N 1373246 10794688;715.388917286;4
2022-07-22 00:00:00;329619600;A;000000000007;000085;140953000;3;2;0;1;81;1373243.0499;10794708.4022;7.1218986698482265;-73.11615958275213;"-7º -7' -18,835"" S";"73º 6' 58,174"" W";17 N 1373243 10794708;727.317057394;4
2021-03-02 00:00:00;339508188;A;000000000007;000085;140953000;3;2;0;1;81;1373253.2943;10794714.3933;7.121950773303922;-73.11606676773386;"-7º -7' -19,023"" S";"73º 6' 57,84"" W";17 N 1373253 10794714;721.413843037;4
2021-02-19 00:00:00;315388065;A;000000000007;000085;140953000;3;2;0;1;81;1373264.0925;10794720.6721;7.1220053692713226;-73.11596894081025;"-7º -7' -19,219"" S";"73º 6' 57,488"" W";17 N 1373264 10794721;715.333226174;4
2021-06-10 00:00:00;339508188;A;000000000007;000085;140953000;3;2;0;1;81;1373280.0739;10794708.6491;7.121895186389785;-73.11582743952815;"-7º -7' -18,823"" S";"73º 6' 56,979"" W";17 N 1373280 10794709;695.440534545;4
2022-06-14 00:00:00;304848061;A;000000000007;000085;140953000;3;2;0;1;81;1373272.6948;10794704.7567;7.12186144625385;-73.11589422953175;"-7º -7' -18,701"" S";"73º 6' 57,219"" W";17 N 1373273 10794705;699.802060468;4
2021-09-21 00:00:00;318020328;A;000000000007;000085;140953000;3;2;0;1;81;1373266.6511;10794700.7111;7.121826128015276;-73.11594906459712;"-7º -7' -18,574"" S";"73º 6' 57,417"" W";17 N 1373267 10794701;703.000668197;4
2022-01-07 00:00:00;304898373;A;000000000007;000085;140953000;3;2;0;1;81;1373259.2967;10794696.485;7.121789394137136;-73.11601568443211;"-7º -7' -18,442"" S";"73º 6' 57,656"" W";17 N 1373259 10794696;707.314609343;4
2021-02-11 00:00:00;323566476;A;000000000007;000085;140953000;3;2;0;1;81;1373253.0415;10794692.4277;7.1217540035693;-73.11607241844541;"-7º -7' -18,314"" S";"73º 6' 57,861"" W";17 N 1373253 10794692;710.820301567;4
2021-05-07 00:00:00;314797149;A;000000000007;000085;140953000;3;2;0;1;81;1373245.5256;10794688.1391;7.121716734503111;-73.11614049655356;"-7º -7' -18,18"" S";"73º 6' 58,106"" W";17 N 1373246 10794688;715.388917286;4
2022-12-01 00:00:00;333792000;A;000000000142;000228;328371000;4;3;4;3;48;1373624.7311;10795036.759;7.124781947672972;-73.11268531162048;"-7º -7' -29,215"" S";"73º 6' 45,667"" W";17 N 1373625 10795037;730.611261909;4
2022-02-10 00:00:00;271206000;A;000000000026;000095;87676000;3;3;0;3;55;1373216.1989;10794119.9479;7.1166303288793005;-73.1164910312954;"-7º -6' -59,869"" S";"73º 6' 59,368"" W";17 N 1373216 10794120;699.44234302;0
2022-09-01 00:00:00;151249500;A;000000000083;000116;147392000;4;2;0;2;49;1373861.2646;10795472.5269;7.128649889956996;-73.11049640694137;"-7º -7' -43,14"" S";"73º 6' 37,787"" W";17 N 1373861 10795473;1121.759812;3
2022-10-14 00:00:00;83448000;A;000000000014;000022;34314000;1;1;0;0;60;1373909.9708;10794894.2517;7.123461198036995;-73.11014869693389;"-7º -7' -24,46"" S";"73º 6' 36,535"" W";17 N 1373910 10794894;544.416865866;0
2022-12-27 00:00:00;172111500;A;000000000116;000285;161219000;3;3;0;3;35;1373909.4903;10795417.3136;7.128147762857977;-73.11007234037598;"-7º -7' -41,332"" S";"73º 6' 36,26"" W";17 N 1373909 10795417;1066.95666157;3
2022-05-23 00:00:00;93878999;A;000000000114;000096;88404000;3;2;0;1;33;1373934.5816;10795376.2646;7.12777610910441;-73.10985360444744;"-7º -7' -39,994"" S";"73º 6' 35,473"" W";17 N 1373935 10795376;1027.04314754;3
2022-06-07 00:00:00;31292999;A;000000000011;000022;19609000;2;1;0;1;54;1373945.2603;10795353.8094;7.127573271468706;-73.1097612808668;"-7º -7' -39,264"" S";"73º 6' 35,141"" W";17 N 1373945 10795354;1005.29952105;3
2022-10-10 00:00:00;102223799;A;000000000116;000108;99383000;3;1;0;1;37;1373929.8487;10795353.5119;7.1275729805431585;-73.10989956840504;"-7º -7' -39,263"" S";"73º 6' 35,638"" W";17 N 1373930 10795354;1004.06482519;3
2022-11-11 00:00:00;90749700;A;000000000103;000095;89225000;5;1;0;1;38;1373918.7314;10795372.0851;7.1277411041570256;-73.10999642516865;"-7º -7' -39,868"" S";"73º 6' 35,987"" W";17 N 1373919 10795372;1022.09166423;3
2022-01-06 00:00:00;177327000;A;000000000067;000075;69918000;3;2;0;1;44;1374045.1039;10795268.327;7.126791990320784;-73.10887887527107;"-7º -7' -36,451"" S";"73º 6' 31,964"" W";17 N 1374045 10795268;932.835344646;4
2021-11-12 00:00:00;182646810;A;000000000142;000179;173448000;3;3;0;2;41;1374157.2405;10795297.7025;7.127037906217169;-73.10786848594174;"-7º -7' -37,336"" S";"73º 6' 28,327"" W";17 N 1374157 10795298;987.59893049;4
2021-04-23 00:00:00;333061830;A;000000000140;000234;186924000;5;4;0;2;38;1374183.1247;10795494.1291;7.128793834785002;-73.10760599532209;"-7º -7' -43,658"" S";"73º 6' 27,382"" W";17 N 1374183 10795494;1183.68447506;4
2021-10-21 00:00:00;461988989;C;000000000059;000076;231735000;0;2;1;1;66;1374008.0773;10793781.2937;7.113474307995318;-73.10944017035789;"-7º -6' -48,508"" S";"73º 6' 33,985"" W";17 N 1374008 10793781;584.593583014;5
2021-09-01 00:00:00;188018775;C;000000000026;000034;100838000;0;1;1;1;64;1374007.0512;10793786.4388;7.1135205644227755;-73.10944858199903;"-7º -6' -48,674"" S";"73º 6' 34,015"" W";17 N 1374007 10793786;579.349592857;5
2022-01-19 00:00:00;140818500;C;000000000027;000036;98386000;0;1;1;1;57;1374003.764;10793793.6383;7.113585575413401;-73.10947695870522;"-7º -6' -48,908"" S";"73º 6' 34,117"" W";17 N 1374004 10793794;571.596487289;5
2021-09-07 00:00:00;150415020;C;000000000028;000036;103577000;0;1;1;1;60;1374002.9554;10793797.6951;7.113622047539298;-73.109483586993;"-7º -6' -49,039"" S";"73º 6' 34,141"" W";17 N 1374003 10793798;567.461511926;5
2022-01-03 00:00:00;229481999;C;000000000033;000043;122900000;0;1;1;1;60;1374003.9246;10793802.1216;7.113661558672928;-73.10947421203245;"-7º -6' -49,182"" S";"73º 6' 34,107"" W";17 N 1374004 10793802;563.365884448;5
2022-04-19 00:00:00;721199340;C;000000000214;000279;721123000;0;1;1;2;51;1374006.0011;10793790.2278;7.113554674272628;-73.10945741770148;"-7º -6' -48,797"" S";"73º 6' 34,047"" W";17 N 1374006 10793790;575.421416966;5
2021-12-24 00:00:00;558684360;A;000000000094;000175;232897000;4;4;0;3;69;1374496.971;10793302.0302;7.1091050849353445;-73.10512877483728;"-7º -6' -32,778"" S";"73º 6' 18,464"" W";17 N 1374497 10793302;1218.66512644;5
2021-02-09 00:00:00;553312395;A;000000000095;000177;235497000;4;4;0;3;69;1374492.296;10793282.0189;7.108926510100355;-73.1051737880212;"-7º -6' -32,135"" S";"73º 6' 18,626"" W";17 N 1374492 10793282;1233.5891304;5
2021-02-04 00:00:00;349177725;A;000000000207;000164;228820000;3;2;0;2;40;1374448.315;10793410.8184;7.11008726889144;-73.10554844727754;"-7º -6' -36,314"" S";"73º 6' 19,974"" W";17 N 1374448 10793411;1100.34423946;4
2022-01-14 00:00:00;260774999;A;000000000068;000112;117212000;3;2;0;2;60;1374407.9117;10793414.9803;7.110130771300684;-73.10591020570916;"-7º -6' -36,471"" S";"73º 6' 21,277"" W";17 N 1374408 10793415;1076.27583978;4
2021-06-01 00:00:00;155786985;A;000000000014;000050;52013000;2;2;0;4;58;1374318.9922;10793211.7904;7.108323932676885;-73.10673904998708;"-7º -6' -29,966"" S";"73º 6' 24,261"" W";17 N 1374319 10793212;1222.03494261;4
2022-08-19 00:00:00;229481999;A;000000000019;000071;73332000;3;2;0;5;58;1374318.5742;10793211.6874;7.1083230740887515;-73.10674281510354;"-7º -6' -29,963"" S";"73º 6' 24,274"" W";17 N 1374319 10793212;1221.97964306;4
2022-09-08 00:00:00;177327000;A;000000000019;000071;73332000;3;2;0;6;58;1374318.5742;10793211.6874;7.1083230740887515;-73.10674281510354;"-7º -6' -29,963"" S";"73º 6' 24,274"" W";17 N 1374319 10793212;1221.97964306;4
2021-06-08 00:00:00;128927159;A;000000000016;000059;60400000;2;2;0;6;58;1374326.1502;10793210.8342;7.1083142650915105;-73.10667499324452;"-7º -6' -29,931"" S";"73º 6' 24,03"" W";17 N 1374326 10793211;1225.53488699;4
2021-06-03 00:00:00;155786985;A;000000000019;000071;73332000;3;2;0;7;58;1374318.5742;10793211.6874;7.1083230740887515;-73.10674281510354;"-7º -6' -29,963"" S";"73º 6' 24,274"" W";17 N 1374319 10793212;1221.97964306;4
2022-10-12 00:00:00;245010316;A;000000000016;000059;60400000;2;2;0;7;58;1374326.1502;10793210.8342;7.1083142650915105;-73.10667499324452;"-7º -6' -29,931"" S";"73º 6' 24,03"" W";17 N 1374326 10793211;1225.53488699;4
2021-09-02 00:00:00;171902880;A;000000000019;000071;73332000;3;2;0;8;58;1374318.5742;10793211.6874;7.1083230740887515;-73.10674281510354;"-7º -6' -29,963"" S";"73º 6' 24,274"" W";17 N 1374319 10793212;1221.97964306;4
2021-03-23 00:00:00;139671090;A;000000000016;000059;60400000;2;2;0;8;58;1374326.1502;10793210.8342;7.1083142650915105;-73.10667499324452;"-7º -6' -29,931"" S";"73º 6' 24,03"" W";17 N 1374326 10793211;1225.53488699;4
2022-12-22 00:00:00;248043130;A;000000000016;000059;60400000;2;2;0;9;58;1374326.1502;10793210.8342;7.1083142650915105;-73.10667499324452;"-7º -6' -29,931"" S";"73º 6' 24,03"" W";17 N 1374326 10793211;1225.53488699;4
2021-07-08 00:00:00;155786985;A;000000000019;000071;73332000;3;2;0;10;58;1374318.5742;10793211.6874;7.1083230740887515;-73.10674281510354;"-7º -6' -29,963"" S";"73º 6' 24,274"" W";17 N 1374319 10793212;1221.97964306;4
2021-01-14 00:00:00;139671090;A;000000000016;000059;60400000;2;2;0;10;58;1374326.1502;10793210.8342;7.1083142650915105;-73.10667499324452;"-7º -6' -29,931"" S";"73º 6' 24,03"" W";17 N 1374326 10793211;1225.53488699;4
2021-07-08 00:00:00;247110389;A;000000000026;000095;98443000;3;3;0;11;58;1374318.424;10793211.8135;7.108324226991005;-73.1067441429201;"-7º -6' -29,967"" S";"73º 6' 24,279"" W";17 N 1374318 10793212;1221.80774361;4
2021-06-08 00:00:00;193390739;A;000000000023;000087;89500000;3;3;0;11;58;1374326.2369;10793210.5094;7.108311341667033;-73.1066742655743;"-7º -6' -29,921"" S";"73º 6' 24,027"" W";17 N 1374326 10793211;1225.86884372;4
2022-08-05 00:00:00;406808999;A;000000000164;000121;220478000;3;3;0;3;63;1374621.8773;10793101.8566;7.10729240133084;-73.1040392451105;"-7º -6' -26,253"" S";"73º 6' 14,541"" W";17 N 1374622 10793102;1454.55715958;5
2022-01-05 00:00:00;333792000;A;000000000164;000121;220478000;3;3;0;3;63;1374594.2903;10793059.3929;7.10691618489665;-73.10429322167074;"-7º -6' -24,898"" S";"73º 6' 15,456"" W";17 N 1374594 10793059;1477.58127267;5
2022-08-22 00:00:00;349438500;A;000000000164;000121;220478000;3;3;0;3;63;1374593.2956;10793051.9947;7.106850052869312;-73.10430328230647;"-7º -6' -24,66"" S";"73º 6' 15,492"" W";17 N 1374593 10793052;1483.57110302;5
2021-04-21 00:00:00;10743930;A;000000000002;000014;6277000;0;0;0;1;59;1374268.6832;10795613.7117;7.129852064021853;-73.10682008185266;"-7º -7' -47,467"" S";"73º 6' 24,552"" W";17 N 1374269 10795614;1322.36118902;4
2022-05-25 00:00:00;10431000;A;000000000002;000013;6062000;0;0;0;1;59;1374275.8667;10795620.1416;7.129908566080803;-73.10675465359492;"-7º -7' -47,671"" S";"73º 6' 24,317"" W";17 N 1374276 10795620;1330.64178967;4
2021-11-26 00:00:00;10743930;A;000000000002;000012;5688000;0;0;0;1;59;1374297.6443;10795632.6554;7.130017327412221;-73.10655737773949;"-7º -7' -48,062"" S";"73º 6' 23,607"" W";17 N 1374298 10795633;1349.22316574;4
2021-04-26 00:00:00;10743930;A;000000000002;000012;5673000;0;0;0;1;59;1374296.0064;10795629.9424;7.1299932724464306;-73.10657248845494;"-7º -7' -47,976"" S";"73º 6' 23,661"" W";17 N 1374296 10795630;1346.13460857;4
2021-02-10 00:00:00;10743930;A;000000000002;000014;6287000;0;0;0;1;59;1374290.1754;10795621.6213;7.129919617423125;-73.10662607683317;"-7º -7' -47,711"" S";"73º 6' 23,854"" W";17 N 1374290 10795622;1336.41380108;4
2021-08-13 00:00:00;10743930;A;000000000002;000012;5652000;0;0;0;1;59;1374288.5662;10795619.2143;7.129898299674506;-73.10664088286167;"-7º -7' -47,634"" S";"73º 6' 23,907"" W";17 N 1374289 10795619;1333.62708747;4
2022-02-02 00:00:00;10431000;A;000000000002;000013;5742000;0;0;0;1;59;1374282.6918;10795612.4673;7.129838754694013;-73.10669461750442;"-7º -7' -47,42"" S";"73º 6' 24,101"" W";17 N 1374283 10795612;1325.39956121;4
2021-05-18 00:00:00;10743930;A;000000000002;000015;7018000;0;0;0;1;59;1374277.7466;10795608.3088;7.1298022584766585;-73.10673961766102;"-7º -7' -47,288"" S";"73º 6' 24,263"" W";17 N 1374278 10795608;1319.92987208;4
2022-09-15 00:00:00;15646499;A;000000000002;000012;5619000;0;0;0;1;59;1374283.2543;10795606.0476;7.1297811497054155;-73.10669056294333;"-7º -7' -47,212"" S";"73º 6' 24,086"" W";17 N 1374283 10795606;1319.46368662;4
2021-07-14 00:00:00;13967108;A;000000000002;000014;6191000;0;0;0;1;59;1374280.1102;10795624.9024;7.129950566881214;-73.10671585465204;"-7º -7' -47,822"" S";"73º 6' 24,177"" W";17 N 1374280 10795625;1336.45943883;4
2021-02-09 00:00:00;13967108;A;000000000002;000014;6277000;0;0;0;1;59;1374283.6694;10795630.242;7.12999785902825;-73.10668310448521;"-7º -7' -47,992"" S";"73º 6' 24,059"" W";17 N 1374284 10795630;1342.6258882;4
2021-03-05 00:00:00;12892715;A;000000000002;000014;6277000;0;0;0;1;59;1374294.021;10795627.4268;7.129971039694574;-73.10659068575085;"-7º -7' -47,896"" S";"73º 6' 23,726"" W";17 N 1374294 10795627;1343.1259427;4
2021-07-14 00:00:00;13967108;A;000000000002;000014;6277000;0;0;0;1;59;1374275.2672;10795606.1638;7.129783422314771;-73.10676218888284;"-7º -7' -47,22"" S";"73º 6' 24,344"" W";17 N 1374275 10795606;1317.13367341;4
2021-01-14 00:00:00;13967108;A;000000000002;000012;5710000;0;0;0;1;59;1374270.501;10795601.8314;7.129745340396573;-73.10680561025492;"-7º -7' -47,083"" S";"73º 6' 24,5"" W";17 N 1374271 10795602;1311.56539138;4
2021-02-17 00:00:00;13967108;A;000000000002;000014;6277000;0;0;0;1;59;1374276.7352;10795600.3658;7.129731247918813;-73.10674991604465;"-7º -7' -47,032"" S";"73º 6' 24,3"" W";17 N 1374277 10795600;1312.05621133;4
2021-03-23 00:00:00;10743930;A;000000000002;000013;6053000;0;0;0;1;59;1374285.29;10795607.8255;7.129796765186589;-73.10667202835924;"-7º -7' -47,268"" S";"73º 6' 24,019"" W";17 N 1374285 10795608;1321.78336493;4
2021-12-28 00:00:00;10743930;A;000000000002;000013;6062000;0;0;0;1;59;1374294.9592;10795619.4203;7.129899159621294;-73.10658350617902;"-7º -7' -47,637"" S";"73º 6' 23,701"" W";17 N 1374295 10795619;1335.8122445;4
2021-05-14 00:00:00;10743930;A;000000000002;000013;6062000;0;0;0;1;59;1374298.3116;10795624.3696;7.129942986685106;-73.10655267125799;"-7º -7' -47,795"" S";"73º 6' 23,59"" W";17 N 1374298 10795624;1341.56370349;4
2021-08-12 00:00:00;10743930;A;000000000002;000014;6191000;0;0;0;1;59;1374263.8962;10795609.7676;7.129817464340132;-73.10686362987158;"-7º -7' -47,343"" S";"73º 6' 24,709"" W";17 N 1374264 10795610;1317.17900335;4
2021-06-11 00:00:00;10743930;A;000000000002;000014;6191000;0;0;0;1;59;1374266.0478;10795611.8658;7.129835931739849;-73.10684400622023;"-7º -7' -47,409"" S";"73º 6' 24,638"" W";17 N 1374266 10795612;1319.81808473;4
2022-04-18 00:00:00;10431000;A;000000000002;000012;5673000;0;0;0;1;59;1374275.8667;10795620.1416;7.129908566080803;-73.10675465359492;"-7º -7' -47,671"" S";"73º 6' 24,317"" W";17 N 1374276 10795620;1330.64178967;4
2021-05-19 00:00:00;10743930;A;000000000002;000014;6268000;0;0;0;1;59;1374280.1102;10795624.9024;7.129950566881214;-73.10671585465204;"-7º -7' -47,822"" S";"73º 6' 24,177"" W";17 N 1374280 10795625;1336.45943883;4
2021-06-08 00:00:00;10743930;A;000000000002;000012;5652000;0;0;0;1;59;1374283.6694;10795630.242;7.12999785902825;-73.10668310448521;"-7º -7' -47,992"" S";"73º 6' 24,059"" W";17 N 1374284 10795630;1342.6258882;4
2021-03-05 00:00:00;10743930;A;000000000002;000015;7018000;0;0;0;1;59;1374289.0111;10795638.4217;7.1300703226112505;-73.10663392691295;"-7º -7' -48,253"" S";"73º 6' 23,882"" W";17 N 1374289 10795638;1352.04299788;4
2021-03-29 00:00:00;10743930;A;000000000002;000013;5742000;0;0;0;1;59;1374292.7606;10795646.7638;7.130144486729725;-73.10659900620517;"-7º -7' -48,52"" S";"73º 6' 23,756"" W";17 N 1374293 10795647;1361.13177176;4
2021-03-08 00:00:00;10743930;A;000000000003;000016;7091000;0;0;0;1;59;1374298.7881;10795664.2323;7.130300068877401;-73.10654224292627;"-7º -7' -49,08"" S";"73º 6' 23,552"" W";17 N 1374299 10795664;1379.60675481;4
2021-01-27 00:00:00;250749359;A;000000000010;000063;70363000;3;1;0;1;70;1374302.6083;10795614.148;7.129850742256026;-73.10651570808817;"-7º -7' -47,463"" S";"73º 6' 23,457"" W";17 N 1374303 10795614;1333.23184795;4
2021-07-12 00:00:00;584764712;A;000000000565;000221;339599000;4;3;0;3;64;1374389.7472;10795258.6804;7.126652447638269;-73.10578894689013;"-7º -7' -35,949"" S";"73º 6' 20,84"" W";17 N 1374390 10795259;1042.89174212;6
2022-11-16 00:00:00;8344799;A;000000000110;000110;6502000;0;0;0;0;20;1374595.0768;10795719.1289;7.130746224367165;-73.10387607697524;"-7º -7' -50,686"" S";"73º 6' 13,954"" W";17 N 1374595 10795719;1545.50904876;1
2022-12-21 00:00:00;130387499;A;000000000130;000123;125003000;4;3;0;2;50;1374534.1206;10794640.5069;7.121091602682227;-73.10458931402646;"-7º -7' -15,93"" S";"73º 6' 16,522"" W";17 N 1374534 10794641;718.649433897;4
2022-05-19 00:00:00;636291000;A;000000000137;000111;112466000;4;2;0;2;45;1374518.6176;10794565.8799;7.1204253619603834;-73.10473988035594;"-7º -7' -13,531"" S";"73º 6' 17,064"" W";17 N 1374519 10794566;677.23290225;4
2021-12-02 00:00:00;601660080;A;000000000132;000111;112081000;4;2;0;2;46;1374506.244;10794542.9707;7.120222010215594;-73.10485440079098;"-7º -7' -12,799"" S";"73º 6' 17,476"" W";17 N 1374506 10794543;658.466681615;4
2022-10-20 00:00:00;568489500;A;000000000141;000158;162764000;3;2;0;2;48;1374414.5154;10794385.7127;7.118827163573482;-73.10570142592165;"-7º -7' -7,778"" S";"73º 6' 20,525"" W";17 N 1374415 10794386;539.220122466;4
2022-12-12 00:00:00;625860000;A;000000000557;000257;494036000;4;2;0;2;51;1374758.279;10794076.5044;7.1160038522288875;-73.10266565075021;"-7º -6' -57,614"" S";"73º 6' 9,596"" W";17 N 1374758 10794077;923.5516357;6
2021-03-12 00:00:00;859514399;C;000000000451;000413;147000000;0;2;2;3;35;1372309.0065;10795232.581;7.126738945082118;-73.12445736382347;"-7º -7' -36,26"" S";"73º 7' 28,047"" W";17 N 1372309 10795233;1798.39015395;3
2022-07-27 00:00:00;287374050;A;000000000126;000180;287076000;5;2;0;2;60;1372533.6327;10795193.9499;7.126358264154499;-73.12244835875774;"-7º -7' -34,89"" S";"73º 7' 20,814"" W";17 N 1372534 10795194;1585.51827557;4
2022-07-06 00:00:00;563274000;A;000000000323;000315;414435000;0;0;4;1;40;1372590.2286;10795221.9315;7.126600273672804;-73.12193637179938;"-7º -7' -35,761"" S";"73º 7' 18,971"" W";17 N 1372590 10795222;1553.39723977;4
2022-09-23 00:00:00;107439299;C;000000000100;000068;104892000;2;1;0;1;25;1371725.7592;10795636.8118;7.130450574255626;-73.12962707514531;"-7º -7' -49,622"" S";"73º 7' 46,657"" W";17 N 1371726 10795637;2505.79307575;2
2022-12-13 00:00:00;57370499;C;000000000034;000034;56343000;0;1;1;1;28;1371763.1948;10795421.8011;7.128518291816113;-73.12932435669833;"-7º -7' -42,666"" S";"73º 7' 45,568"" W";17 N 1371763 10795422;2369.09783166;2
2021-04-12 00:00:00;85951440;C;000000000066;000066;78439000;0;1;1;1;27;1371755.6111;10795415.9562;7.1284670864321305;-73.12939328521072;"-7º -7' -42,482"" S";"73º 7' 45,816"" W";17 N 1371756 10795416;2373.23606082;2
2022-11-30 00:00:00;93878999;B;000000000063;000063;75415000;0;1;1;1;28;1371759.7269;10795416.9111;7.128475009800268;-73.12935621780413;"-7º -7' -42,51"" S";"73º 7' 45,682"" W";17 N 1371760 10795417;2369.98811937;2
2022-10-03 00:00:00;1251720000;C;000000000328;000106;334830000;0;0;0;0;80;1371840.4569;10795268.7735;7.127135267671313;-73.12865483558178;"-7º -7' -37,687"" S";"73º 7' 43,157"" W";17 N 1371840 10795269;2233.31647019;2
2022-10-03 00:00:00;417239999;C;000000000086;000075;166006000;0;1;4;2;60;1371815.6145;10795261.0764;7.127070118938285;-73.12887886576263;"-7º -7' -37,452"" S";"73º 7' 43,964"" W";17 N 1371816 10795261;2252.86594745;2
2022-10-03 00:00:00;730170000;C;000000000111;000145;234192000;0;0;0;0;69;1371808.2774;10795262.6915;7.127085718143139;-73.1289444338031;"-7º -7' -37,509"" S";"73º 7' 44,2"" W";17 N 1371808 10795263;2260.23057971;2
2022-12-09 00:00:00;104309999;C;000000000088;000088;95523000;0;1;1;1;20;1371791.5906;10795626.8618;7.130351298582743;-73.1290380693728;"-7º -7' -49,265"" S";"73º 7' 44,537"" W";17 N 1371792 10795627;2444.31568133;3
2022-04-08 00:00:00;281637000;B;000000000189;000207;281501000;0;1;1;2;50;1371835.8118;10795558.0864;7.1297282624033205;-73.12865197378186;"-7º -7' -47,022"" S";"73º 7' 43,147"" W";17 N 1371836 10795558;2370.96255732;3
2022-07-13 00:00:00;292068000;B;000000000226;000202;249464000;2;2;2;1;19;1371794.7493;10795610.3387;7.130202763675412;-73.12901227816229;"-7º -7' -48,73"" S";"73º 7' 44,444"" W";17 N 1371795 10795610;2433.02789305;3
2022-01-27 00:00:00;625860000;A;000000000420;000242;481784000;6;1;0;1;23;1371872.2868;10795510.3565;7.129294988265927;-73.1283321254951;"-7º -7' -45,462"" S";"73º 7' 41,996"" W";17 N 1371872 10795510;2315.37660105;3
2022-01-24 00:00:00;542412000;B;000000000488;000480;540750000;0;2;0;1;40;1371875.6229;10795481.8094;7.129038689872389;-73.12830659384792;"-7º -7' -44,539"" S";"73º 7' 41,904"" W";17 N 1371876 10795482;2298.30870344;3
2021-04-21 00:00:00;461988989;C;000000000278;000256;312902000;0;1;2;2;60;1371868.7817;10795323.3071;7.127619541739914;-73.12839235889446;"-7º -7' -39,43"" S";"73º 7' 42,212"" W";17 N 1371869 10795323;2230.7521743;3
2022-03-23 00:00:00;365085000;A;000000000365;000324;360324000;3;1;0;1;40;1371888.746;10795776.2131;7.131674563684077;-73.1281435454279;"-7º -7' -54,028"" S";"73º 7' 41,317"" W";17 N 1371889 10795776;2445.9070003;3
2021-05-06 00:00:00;993813524;C;000000000391;000433;582639000;2;1;1;1;60;1371877.9168;10795781.9325;7.131727475819308;-73.12823980750012;"-7º -7' -54,219"" S";"73º 7' 41,663"" W";17 N 1371878 10795782;2458.04091581;3
2022-12-16 00:00:00;161680500;A;000000000044;000150;92801000;2;2;0;3;60;1371848.1554;10795769.1184;7.1316172374245035;-73.12850875416898;"-7º -7' -53,822"" S";"73º 7' 42,632"" W";17 N 1371848 10795769;2474.93356564;3
2021-09-06 00:00:00;166530915;A;000000000097;000110;125221000;4;2;0;2;27;1371866.776;10795728.9941;7.131254854950366;-73.12834789754733;"-7º -7' -52,517"" S";"73º 7' 42,052"" W";17 N 1371867 10795729;2436.78174285;3
2022-09-19 00:00:00;271206000;A;000000000153;000156;196655000;3;3;3;2;40;1371899.7016;10795569.4806;7.129820531756997;-73.12807710123766;"-7º -7' -47,354"" S";"73º 7' 41,078"" W";17 N 1371900 10795569;2322.162213;3
2022-08-25 00:00:00;117870299;A;000000000088;000086;116793000;2;2;2;3;40;1371892.0447;10795567.8259;7.129806882866146;-73.12814604156951;"-7º -7' -47,305"" S";"73º 7' 41,326"" W";17 N 1371892 10795568;2327.81806463;3
2021-12-17 00:00:00;322317900;C;000000000068;000126;164470000;3;2;1;2;60;1371878.6724;10795633.6691;7.130398902017741;-73.12825585938876;"-7º -7' -49,436"" S";"73º 7' 41,721"" W";17 N 1371879 10795634;2374.14807398;3
2022-10-28 00:00:00;598870135;A;000000000291;000382;404196000;9;4;1;3;40;1371934.7659;10795531.9221;7.129478611508253;-73.12776834256546;"-7º -7' -46,123"" S";"73º 7' 39,966"" W";17 N 1371935 10795532;2272.64480975;3
2022-12-29 00:00:00;2588092519;C;000000000799;000984;1677109000;0;1;3;3;52;1371946.6335;10795361.0388;7.1279456540091335;-73.12768819159389;"-7º -7' -40,604"" S";"73º 7' 39,677"" W";17 N 1371947 10795361;2178.19338933;3
2022-12-29 00:00:00;1360993962;C;000000000422;000584;704889000;0;1;1;3;45;1371968.5967;10795358.6127;7.127920539248472;-73.12749154704977;"-7º -7' -40,514"" S";"73º 7' 38,97"" W";17 N 1371969 10795359;2157.62473466;3
2022-08-09 00:00:00;651937500;B;000000000401;000370;420455000;0;1;0;1;60;1371988.1704;10795607.5021;7.1301476033907925;-73.12727764567836;"-7º -7' -48,531"" S";"73º 7' 38,2"" W";17 N 1371988 10795608;2268.17555572;3
2022-11-23 00:00:00;151249500;A;000000000067;000196;150344000;5;2;0;3;34;1372049.8869;10795579.258;7.129885041836958;-73.12672837338302;"-7º -7' -47,586"" S";"73º 7' 36,222"" W";17 N 1372050 10795579;2201.17457487;3
2022-03-24 00:00:00;416643346;C;000000000354;000080;416643000;0;4;0;3;80;1372109.8458;10795342.1068;7.127750927391661;-73.1262270340625;"-7º -7' -39,903"" S";"73º 7' 34,417"" W";17 N 1372110 10795342;2025.67113865;3
2022-03-24 00:00:00;396430154;C;000000000342;000068;396430000;0;0;0;2;80;1372113.9685;10795335.8318;7.127694068999359;-73.12619101809824;"-7º -7' -39,699"" S";"73º 7' 34,288"" W";17 N 1372114 10795336;2019.00811714;3
2022-12-20 00:00:00;224453214;A;000000000104;000255;224453000;3;2;1;2;60;1372243.4519;10795656.6897;7.130549060085861;-73.12498009752973;"-7º -7' -49,977"" S";"73º 7' 29,928"" W";17 N 1372243 10795657;2090.87503104;3
2021-03-24 00:00:00;275044608;C;000000000172;000164;249764000;0;2;3;2;37;1372223.1205;10795446.1444;7.128665691164367;-73.12519490374174;"-7º -7' -43,196"" S";"73º 7' 30,702"" W";17 N 1372223 10795446;1983.18774144;3
2022-07-12 00:00:00;229481999;A;000000000050;000151;158883000;5;3;0;3;53;1372243.9998;10795425.3763;7.128476396631872;-73.12501080767224;"-7º -7' -42,515"" S";"73º 7' 30,039"" W";17 N 1372244 10795425;1954.3202796;3
2022-01-18 00:00:00;88663500;A;000000000010;000026;49606000;1;1;0;1;69;1372285.469;10795271.1518;7.127088160528564;-73.12466256334214;"-7º -7' -37,517"" S";"73º 7' 28,785"" W";17 N 1372285 10795271;1837.94765874;0
2021-03-03 00:00:00;146117448;A;000000000020;000053;101409000;3;2;0;1;69;1372290.1115;10795264.7606;7.127030181190582;-73.12462190280777;"-7º -7' -37,309"" S";"73º 7' 28,639"" W";17 N 1372290 10795265;1830.73170607;0
2022-11-16 00:00:00;271206000;A;000000000128;000344;266414000;6;2;0;2;60;1372207.1621;10795945.2989;7.133140596931943;-73.12526116799044;"-7º -7' -59,306"" S";"73º 7' 30,94"" W";17 N 1372207 10795945;2308.38350216;3
2022-05-13 00:00:00;417239999;A;000000000064;000189;269918000;3;4;2;4;62;1372318.2868;10795767.7682;7.131532813354804;-73.12429168934982;"-7º -7' -53,518"" S";"73º 7' 27,45"" W";17 N 1372318 10795768;2106.03605164;4
2021-10-22 00:00:00;599511294;A;000000000194;000268;344322000;5;2;0;2;45;1372271.0085;10795659.4031;7.130569132670324;-73.12473248695596;"-7º -7' -50,049"" S";"73º 7' 29,037"" W";17 N 1372271 10795659;2071.13817271;4
2022-01-27 00:00:00;312930000;B;000000000146;000354;304869000;0;2;1;3;52;1372294.798;10795589.2828;7.129937192013136;-73.12452988782998;"-7º -7' -47,774"" S";"73º 7' 28,308"" W";17 N 1372295 10795589;2008.78137477;4
2021-03-04 00:00:00;193390739;A;000000000074;000131;175061000;3;1;0;3;52;1372317.8257;10795464.8151;7.128818414522289;-73.12434249230343;"-7º -7' -43,746"" S";"73º 7' 27,633"" W";17 N 1372318 10795465;1915.74994443;4
2022-09-29 00:00:00;312930000;C;000000000150;000167;267852000;0;2;2;1;40;1372395.0793;10795419.4618;7.128400164175881;-73.12365648903898;"-7º -7' -42,241"" S";"73º 7' 25,163"" W";17 N 1372395 10795419;1826.54490528;4
2022-05-06 00:00:00;625860000;C;000000000290;000374;558037000;3;5;2;4;54;1372396.8663;10795328.7062;7.1275867173623295;-73.12365443592975;"-7º -7' -39,312"" S";"73º 7' 25,156"" W";17 N 1372397 10795329;1773.48534617;4
2021-02-16 00:00:00;537196500;C;000000000144;000265;348395000;4;4;4;3;52;1372383.1854;10795579.3573;7.129834660823825;-73.1237385525162;"-7º -7' -47,405"" S";"73º 7' 25,459"" W";17 N 1372383 10795579;1933.633475;4
2022-08-25 00:00:00;286852500;A;000000000198;000190;277440000;4;2;0;1;29;1372459.8373;10795518.9411;7.129281537406013;-73.12306026808542;"-7º -7' -45,414"" S";"73º 7' 23,017"" W";17 N 1372460 10795519;1836.05665534;4
2022-05-13 00:00:00;573705000;A;000000000190;000180;274671000;5;2;0;1;42;1372440.9501;10796005.4952;7.1336439719591995;-73.12315471903351;"-7º -8' -1,118"" S";"73º 7' 23,357"" W";17 N 1372441 10796005;2190.51737199;4
2022-03-02 00:00:00;281637000;A;000000000162;000202;279211000;4;3;0;2;46;1372477.6838;10795668.0948;7.130615208998301;-73.12287720078731;"-7º -7' -50,215"" S";"73º 7' 22,358"" W";17 N 1372478 10795668;1921.34109481;4
2021-09-16 00:00:00;193390739;A;000000000144;000123;183941000;2;2;0;2;40;1372571.674;10795430.9468;7.128475901799333;-73.12207061702101;"-7º -7' -42,513"" S";"73º 7' 19,454"" W";17 N 1372572 10795431;1693.79303322;4
2021-04-08 00:00:00;1396710900;C;000000000721;000955;981880000;0;2;1;5;48;1372523.3764;10796053.9714;7.134065628131594;-73.1224078513422;"-7º -8' -2,636"" S";"73º 7' 20,668"" W";17 N 1372523 10796054;2175.15264262;4
2021-11-18 00:00:00;150415020;A;000000000053;000114;92404000;4;1;0;2;29;1372661.4679;10795993.5615;7.133503093599874;-73.12117843472598;"-7º -8' -0,611"" S";"73º 7' 16,242"" W";17 N 1372661 10795994;2043.17178865;4
2022-09-08 00:00:00;678015000;A;000000000392;000175;438755000;5;2;0;1;24;1372657.9192;10795975.493;7.133341746934379;-73.1212130533944;"-7º -8' -0,03"" S";"73º 7' 16,367"" W";17 N 1372658 10795975;2030.8006002;4
2022-06-07 00:00:00;125171999;A;000000000029;000066;104186000;3;2;0;1;60;1372675.2559;10795879.2241;7.132476511782537;-73.1210723784681;"-7º -7' -56,915"" S";"73º 7' 15,861"" W";17 N 1372675 10795879;1943.8796937;0
2022-05-09 00:00:00;156465000;A;000000000030;000069;109082000;3;2;0;1;60;1372686.8325;10795881.4966;7.132495090884109;-73.1209681824234;"-7º -7' -56,982"" S";"73º 7' 15,485"" W";17 N 1372687 10795881;1938.54145522;0
2022-09-08 00:00:00;125171999;A;000000000030;000069;109082000;3;2;0;1;60;1372676.2347;10795879.1632;7.132475815419625;-73.12106360771246;"-7º -7' -56,913"" S";"73º 7' 15,829"" W";17 N 1372676 10795879;1943.22712739;0
2022-04-01 00:00:00;125171999;A;000000000026;000059;92885000;3;2;0;1;60;1372686.8325;10795881.4966;7.132495090884109;-73.1209681824234;"-7º -7' -56,982"" S";"73º 7' 15,485"" W";17 N 1372687 10795881;1938.54145522;0
2022-02-15 00:00:00;272770650;A;000000000208;000197;272757000;4;2;0;1;60;1372624.054;10795846.8772;7.132194567568146;-73.12153666184247;"-7º -7' -55,9"" S";"73º 7' 17,532"" W";17 N 1372624 10795847;1951.01643941;4
2022-03-01 00:00:00;260774999;A;000000000048;000179;216561000;4;2;0;3;66;1372631.0702;10795876.672;7.132460447938871;-73.12146913167314;"-7º -7' -56,858"" S";"73º 7' 17,289"" W";17 N 1372631 10795877;1969.51132845;4
2022-03-30 00:00:00;516334499;C;000000000408;000400;496858000;0;2;1;1;27;1372637.8568;10795754.9366;7.131368657655425;-73.12142701722195;"-7º -7' -52,927"" S";"73º 7' 17,137"" W";17 N 1372638 10795755;1872.28434576;4
2021-09-02 00:00:00;214878599;A;000000000155;000144;200262000;4;2;0;1;27;1372651.924;10795708.0934;7.130946778682963;-73.12130804967784;"-7º -7' -51,408"" S";"73º 7' 16,709"" W";17 N 1372652 10795708;1827.96404684;4
2022-06-03 00:00:00;135603000;A;000000000067;000145;130038000;3;3;0;3;35;1372663.1953;10795710.6445;7.13096790147182;-73.12120654969647;"-7º -7' -51,484"" S";"73º 7' 16,344"" W";17 N 1372663 10795711;1822.33574336;4
2022-06-29 00:00:00;198188999;A;000000000061;000061;84953000;2;1;0;1;40;1372784.4526;10795423.3862;7.128375417271118;-73.12016310747656;"-7º -7' -42,152"" S";"73º 7' 12,587"" W";17 N 1372784 10795423;1530.58475071;4
2022-06-15 00:00:00;136779616;A;000000000012;000038;64094000;1;1;0;1;68;1372683.5353;10796089.5158;7.1343594420730465;-73.12096568791758;"-7º -8' -3,694"" S";"73º 7' 15,476"" W";17 N 1372684 10796090;2108.52320658;0
2021-12-09 00:00:00;136447911;A;000000000010;000032;53316000;1;1;0;1;68;1372688.0814;10796087.8976;7.134344242933359;-73.12092515733846;"-7º -8' -3,639"" S";"73º 7' 15,331"" W";17 N 1372688 10796088;2104.61884367;0
2022-03-11 00:00:00;116037573;A;000000000010;000032;53283000;1;1;0;1;68;1372692.0642;10796090.5886;7.134367740791683;-73.120889015295;"-7º -8' -3,724"" S";"73º 7' 15,2"" W";17 N 1372692 10796091;2104.59649792;0
2021-11-30 00:00:00;136447911;A;000000000010;000032;53316000;1;1;0;1;68;1372688.0814;10796087.8976;7.134344242933359;-73.12092515733846;"-7º -8' -3,639"" S";"73º 7' 15,331"" W";17 N 1372688 10796088;2104.61884367;0
2021-06-09 00:00:00;171902880;A;000000000014;000047;79400000;2;1;0;1;68;1372680.8887;10796105.6456;7.134504372014035;-73.1209869416746;"-7º -8' -4,216"" S";"73º 7' 15,553"" W";17 N 1372681 10796106;2123.33217155;0
2022-05-31 00:00:00;208619999;A;000000000136;000138;174564000;6;2;0;1;24;1372676.5017;10796049.1753;7.133999076034517;-73.1210350018985;"-7º -8' -2,397"" S";"73º 7' 15,726"" W";17 N 1372677 10796049;2079.43545142;4
2022-10-11 00:00:00;479825999;A;000000000341;000171;411308000;5;3;0;2;60;1372723.7308;10795811.1746;7.131859327862791;-73.12064803373427;"-7º -7' -54,694"" S";"73º 7' 14,333"" W";17 N 1372724 10795811;1860.42695334;4
2022-01-28 00:00:00;312930000;A;000000000195;000149;299179000;4;2;0;1;36;1372807.5594;10795717.5866;7.131007878463608;-73.11991049415502;"-7º -7' -51,628"" S";"73º 7' 11,678"" W";17 N 1372808 10795718;1735.0456238;4
2022-12-06 00:00:00;542412000;A;000000000096;000225;238744000;5;2;0;2;48;1372772.816;10795636.5191;7.130286867084044;-73.12023464649626;"-7º -7' -49,033"" S";"73º 7' 12,845"" W";17 N 1372773 10795637;1694.35578869;4
2022-11-08 00:00:00;2052591526;J;000000000621;000321;806750000;2;1;0;1;28;1372820.136;10795624.2504;7.130169655958989;-73.11981206527744;"-7º -7' -48,611"" S";"73º 7' 11,323"" W";17 N 1372820 10795624;1654.46047181;4
2022-11-08 00:00:00;1176307625;J;000000000248;000639;493652000;0;2;0;2;40;1372821.8693;10795610.6786;7.13004778669395;-73.11979860892244;"-7º -7' -48,172"" S";"73º 7' 11,275"" W";17 N 1372822 10795611;1642.92446185;4
2022-11-08 00:00:00;1201480966;J;000000000251;000639;497237000;0;2;0;2;40;1372824.1625;10795601.0968;7.129961581385535;-73.11977951515493;"-7º -7' -47,862"" S";"73º 7' 11,206"" W";17 N 1372824 10795601;1634.11100538;4
2022-11-08 00:00:00;1431724429;J;000000000242;000544;508782000;0;3;0;3;50;1372816.9632;10795586.0913;7.129828241299916;-73.11984640724016;"-7º -7' -47,382"" S";"73º 7' 11,447"" W";17 N 1372817 10795586;1627.33717093;4
2022-11-08 00:00:00;1326096159;C;000000000376;000453;685024000;0;3;0;2;60;1372830.2588;10795579.9462;7.129771134978416;-73.11972808967279;"-7º -7' -47,176"" S";"73º 7' 11,021"" W";17 N 1372830 10795580;1614.02831263;4
2022-11-08 00:00:00;749080430;B;000000000323;000324;373579000;0;0;0;0;40;1372810.362;10795589.4192;7.129859075207925;-73.1199051086775;"-7º -7' -47,493"" S";"73º 7' 11,658"" W";17 N 1372810 10795589;1634.16330561;4
2022-11-08 00:00:00;967227930;A;000000000395;000381;466754000;0;2;0;1;27;1372801.8887;10795587.0626;7.1298392645199815;-73.11998147939288;"-7º -7' -47,421"" S";"73º 7' 11,933"" W";17 N 1372802 10795587;1637.92418112;4
2022-11-08 00:00:00;623225755;A;000000000287;000307;361056000;5;2;0;2;33;1372794.5222;10795578.5306;7.129763952229864;-73.12004887356838;"-7º -7' -47,15"" S";"73º 7' 12,176"" W";17 N 1372795 10795579;1636.35551958;4
2022-11-08 00:00:00;610844575;A;000000000230;000265;325501000;0;0;0;0;40;1372786.0038;10795578.0664;7.1297611042295115;-73.12012535720005;"-7º -7' -47,14"" S";"73º 7' 12,451"" W";17 N 1372786 10795578;1641.65298356;4
2022-11-08 00:00:00;1142013522;A;000000000283;000231;362136000;3;2;0;1;29;1372777.7595;10795596.6291;7.129928693971984;-73.12019644982259;"-7º -7' -47,743"" S";"73º 7' 12,707"" W";17 N 1372778 10795597;1661.01676974;4
2022-11-08 00:00:00;1758157079;J;000000000398;000576;588914000;6;3;0;2;60;1372774.0205;10795606.2331;7.130015320808566;-73.12022850945702;"-7º -7' -48,055"" S";"73º 7' 12,823"" W";17 N 1372774 10795606;1670.69664403;4
2021-03-10 00:00:00;268598250;A;000000000118;000212;236354000;4;3;0;2;43;1372807.3317;10795436.8416;7.128492455809625;-73.11995580379916;"-7º -7' -42,573"" S";"73º 7' 11,841"" W";17 N 1372807 10795437;1523.90613201;4
2022-11-18 00:00:00;961738199;C;000000000250;000292;564753000;0;2;2;3;60;1372855.0747;10795698.1119;7.130826071091678;-73.11948727178;"-7º -7' -50,974"" S";"73º 7' 10,154"" W";17 N 1372855 10795698;1690.62497323;4
2022-10-06 00:00:00;438101999;A;000000000151;000211;272772000;3;2;0;2;80;1372934.3905;10795553.5237;7.129518361418952;-73.11879807783743;"-7º -7' -46,266"" S";"73º 7' 7,673"" W";17 N 1372934 10795554;1527.67825427;4
2021-10-11 00:00:00;752075100;A;000000000273;000156;306743000;7;3;1;1;11;1372928.819;10795905.9781;7.132677179861435;-73.11879371871032;"-7º -7' -57,638"" S";"73º 7' 7,657"" W";17 N 1372929 10795906;1821.07511719;4
2022-05-09 00:00:00;415258109;A;000000000153;000302;415172000;6;3;0;3;62;1372927.0058;10795765.4202;7.13141807262467;-73.11883165582763;"-7º -7' -53,105"" S";"73º 7' 7,794"" W";17 N 1372927 10795765;1703.62706701;4
2022-10-28 00:00:00;476539191;A;000000000256;000330;476539000;6;4;0;2;60;1372963.4295;10795708.324;7.1309008871782416;-73.11851372918852;"-7º -7' -51,243"" S";"73º 7' 6,649"" W";17 N 1372963 10795708;1635.92126639;4
2022-12-27 00:00:00;6780149999;C;000000001935;002432;2836489000;0;4;0;5;90;1373024.0442;10795458.4871;7.128653040876248;-73.11800851515152;"-7º -7' -43,151"" S";"73º 7' 4,831"" W";17 N 1373024 10795458;1397.62834928;4
2022-11-24 00:00:00;147077100;A;000000000107;000079;146973000;3;1;0;1;34;1372970.9056;10796011.3076;7.133614439911325;-73.11839994696007;"-7º -8' -1,012"" S";"73º 7' 6,24"" W";17 N 1372971 10796011;1891.29981674;4
2021-01-12 00:00:00;161158950;A;000000000107;000095;150156000;3;2;0;2;60;1372969.5444;10796017.9709;7.133674352114483;-73.11841112962209;"-7º -8' -1,228"" S";"73º 7' 6,28"" W";17 N 1372970 10796018;1897.8025245;4
2022-11-18 00:00:00;312930000;A;000000000152;000292;303827000;4;3;0;3;60;1373087.3749;10795682.064;7.130646514109995;-73.11740596117808;"-7º -7' -50,327"" S";"73º 7' 2,661"" W";17 N 1373087 10795682;1547.47356632;4
2022-03-16 00:00:00;250343999;A;000000000117;000080;149790000;3;1;0;1;27;1373048.8043;10795586.3797;7.129795132930194;-73.11776669872776;"-7º -7' -47,262"" S";"73º 7' 3,96"" W";17 N 1373049 10795586;1487.09005871;4
2021-10-25 00:00:00;351326511;A;000000000151;000120;216584000;4;2;0;1;60;1373091.0307;10795931.5468;7.132881287252626;-73.11733469531097;"-7º -7' -58,373"" S";"73º 7' 2,405"" W";17 N 1373091 10795932;1765.04406036;4
2021-10-11 00:00:00;385281197;A;000000000092;000261;197486000;4;1;1;3;60;1373133.5422;10795899.8264;7.1325905276360215;-73.11695824960786;"-7º -7' -57,326"" S";"73º 7' 1,05"" W";17 N 1373134 10795900;1717.88770659;4
2022-03-15 00:00:00;365085000;A;000000000127;000128;189333000;0;2;1;1;60;1373116.7567;10795684.2585;7.130661651771823;-73.11714206231026;"-7º -7' -50,382"" S";"73º 7' 1,711"" W";17 N 1373117 10795684;1534.60675654;4
2022-07-11 00:00:00;260774999;A;000000000169;000162;227198000;5;2;0;1;40;1373161.9371;10795503.2892;7.1290332326051935;-73.1167646873096;"-7º -7' -44,52"" S";"73º 7' 0,353"" W";17 N 1373162 10795503;1355.93514707;4
2022-01-04 00:00:00;417239999;A;000000000145;000261;313814000;4;2;0;2;60;1373164.8491;10795979.8576;7.133302773577518;-73.11666507501455;"-7º -7' -59,89"" S";"73º 6' 59,994"" W";17 N 1373165 10795980;1777.621587;4
2021-08-03 00:00:00;193390739;A;000000000105;000150;167072000;4;2;0;2;40;1373254.839;10795784.9166;7.131542266505032;-73.11588791547715;"-7º -7' -53,552"" S";"73º 6' 57,196"" W";17 N 1373255 10795785;1562.96409413;4
2022-12-20 00:00:00;521549999;A;000000000245;000189;352346000;5;3;0;1;41;1373235.5566;10795590.1887;7.1298005034359475;-73.11609091125993;"-7º -7' -47,282"" S";"73º 6' 57,927"" W";17 N 1373236 10795590;1395.21353088;4
2021-01-22 00:00:00;354549690;A;000000000161;000076;203075000;3;2;0;1;34;1373272.0057;10796069.0625;7.134085525105458;-73.11569009348712;"-7º -8' -2,708"" S";"73º 6' 56,484"" W";17 N 1373272 10796069;1821.4023418;4
2022-12-07 00:00:00;391162499;A;000000000146;000244;262405000;6;2;0;2;60;1373379.7592;10796018.2071;7.133613263465853;-73.11473136844403;"-7º -8' -1,008"" S";"73º 6' 53,033"" W";17 N 1373380 10796018;1739.7381435;4
2021-01-25 00:00:00;273970215;A;000000000201;000128;241406000;4;1;0;1;40;1373449.2832;10796026.3829;7.13367580212176;-73.11410646323345;"-7º -8' -1,233"" S";"73º 6' 50,783"" W";17 N 1373449 10796026;1729.10175493;4
2021-08-03 00:00:00;214878599;A;000000000087;000127;158509000;3;3;0;2;49;1373540.7631;10795859.7845;7.132169014959571;-73.11331158075836;"-7º -7' -55,808"" S";"73º 6' 47,922"" W";17 N 1373541 10795860;1545.79801677;4
2022-03-16 00:00:00;240956099;A;000000000200;000185;238900000;5;3;0;1;40;1372691.1847;10796169.1771;7.135072025795608;-73.12088478595363;"-7º -8' -6,259"" S";"73º 7' 15,185"" W";17 N 1372691 10796169;2170.4908338;4
2022-10-05 00:00:00;299056770;A;000000000228;000234;298970000;7;3;0;2;35;1372627.0208;10796297.5221;7.136231875418443;-73.12144056698861;"-7º -8' -10,435"" S";"73º 7' 17,186"" W";17 N 1372627 10796298;2313.10618075;4
2022-11-01 00:00:00;348395400;A;000000000131;000189;210112000;5;2;0;2;40;1372720.9725;10796380.8055;7.136963617513743;-73.1205849373329;"-7º -8' -13,069"" S";"73º 7' 14,106"" W";17 N 1372721 10796381;2335.74488618;4
2022-03-03 00:00:00;469394999;A;000000000153;000221;234221000;4;2;0;2;40;1372720.0501;10796341.2469;7.136609316573035;-73.1205993137786;"-7º -8' -11,794"" S";"73º 7' 14,158"" W";17 N 1372720 10796341;2301.91195055;4
2022-11-24 00:00:00;323361000;C;000000000244;000247;320993000;2;2;2;1;40;1372674.3897;10796519.0103;7.138209103558966;-73.1209814831828;"-7º -8' -17,553"" S";"73º 7' 15,533"" W";17 N 1372674 10796519;2479.05559834;4
2022-12-07 00:00:00;202570019;A;000000000164;000151;202486000;3;1;0;1;40;1372777.6141;10796182.4992;7.135178078110444;-73.12010742913938;"-7º -8' -6,641"" S";"73º 7' 12,387"" W";17 N 1372778 10796182;2135.94161871;4
2021-12-28 00:00:00;193390739;A;000000000050;000087;107160000;3;3;1;2;50;1372836.6047;10796409.1884;7.1372001094908075;-73.11954329361176;"-7º -8' -13,92"" S";"73º 7' 10,356"" W";17 N 1372837 10796409;2306.05661843;4
2021-05-03 00:00:00;171902880;A;000000000070;000120;147586000;3;3;0;1;51;1372835.2462;10796412.6556;7.1372313846880555;-73.11955494492399;"-7º -8' -14,033"" S";"73º 7' 10,398"" W";17 N 1372835 10796413;2309.76392411;4
2022-12-29 00:00:00;224214344;A;000000000090;000210;224212000;4;2;1;4;49;1372885.9547;10796137.1536;7.134755095228957;-73.11914257196212;"-7º -8' -5,118"" S";"73º 7' 8,913"" W";17 N 1372886 10796137;2042.50746742;4
2022-10-11 00:00:00;292068000;A;000000000126;000126;173410000;8;4;0;2;60;1372907.3616;10796268.6665;7.135930141683615;-73.11893025858043;"-7º -8' -9,349"" S";"73º 7' 8,149"" W";17 N 1372907 10796269;2148.72608298;4
2022-05-11 00:00:00;93878999;A;000000000004;000014;28405000;0;1;1;1;64;1372949.2361;10796272.1725;7.135955102895953;-73.1185540895714;"-7º -8' -9,438"" S";"73º 7' 6,795"" W";17 N 1372949 10796272;2133.32587333;4
2021-12-30 00:00:00;537196500;A;000000000168;000374;357511000;6;5;0;2;80;1373876.6677;10796177.96;7.134968004471464;-73.11024935916508;"-7º -8' -5,885"" S";"73º 6' 36,898"" W";17 N 1373877 10796178;1827.09051649;4
2022-03-29 00:00:00;573705000;A;000000000210;000309;458278000;3;1;0;2;60;1373808.4612;10796180.3842;7.135000243689499;-73.11086080625894;"-7º -8' -6,001"" S";"73º 6' 39,099"" W";17 N 1373808 10796180;1830.7765388;4
2022-07-12 00:00:00;521549999;A;000000000168;000245;335859000;4;2;0;1;60;1373840.3874;10796246.5347;7.135588010728302;-73.11056420899334;"-7º -8' -8,117"" S";"73º 6' 38,031"" W";17 N 1373840 10796247;1896.00766278;4
2022-09-29 00:00:00;751031999;A;000000000171;000194;303020000;4;3;0;2;60;1373852.9163;10796335.1591;7.136380128863631;-73.11043813614747;"-7º -8' -10,968"" S";"73º 6' 37,577"" W";17 N 1373853 10796335;1984.42882059;5
2022-08-03 00:00:00;86166318;A;000000000135;000197;86166000;6;2;0;1;32;1374203.9449;10796164.1591;7.134793868308834;-73.10731578374377;"-7º -8' -5,258"" S";"73º 6' 26,337"" W";17 N 1374204 10796164;1842.63135013;1
2022-10-10 00:00:00;146034000;A;000000000161;000163;85340000;5;1;0;2;40;1374100.3992;10796061.2467;7.1338877803521505;-73.10826048996452;"-7º -8' -1,996"" S";"73º 6' 29,738"" W";17 N 1374100 10796061;1724.97996012;2
2021-07-13 00:00:00;26859824;A;000000000081;000084;24723000;3;1;0;1;23;1374310.405;10796209.079;7.135179908557186;-73.1063538916366;"-7º -8' -6,648"" S";"73º 6' 22,874"" W";17 N 1374310 10796209;1908.21477213;1
2022-08-16 00:00:00;17732700;A;000000000091;000049;17242000;4;1;0;1;25;1374341.7439;10796267.149;7.135695358490756;-73.10606380801894;"-7º -8' -8,503"" S";"73º 6' 21,83"" W";17 N 1374342 10796267;1971.9663807;1
2022-12-26 00:00:00;135603000;A;000000000012;000063;80485000;2;2;0;1;73;1373051.8461;10790818.5186;7.087075077325752;-73.11847216349162;"-7º -5' -13,47"" S";"73º 7' 6,5"" W";17 N 1373052 10790819;3627.31700096;4
2021-07-13 00:00:00;107439299;A;000000000012;000063;80485000;2;2;0;1;73;1373051.8461;10790818.5186;7.087075077325752;-73.11847216349162;"-7º -5' -13,47"" S";"73º 7' 6,5"" W";17 N 1373052 10790819;3627.31700096;4
2022-12-20 00:00:00;114740999;A;000000000011;000056;71546000;2;2;0;1;73;1373075.982;10790811.3852;7.087007468826639;-73.11825677251542;"-7º -5' -13,227"" S";"73º 7' 5,724"" W";17 N 1373076 10790811;3628.86395773;4
2021-04-23 00:00:00;107439299;A;000000000010;000052;67045000;2;2;0;1;73;1373074.5309;10790817.2951;7.087060643125304;-73.11826888248552;"-7º -5' -13,418"" S";"73º 7' 5,768"" W";17 N 1373075 10790817;3623.42071769;4
2021-03-03 00:00:00;182646810;A;000000000011;000053;68081000;2;2;0;1;73;1373063.3468;10790818.759;7.0870754712041615;-73.11836897256168;"-7º -5' -13,472"" S";"73º 7' 6,128"" W";17 N 1373063 10790819;3624.48564493;4
2022-12-20 00:00:00;135603000;A;000000000012;000063;80485000;2;2;0;1;73;1373051.8461;10790818.5186;7.087075077325752;-73.11847216349162;"-7º -5' -13,47"" S";"73º 7' 6,5"" W";17 N 1373052 10790819;3627.31700096;4
2021-04-20 00:00:00;139671090;A;000000000008;000043;54804000;2;2;0;1;73;1373062.1611;10790818.5665;7.087073927882156;-73.11837963704271;"-7º -5' -13,466"" S";"73º 7' 6,167"" W";17 N 1373062 10790819;3624.93939574;4
2022-12-22 00:00:00;125171999;A;000000000012;000063;80127000;2;2;0;1;73;1373073.4437;10790817.6746;7.087064209803806;-73.11827857584167;"-7º -5' -13,431"" S";"73º 7' 5,803"" W";17 N 1373073 10790818;3623.29141429;4
2021-08-12 00:00:00;107439299;A;000000000012;000063;80485000;2;2;0;1;73;1373051.8461;10790818.5186;7.087075077325752;-73.11847216349162;"-7º -5' -13,47"" S";"73º 7' 6,5"" W";17 N 1373052 10790819;3627.31700096;4
2021-01-12 00:00:00;168249943;A;000000000011;000053;68081000;2;2;0;1;73;1373062.1611;10790818.5665;7.087073927882156;-73.11837963704271;"-7º -5' -13,466"" S";"73º 7' 6,167"" W";17 N 1373062 10790819;3624.93939574;4
2021-01-04 00:00:00;118183229;A;000000000012;000063;80485000;2;2;0;1;73;1373051.8461;10790818.5186;7.087075077325752;-73.11847216349162;"-7º -5' -13,47"" S";"73º 7' 6,5"" W";17 N 1373052 10790819;3627.31700096;4
2021-03-11 00:00:00;148266234;A;000000000008;000042;53223000;2;2;0;1;73;1373064.4466;10790810.7227;7.087003298285347;-73.11836033931044;"-7º -5' -13,212"" S";"73º 7' 6,097"" W";17 N 1373064 10790811;3632.07154948;4
2021-01-20 00:00:00;219176171;A;000000000012;000063;80127000;2;2;0;1;73;1373073.4437;10790817.6746;7.087064209803806;-73.11827857584167;"-7º -5' -13,431"" S";"73º 7' 5,803"" W";17 N 1373073 10790818;3623.29141429;4
2021-05-12 00:00:00;219176171;A;000000000012;000063;80485000;2;2;0;1;73;1373051.8461;10790818.5186;7.087075077325752;-73.11847216349162;"-7º -5' -13,47"" S";"73º 7' 6,5"" W";17 N 1373052 10790819;3627.31700096;4
2022-09-14 00:00:00;250343999;A;000000000140;000089;130773000;3;2;0;2;56;1372766.4705;10790713.3163;7.086176134176902;-73.12104792485891;"-7º -5' -10,234"" S";"73º 7' 15,773"" W";17 N 1372766 10790713;3803.12845683;4
2022-12-16 00:00:00;156465000;A;000000000140;000089;134697000;3;2;0;2;56;1372772.1872;10790701.2416;7.086067070640769;-73.12099849854985;"-7º -5' -9,841"" S";"73º 7' 15,595"" W";17 N 1372772 10790701;3813.01963589;4
2022-01-25 00:00:00;135603000;A;000000000140;000089;134697000;3;2;0;2;56;1372743.7025;10790743.4557;7.086449665501093;-73.12124752496997;"-7º -5' -11,219"" S";"73º 7' 16,491"" W";17 N 1372744 10790743;3781.06972208;4
2022-12-01 00:00:00;146034000;A;000000000140;000089;134697000;3;2;0;2;56;1372670.3265;10790730.9387;7.086348737358649;-73.12190758278004;"-7º -5' -10,855"" S";"73º 7' 18,867"" W";17 N 1372670 10790731;3815.56887428;4
2022-01-06 00:00:00;344223000;A;000000000140;000089;134697000;3;2;0;2;56;1372659.0273;10790730.8753;7.086349897596056;-73.12200893996994;"-7º -5' -10,86"" S";"73º 7' 19,232"" W";17 N 1372659 10790731;3819.21567217;4
2022-06-17 00:00:00;135603000;A;000000000140;000089;134697000;3;2;0;2;56;1372792.1814;10790804.8219;7.08699208880701;-73.12080329856629;"-7º -5' -13,172"" S";"73º 7' 14,892"" W";17 N 1372792 10790805;3708.10351714;4
2022-01-11 00:00:00;260774999;A;000000000140;000089;134697000;3;2;0;2;56;1372833.6031;10790846.2664;7.087357092649122;-73.12042542156216;"-7º -5' -14,486"" S";"73º 7' 13,532"" W";17 N 1372834 10790846;3656.46202823;4
2022-08-29 00:00:00;203487947;C;000000000077;000049;87256000;0;1;1;1;42;1372829.493;10790866.7017;7.0875408211087425;-73.1204591564868;"-7º -5' -15,147"" S";"73º 7' 13,653"" W";17 N 1372829 10790867;3638.06074831;4
2021-12-28 00:00:00;483476849;A;000000000219;000151;272856000;3;4;0;3;74;1375272.0137;10792638.5388;7.103041320445396;-73.09827926901895;"-7º -6' -10,949"" S";"73º 5' 53,805"" W";17 N 1375272 10792639;2209.01608438;6
2022-12-09 00:00:00;271206000;A;000000000201;000169;265678000;3;6;0;3;69;1375064.4923;10792893.5929;7.105358389288847;-73.10010132013785;"-7º -6' -19,29"" S";"73º 6' 0,365"" W";17 N 1375064 10792894;1880.20361967;6
2022-05-02 00:00:00;625860000;A;000000000201;000169;265678000;3;6;0;3;69;1375066.0551;10792910.7533;7.105511897791659;-73.10008466070323;"-7º -6' -19,843"" S";"73º 6' 0,305"" W";17 N 1375066 10792911;1867.92963097;6
2022-04-29 00:00:00;625860000;A;000000000254;000197;266111000;4;5;0;2;65;1375232.9757;10792963.7483;7.1059610320072135;-73.09857933571827;"-7º -6' -21,46"" S";"73º 5' 54,886"" W";17 N 1375233 10792964;1940.19138794;6
2022-12-07 00:00:00;573705000;A;000000000258;000195;266095000;4;5;0;2;65;1375213.5435;10792964.2107;7.105968164118432;-73.0987535579291;"-7º -6' -21,485"" S";"73º 5' 55,513"" W";17 N 1375214 10792964;1926.32188342;6
2021-12-23 00:00:00;35454969;A;000000000022;000036;5761000;0;0;0;1;14;1373878.5541;10792082.086;7.098269755223623;-73.11086324633683;"-7º -5' -53,771"" S";"73º 6' 39,108"" W";17 N 1373879 10792082;2268.78450164;2
2022-06-02 00:00:00;104309999;A;000000000055;000093;80187000;4;3;0;3;46;1374386.4676;10792003.8416;7.097490762392486;-73.10631960353642;"-7º -5' -50,967"" S";"73º 6' 22,751"" W";17 N 1374386 10792004;2401.80895856;4
2022-10-07 00:00:00;27120599;A;000000000016;000038;24967000;2;1;0;1;51;1372466.7625;10789675.8702;7.0769264142349435;-73.12389485663225;"-7º -4' -36,935"" S";"73º 7' 26,021"" W";17 N 1372467 10789676;4882.90476303;3
2021-01-28 00:00:00;107439299;A;000000000166;000167;57599000;0;0;0;1;40;1373027.8907;10790490.8454;7.084142815187382;-73.11873721993793;"-7º -5' -2,914"" S";"73º 7' 7,454"" W";17 N 1373028 10790491;3952.18822415;3
2021-07-14 00:00:00;118183229;A;000000000017;000038;33795000;2;1;0;1;56;1372492.6387;10790683.8522;7.0859540170430915;-73.12350855423313;"-7º -5' -9,434"" S";"73º 7' 24,631"" W";17 N 1372493 10790684;3919.42248978;0
2021-05-14 00:00:00;161158950;A;000000000095;000074;115829000;0;0;0;1;59;1374689.2083;10791861.019;7.096164651581697;-73.103626190059;"-7º -5' -46,193"" S";"73º 6' 13,054"" W";17 N 1374689 10791861;2619.15573357;4
2021-07-12 00:00:00;118183229;A;000000000093;000072;109773000;0;0;0;2;59;1374713.4022;10791874.5734;7.096282379085876;-73.10340710615093;"-7º -5' -46,617"" S";"73º 6' 12,266"" W";17 N 1374713 10791875;2613.92002465;4
2021-11-26 00:00:00;472732919;A;000000000093;000072;113066000;0;0;0;2;59;1374712.9981;10791868.5469;7.096228446157369;-73.10341165690966;"-7º -5' -46,422"" S";"73º 6' 12,282"" W";17 N 1374713 10791869;2619.50085454;4
2021-03-08 00:00:00;322317900;A;000000000093;000072;113066000;0;0;0;2;59;1374714.1989;10791861.964;7.096169281716095;-73.1034018984727;"-7º -5' -46,209"" S";"73º 6' 12,247"" W";17 N 1374714 10791862;2626.12269077;4
2021-07-14 00:00:00;214878599;A;000000000095;000074;115829000;0;0;0;2;59;1374694.3479;10791827.543;7.095863931167329;-73.10358523690765;"-7º -5' -45,11"" S";"73º 6' 12,907"" W";17 N 1374694 10791828;2652.57970216;4
2022-09-22 00:00:00;208619999;A;000000000095;000074;115829000;0;0;0;2;59;1374599.8045;10791843.0435;7.096017322904847;-73.1044308364423;"-7º -5' -45,662"" S";"73º 6' 15,951"" W";17 N 1374600 10791843;2610.07149293;4
2021-08-19 00:00:00;335524084;A;000000000097;000075;117861000;0;0;0;2;59;1374640.2801;10791821.0021;7.0958136273697106;-73.10407118850193;"-7º -5' -44,929"" S";"73º 6' 14,656"" W";17 N 1374640 10791821;2642.67061;4
2021-10-04 00:00:00;214878599;A;000000000095;000074;115829000;0;0;0;2;59;1374629.7309;10791812.7243;7.095741080898874;-73.10416707884855;"-7º -5' -44,668"" S";"73º 6' 15,001"" W";17 N 1374630 10791813;2647.57531598;4
2022-11-15 00:00:00;117870299;A;000000000097;000075;117861000;0;0;0;1;59;1374588.5441;10791851.1251;7.0960914594322295;-73.10453059176052;"-7º -5' -45,929"" S";"73º 6' 16,31"" W";17 N 1374589 10791851;2599.19981259;4
2022-07-21 00:00:00;116827199;A;000000000095;000074;115829000;0;0;0;2;59;1374587.3933;10791870.2081;7.09626261241271;-73.10453798089394;"-7º -5' -46,545"" S";"73º 6' 16,337"" W";17 N 1374587 10791870;2580.53500005;4
2022-08-30 00:00:00;115106084;A;000000000095;000073;115100000;0;0;0;2;59;1374661.7335;10791896.283;7.096484820861353;-73.10386719794707;"-7º -5' -47,345"" S";"73º 6' 13,922"" W";17 N 1374662 10791896;2577.15128075;4
2021-02-24 00:00:00;268598250;A;000000000207;000163;244714000;4;4;0;2;62;1374791.2054;10792748.7767;7.104102920734368;-73.10257481590067;"-7º -6' -14,771"" S";"73º 6' 9,269"" W";17 N 1374791 10792749;1844.86575198;6
2022-12-01 00:00:00;521549999;A;000000000207;000160;244593000;4;4;0;2;62;1374801.2804;10792733.2573;7.103962324955379;-73.10248683792207;"-7º -6' -14,264"" S";"73º 6' 8,953"" W";17 N 1374801 10792733;1863.33891702;6
2022-11-23 00:00:00;500687999;A;000000000207;000160;244593000;4;4;0;2;62;1374816.1519;10792649.8367;7.10321262676566;-73.10236628730979;"-7º -6' -11,565"" S";"73º 6' 8,519"" W";17 N 1374816 10792650;1943.34878386;6
2022-03-25 00:00:00;166896000;A;000000000123;000079;132701000;4;3;0;2;55;1374842.4308;10791952.9439;7.096964733523733;-73.10223777293318;"-7º -5' -49,073"" S";"73º 6' 8,056"" W";17 N 1374842 10791953;2585.19241033;4
2022-08-03 00:00:00;133516799;A;000000000123;000079;132701000;4;2;0;2;55;1374846.2477;10791906.5194;7.09654820411204;-73.10221067554434;"-7º -5' -47,574"" S";"73º 6' 7,958"" W";17 N 1374846 10791907;2629.71650788;4
2021-02-17 00:00:00;379260729;A;000000000123;000079;132701000;4;2;0;2;55;1374857.9449;10791887.9819;7.096380320025649;-73.10210861080577;"-7º -5' -46,969"" S";"73º 6' 7,591"" W";17 N 1374858 10791888;2651.26425331;4
2022-10-28 00:00:00;146034000;A;000000000123;000079;132701000;4;2;0;2;55;1374867.1521;10791893.8125;7.096431145800681;-73.1020251332417;"-7º -5' -47,152"" S";"73º 6' 7,29"" W";17 N 1374867 10791894;2649.27817264;4
2021-12-30 00:00:00;414851071;A;000000000116;000079;128128000;4;2;0;2;55;1374963.1261;10791953.6033;7.096952105419681;-73.10115513106712;"-7º -5' -49,028"" S";"73º 6' 4,158"" W";17 N 1374963 10791954;2632.07344121;4
2021-05-04 00:00:00;322317900;A;000000000095;000079;114411000;4;2;0;2;55;1374970.1484;10791952.6509;7.096942493813473;-73.10109229317575;"-7º -5' -48,993"" S";"73º 6' 3,932"" W";17 N 1374970 10791953;2635.84700883;4
2021-08-11 00:00:00;537196500;A;000000000204;000166;250227000;3;3;0;2;62;1374871.4152;10792530.1698;7.102131970526244;-73.10188902599518;"-7º -6' -7,675"" S";"73º 6' 6,8"" W";17 N 1374871 10792530;2074.83938357;6
2021-07-16 00:00:00;257854319;A;000000000204;000166;250227000;3;3;0;2;62;1374900.2895;10792542.1602;7.102234961492424;-73.10162819870823;"-7º -6' -8,046"" S";"73º 6' 5,862"" W";17 N 1374900 10792542;2078.39687738;6
2022-07-07 00:00:00;229481999;A;000000000073;000091;106557000;4;3;0;2;54;1374902.2697;10792142.3924;7.0986529176130695;-73.10167193376323;"-7º -5' -55,151"" S";"73º 6' 6,019"" W";17 N 1374902 10792142;2435.10455514;4
2021-03-26 00:00:00;107439299;A;000000000073;000091;106557000;4;3;0;2;54;1374932.1041;10792086.3512;7.098146230869998;-73.10141296066936;"-7º -5' -53,326"" S";"73º 6' 5,087"" W";17 N 1374932 10792086;2498.50103162;4
2021-12-01 00:00:00;128927159;A;000000000087;000101;122171000;4;3;0;2;54;1375021.8472;10792090.5678;7.098170223661846;-73.10060738749333;"-7º -5' -53,413"" S";"73º 6' 2,187"" W";17 N 1375022 10792091;2533.96176089;4
2022-08-22 00:00:00;166896000;A;000000000073;000090;105907000;4;3;0;2;54;1375023.0809;10792111.5062;7.098357632313243;-73.10059310182196;"-7º -5' -54,087"" S";"73º 6' 2,135"" W";17 N 1375023 10792112;2515.86449629;4
2022-05-19 00:00:00;344223000;A;000000000073;000090;105907000;4;3;0;2;54;1374998.0377;10792119.362;7.0984318639063835;-73.10081651124253;"-7º -5' -54,355"" S";"73º 6' 2,939"" W";17 N 1374998 10792119;2497.52818851;4
2022-01-12 00:00:00;125171999;A;000000000073;000090;105907000;4;3;0;2;54;1374982.0958;10792123.4848;7.09847125134592;-73.10095886344874;"-7º -5' -54,497"" S";"73º 6' 3,452"" W";17 N 1374982 10792123;2486.71604964;4
2022-03-03 00:00:00;166896000;A;000000000073;000090;105907000;4;3;0;2;54;1374996.9988;10792167.1222;7.098859932579963;-73.10081848355209;"-7º -5' -55,896"" S";"73º 6' 2,947"" W";17 N 1374997 10792167;2454.47431983;4
2022-06-24 00:00:00;271206000;A;000000000073;000090;105907000;4;3;0;2;54;1374950.0573;10792159.8974;7.098802413352162;-73.10124062356658;"-7º -5' -55,689"" S";"73º 6' 4,466"" W";17 N 1374950 10792160;2439.88751194;4
2022-01-06 00:00:00;46939499;A;000000000058;000036;22864000;1;1;0;1;42;1371283.6855;10790136.8234;7.08123723970143;-73.1344359650197;"-7º -4' -52,454"" S";"73º 8' 3,969"" W";17 N 1371284 10790137;4947.77405794;0
2022-03-24 00:00:00;187757999;A;000000000073;000079;100037000;4;3;0;2;55;1374957.9797;10792028.0602;7.097619995512802;-73.10118984094548;"-7º -5' -51,432"" S";"73º 6' 4,283"" W";17 N 1374958 10792028;2562.26651033;4
2022-06-28 00:00:00;105353099;A;000000000073;000079;100037000;4;3;0;2;55;1375049.866;10791960.0305;7.096996367273304;-73.10037615683926;"-7º -5' -49,187"" S";"73º 6' 1,354"" W";17 N 1375050 10791960;2663.28396452;4
2021-10-11 00:00:00;102067334;A;000000000073;000079;100037000;4;3;0;2;55;1375087.2028;10791967.8904;7.09706105299626;-73.10004006800109;"-7º -5' -49,42"" S";"73º 6' 0,144"" W";17 N 1375087 10791968;2672.93453949;4
2022-12-20 00:00:00;312930000;A;000000000073;000079;100037000;4;3;0;2;55;1375085.8252;10792006.3391;7.097405746366263;-73.10004651090073;"-7º -5' -50,661"" S";"73º 6' 0,167"" W";17 N 1375086 10792006;2638.08233627;4
2022-04-18 00:00:00;135603000;A;000000000073;000079;100037000;4;3;0;2;55;1375014.2715;10792041.1002;7.097728181031451;-73.10068294327246;"-7º -5' -51,821"" S";"73º 6' 2,459"" W";17 N 1375014 10792041;2574.82722697;4
2021-02-10 00:00:00;322317900;A;000000000088;000079;109839000;4;3;0;2;55;1375065.0885;10792050.8836;7.097808029215726;-73.10022565130919;"-7º -5' -52,109"" S";"73º 6' 0,812"" W";17 N 1375065 10792051;2588.9887433;4
2021-05-07 00:00:00;171902880;A;000000000018;000037;38017000;2;1;0;0;64;1372581.8412;10790283.1608;7.082350174149174;-73.12276978830722;"-7º -4' -56,461"" S";"73º 7' 21,971"" W";17 N 1372582 10790283;4268.74618988;3
2022-03-31 00:00:00;73017000;A;000000000021;000043;44182000;2;1;0;1;64;1372581.6232;10790283.3685;7.082352068467492;-73.12277171184846;"-7º -4' -56,467"" S";"73º 7' 21,978"" W";17 N 1372582 10790283;4268.61439292;3
2022-07-12 00:00:00;448532999;A;000000000198;000184;259872000;4;3;0;3;80;1374946.0131;10792326.9876;7.1003000863026555;-73.10125119556464;"-7º -6' -1,08"" S";"73º 6' 4,504"" W";17 N 1374946 10792327;2289.13141574;6
2022-07-27 00:00:00;730170000;A;000000000198;000184;259872000;4;3;0;3;80;1374977.3994;10792339.5434;7.100407757607065;-73.10096775229322;"-7º -6' -1,468"" S";"73º 6' 3,484"" W";17 N 1374977 10792340;2292.94210033;6
2022-09-08 00:00:00;625860000;A;000000000198;000184;259872000;4;3;0;3;80;1375035.4113;10792362.1175;7.100601096083016;-73.10044395613602;"-7º -6' -2,164"" S";"73º 6' 1,598"" W";17 N 1375035 10792362;2301.82324504;6
2022-12-27 00:00:00;312930000;A;000000000198;000184;259872000;4;3;0;3;80;1375047.966;10792367.1397;7.1006441631743575;-73.10033057726457;"-7º -6' -2,319"" S";"73º 6' 1,19"" W";17 N 1375048 10792367;2303.84435124;6
2021-03-03 00:00:00;322317900;A;000000000198;000184;259872000;4;3;0;3;80;1375054.8624;10792349.8996;7.10048864029355;-73.10027137431968;"-7º -6' -1,759"" S";"73º 6' 0,977"" W";17 N 1375055 10792350;2322.19763278;6
2021-02-17 00:00:00;617775975;A;000000000198;000189;248023000;4;3;0;3;80;1374971.1674;10792269.8581;7.0997843672488745;-73.10103436862731;"-7º -5' -59,224"" S";"73º 6' 3,724"" W";17 N 1374971 10792270;2351.39862632;6
2021-09-30 00:00:00;752075100;A;000000000292;000127;289235000;4;3;0;2;62;1374512.8945;10791982.1953;7.097277411798439;-73.10518896959114;"-7º -5' -50,199"" S";"73º 6' 18,68"" W";17 N 1374513 10791982;2452.6953448;5
2022-12-21 00:00:00;396377999;A;000000000327;000127;312098000;4;3;0;2;62;1374568.0679;10792019.2884;7.097601281505536;-73.10468840261188;"-7º -5' -51,365"" S";"73º 6' 16,878"" W";17 N 1374568 10792019;2432.004153;5
2021-03-08 00:00:00;322317900;A;000000000256;000127;265716000;4;3;0;2;62;1374644.5523;10792008.9126;7.0974965750762475;-73.10400398820563;"-7º -5' -50,988"" S";"73º 6' 14,414"" W";17 N 1374645 10792009;2464.70809062;5
2021-04-19 00:00:00;494220779;A;000000000252;000127;263102000;4;3;0;2;62;1374605.9044;10791989.2007;7.097325898165296;-73.10435366144429;"-7º -5' -50,373"" S";"73º 6' 15,673"" W";17 N 1374606 10791989;2471.76532078;5
2022-01-14 00:00:00;312930000;A;000000000253;000190;312607000;4;3;0;3;62;1374550.2998;10791982.3627;7.097273169190386;-73.10485344523721;"-7º -5' -50,183"" S";"73º 6' 17,472"" W";17 N 1374550 10791982;2462.50593531;5
2021-10-12 00:00:00;312111166;A;000000000252;000190;311953000;4;3;0;3;62;1374493.8164;10791901.6484;7.096558669944631;-73.10537246499653;"-7º -5' -47,611"" S";"73º 6' 19,341"" W";17 N 1374494 10791902;2525.83839445;5
2022-12-15 00:00:00;265990499;A;000000000252;000127;263102000;4;3;0;2;62;1374532.2234;10791889.0532;7.096439926169185;-73.10502991782721;"-7º -5' -47,184"" S";"73º 6' 18,108"" W";17 N 1374532 10791889;2547.66848488;5
2021-07-12 00:00:00;1396710900;A;000000000555;000203;577992000;6;3;0;2;71;1375627.0281;10792499.0459;7.1017369441334415;-73.09511655214197;"-7º -6' -6,253"" S";"73º 5' 42,42"" W";17 N 1375627 10792499;2548.30760754;6
2022-03-31 00:00:00;834479999;A;000000000553;000238;589909000;6;3;0;2;80;1375721.9591;10792478.1935;7.101535517551943;-73.09426831386278;"-7º -6' -5,528"" S";"73º 5' 39,366"" W";17 N 1375722 10792478;2629.24358899;6
2022-08-12 00:00:00;636291000;A;000000000420;000265;517161000;6;3;0;2;80;1375739.2889;10792359.9315;7.1004732970369835;-73.09413109154126;"-7º -6' -1,704"" S";"73º 5' 38,872"" W";17 N 1375739 10792360;2726.5557874;6
2021-12-17 00:00:00;1826468099;A;000000000498;000191;533181000;0;0;0;0;68;1375488.4257;10792417.5423;7.101028034392719;-73.09637224748575;"-7º -6' -3,701"" S";"73º 5' 46,94"" W";17 N 1375488 10792418;2517.20268279;6
2022-09-12 00:00:00;521549999;A;000000000114;000171;188905000;4;5;0;3;80;1375002.1566;10792213.2128;7.099272090334103;-73.10076513263522;"-7º -5' -57,38"" S";"73º 6' 2,754"" W";17 N 1375002 10792213;2415.95821702;6
2022-03-25 00:00:00;479825999;A;000000000114;000155;187934000;4;5;0;3;80;1375150.5256;10792024.7437;7.097560702903101;-73.09946337140715;"-7º -5' -51,219"" S";"73º 5' 58,068"" W";17 N 1375151 10792025;2652.20676255;6
2022-01-05 00:00:00;276655154;A;000000000055;000096;70530000;3;2;0;2;46;1372700.1668;10789815.1283;7.078138516824086;-73.12178009114336;"-7º -4' -41,299"" S";"73º 7' 18,408"" W";17 N 1372700 10789815;4685.77901735;3
2021-12-22 00:00:00;70909938;A;000000000055;000096;70530000;3;2;0;2;46;1372676.3373;10789821.5529;7.078199721996349;-73.12199284192651;"-7º -4' -41,519"" S";"73º 7' 19,174"" W";17 N 1372676 10789822;4685.60696498;3
2021-03-25 00:00:00;150415020;A;000000000054;000096;70165000;3;2;0;2;46;1372656.904;10789788.575;7.0779072088428245;-73.12217218846328;"-7º -4' -40,466"" S";"73º 7' 19,82"" W";17 N 1372657 10789789;4722.47347741;3
2022-12-21 00:00:00;70930800;A;000000000054;000096;70165000;3;2;0;2;46;1372588.4776;10789757.5068;7.077639290434608;-73.1227906756007;"-7º -4' -39,501"" S";"73º 7' 22,046"" W";17 N 1372588 10789758;4770.51173213;3
2021-12-30 00:00:00;171902880;A;000000000054;000096;70165000;0;0;0;0;46;1372583.8057;10789753.5754;7.0776047786626854;-73.12283318041617;"-7º -4' -39,377"" S";"73º 7' 22,199"" W";17 N 1372584 10789754;4775.55970102;3
2021-11-02 00:00:00;182646810;A;000000000073;000102;92214000;3;3;0;2;46;1372623.511;10790977.6587;7.088566510580079;-73.122289707509;"-7º -5' -18,839"" S";"73º 7' 20,243"" W";17 N 1372624 10790978;3598.37985437;4
2021-01-14 00:00:00;225622529;A;000000000075;000102;93277000;3;3;0;2;46;1372628.8546;10791003.4242;7.0887965519838545;-73.1222378315467;"-7º -5' -19,668"" S";"73º 7' 20,056"" W";17 N 1372629 10791003;3572.36825552;4
2021-01-08 00:00:00;338433795;A;000000000133;000189;176558000;4;2;0;2;80;1373229.6351;10790261.053;7.0820530356636535;-73.1169629063642;"-7º -4' -55,391"" S";"73º 7' 1,066"" W";17 N 1373230 10790261;4140.64397847;4
2022-06-14 00:00:00;208619999;A;000000000134;000088;165276000;0;0;0;1;61;1374879.9393;10792321.3395;7.100259634215094;-73.10184469767033;"-7º -6' -0,935"" S";"73º 6' 6,641"" W";17 N 1374880 10792321;2264.07565927;5
2021-09-09 00:00:00;537196500;A;000000000134;000088;165276000;0;0;0;1;61;1374877.1997;10792301.2937;7.100080453693777;-73.10187235330555;"-7º -6' -0,29"" S";"73º 6' 6,74"" W";17 N 1374877 10792301;2280.858734;5
2021-05-04 00:00:00;456617024;A;000000000134;000088;165276000;0;0;0;1;61;1374875.7726;10792291.3043;7.099991172372165;-73.10188668987277;"-7º -5' -59,968"" S";"73º 6' 6,792"" W";17 N 1374876 10792291;2289.21603066;5
2021-01-15 00:00:00;413641304;A;000000000134;000088;165276000;0;0;0;1;61;1374893.1935;10792369.2081;7.10068647894769;-73.10171845364923;"-7º -6' -2,471"" S";"73º 6' 6,186"" W";17 N 1374893 10792369;2227.2866409;5
2021-11-09 00:00:00;472732919;A;000000000134;000088;165276000;0;0;0;1;61;1374899.3055;10792252.9244;7.099643690092938;-73.10168152052654;"-7º -5' -58,717"" S";"73º 6' 6,053"" W";17 N 1374899 10792253;2334.02311215;5
2021-02-17 00:00:00;408269339;A;000000000134;000088;165276000;0;0;0;1;61;1374908.4375;10792214.5954;7.099298876520861;-73.10160550865538;"-7º -5' -57,476"" S";"73º 6' 5,78"" W";17 N 1374908 10792215;2372.49291037;5
2021-12-22 00:00:00;182646810;A;000000000134;000088;165276000;0;0;0;1;61;1374911.9302;10792203.0813;7.099195178797341;-73.10157595269558;"-7º -5' -57,103"" S";"73º 6' 5,673"" W";17 N 1374912 10792203;2384.3806261;5
2022-04-21 00:00:00;445403699;A;000000000134;000088;165276000;0;0;0;1;61;1374922.8518;10792283.0647;7.099910115920411;-73.10146569172609;"-7º -5' -59,676"" S";"73º 6' 5,276"" W";17 N 1374923 10792283;2317.50546896;5
2022-11-24 00:00:00;192973499;A;000000000142;000092;174194000;0;0;0;1;61;1374938.0298;10792285.9253;7.099933413545268;-73.1013291163863;"-7º -5' -59,76"" S";"73º 6' 4,785"" W";17 N 1374938 10792286;2321.8538381;5
2022-07-11 00:00:00;365085000;A;000000000134;000088;165276000;0;0;0;1;61;1374935.2017;10792213.8718;7.099288281570557;-73.10136556535682;"-7º -5' -57,438"" S";"73º 6' 4,916"" W";17 N 1374935 10792214;2384.90528102;5
2021-07-21 00:00:00;342484256;A;000000000299;000155;342484000;4;3;0;2;63;1374847.5438;10792491.8921;7.101792687818758;-73.10210902511221;"-7º -6' -6,454"" S";"73º 6' 7,592"" W";17 N 1374848 10792492;2097.3493118;5
2022-05-20 00:00:00;417239999;A;000000000172;000116;220180000;4;4;0;2;64;1374733.6576;10792412.3987;7.101097960321249;-73.10314273427083;"-7º -6' -3,953"" S";"73º 6' 11,314"" W";17 N 1374734 10792412;2119.55692857;5
2022-12-14 00:00:00;578920500;A;000000000170;000114;217094000;4;4;0;2;64;1374773.149;10792421.9371;7.101177352806848;-73.1027870564618;"-7º -6' -4,238"" S";"73º 6' 10,033"" W";17 N 1374773 10792422;2127.18103546;5
2022-01-21 00:00:00;260774999;A;000000000170;000114;217094000;4;4;0;2;64;1374828.8399;10792355.1923;7.100570791511629;-73.10229781507748;"-7º -6' -2,055"" S";"73º 6' 8,272"" W";17 N 1374829 10792355;2211.29531313;5
2022-12-07 00:00:00;469394999;A;000000000170;000114;217094000;4;4;0;2;64;1374804.9232;10792377.7066;7.1007761845205275;-73.10250886772917;"-7º -6' -2,794"" S";"73º 6' 9,032"" W";17 N 1374805 10792378;2180.70766884;5
2022-05-16 00:00:00;500687999;A;000000000172;000116;220180000;4;4;0;2;64;1374800.6145;10792351.6051;7.100542988316592;-73.10255152856963;"-7º -6' -1,955"" S";"73º 6' 9,186"" W";17 N 1374801 10792352;2202.54161107;5
2022-10-05 00:00:00;208619999;A;000000000111;000115;152373000;4;3;0;2;57;1374129.5765;10791613.4868;7.094032725627552;-73.10868370206835;"-7º -5' -38,518"" S";"73º 6' 31,261"" W";17 N 1374130 10791613;2749.06368531;4
2022-03-25 00:00:00;208619999;A;000000000105;000109;144287000;4;3;0;2;57;1374125.9052;10791659.0339;7.094441377379236;-73.10870963698183;"-7º -5' -39,989"" S";"73º 6' 31,355"" W";17 N 1374126 10791659;2703.37209143;4
2022-10-31 00:00:00;263904299;A;000000000105;000109;144287000;4;3;0;2;57;1374146.5264;10791623.3638;7.0941186208247675;-73.10853015671766;"-7º -5' -38,827"" S";"73º 6' 30,709"" W";17 N 1374147 10791623;2740.84724536;4
2022-03-22 00:00:00;156465000;A;000000000105;000109;144287000;4;3;0;2;57;1374137.558;10791665.7711;7.09449995329295;-73.10860408487301;"-7º -5' -40,2"" S";"73º 6' 30,975"" W";17 N 1374138 10791666;2697.76672893;4
2022-06-08 00:00:00;196102799;A;000000000105;000109;144287000;4;3;0;2;57;1374136.5869;10791704.3323;7.0948455991949695;-73.10860687318353;"-7º -5' -41,444"" S";"73º 6' 30,985"" W";17 N 1374137 10791704;2659.29404582;4
2022-04-18 00:00:00;156465000;A;000000000105;000109;144287000;4;3;0;2;57;1374162.7631;10791685.9476;7.09467686237859;-73.10837491418191;"-7º -5' -40,837"" S";"73º 6' 30,15"" W";17 N 1374163 10791686;2680.26115222;4
2022-02-10 00:00:00;83448000;A;000000000048;000090;62791000;3;3;0;3;40;1373660.8295;10790239.2434;7.0817916537595975;-73.11309877717436;"-7º -4' -54,45"" S";"73º 6' 47,156"" W";17 N 1373661 10790239;4117.27451095;3
2022-03-23 00:00:00;239912999;A;000000000048;000090;62791000;3;3;0;3;40;1373642.7138;10790226.6918;7.081681966034002;-73.11326318262181;"-7º -4' -54,055"" S";"73º 6' 47,747"" W";17 N 1373643 10790227;4130.79427198;3
2021-07-13 00:00:00;62791824;A;000000000048;000090;60963000;3;3;0;3;40;1373697.4939;10790227.2101;7.081678226902988;-73.11277177210016;"-7º -4' -54,042"" S";"73º 6' 45,978"" W";17 N 1373697 10790227;4127.539483;3
2022-09-13 00:00:00;114740999;A;000000000048;000090;62791000;3;3;0;3;40;1373679.4055;10790217.1976;7.081591284995752;-73.11293554358234;"-7º -4' -53,729"" S";"73º 6' 46,568"" W";17 N 1373679 10790217;4138.36428519;3
2022-10-21 00:00:00;67801500;A;000000000048;000090;62791000;3;3;0;3;40;1373635.8105;10790204.4771;7.081483982873324;-73.1133285025154;"-7º -4' -53,342"" S";"73º 6' 47,983"" W";17 N 1373636 10790204;4153.36778109;3
2022-01-06 00:00:00;1251720000;B;000000000923;000726;799973000;0;2;1;3;72;1371115.0387;10790645.2146;7.085818313257408;-73.1358709830755;"-7º -5' -8,946"" S";"73º 8' 9,136"" W";17 N 1371115 10790645;4621.37610155;3
2021-02-04 00:00:00;634219559;A;000000000189;000156;241880000;4;3;0;2;61;1374750.9404;10792212.0109;7.099299914532924;-73.1030185386367;"-7º -5' -57,48"" S";"73º 6' 10,867"" W";17 N 1374751 10792212;2310.73542253;5
2022-08-04 00:00:00;1356030000;B;000000002536;001285;1296752000;0;0;0;1;58;1371330.8189;10790710.9678;7.0863745301085155;-73.13392544413416;"-7º -5' -10,948"" S";"73º 8' 2,132"" W";17 N 1371331 10790711;4441.73170584;3
2022-07-08 00:00:00;338296105;A;000000000215;000121;232296000;0;0;0;1;61;1374742.3663;10792035.6397;7.097721019181667;-73.10312256073047;"-7º -5' -51,796"" S";"73º 6' 11,241"" W";17 N 1374742 10792036;2471.87139858;4
2021-01-25 00:00:00;483476849;A;000000000149;000084;161097000;0;0;0;1;61;1374764.5813;10792134.7078;7.098605216097137;-73.10290807674343;"-7º -5' -54,979"" S";"73º 6' 10,469"" W";17 N 1374765 10792135;2387.50900887;4
2021-11-30 00:00:00;397525409;A;000000000149;000084;161097000;4;3;0;2;61;1374611.1331;10792127.9265;7.098568024277232;-73.10428543843379;"-7º -5' -54,845"" S";"73º 6' 15,428"" W";17 N 1374611 10792128;2341.2124397;4
2022-06-06 00:00:00;125171999;A;000000000047;000061;47719000;3;1;0;2;18;1373298.4226;10793287.2136;7.109156511282799;-73.11588159004702;"-7º -6' -32,963"" S";"73º 6' 57,174"" W";17 N 1373298 10793287;1210.55665345;4
2021-03-11 00:00:00;193390739;A;000000000273;000185;190621000;6;2;0;2;24;1372877.0125;10793296.305;7.109302668428365;-73.11966015294036;"-7º -6' -33,49"" S";"73º 7' 10,777"" W";17 N 1372877 10793296;1452.90262341;3
2022-07-27 00:00:00;158551200;A;000000000035;000064;61808000;2;2;0;1;64;1370370.4488;10793928.6512;7.1153529701383755;-73.14204728991223;"-7º -6' -55,271"" S";"73º 8' 31,37"" W";17 N 1370370 10793929;3531.3053924;0
2021-03-31 00:00:00;75207510;A;000000000035;000063;61003000;2;2;0;2;64;1370370.5616;10793928.8008;7.115354293337859;-73.14204625510234;"-7º -6' -55,275"" S";"73º 8' 31,367"" W";17 N 1370371 10793929;3531.17551732;0
2021-11-02 00:00:00;64463579;A;000000000108;000069;52419000;3;1;0;1;31;1370390.8934;10793206.378;7.108877964953776;-73.14197462027892;"-7º -6' -31,961"" S";"73º 8' 31,109"" W";17 N 1370391 10793206;3668.61987799;3
2022-09-12 00:00:00;118913399;A;000000000108;000234;113101000;6;2;1;3;60;1370375.4001;10793232.493;7.109114337826268;-73.14210959835783;"-7º -6' -32,812"" S";"73º 8' 31,595"" W";17 N 1370375 10793232;3675.31246841;3
2021-02-11 00:00:00;128927159;A;000000000108;000128;67500000;5;1;0;2;29;1370350.3273;10793266.3925;7.10942192951995;-73.14232931486356;"-7º -6' -33,919"" S";"73º 8' 32,386"" W";17 N 1370350 10793266;3689.09685524;3
2021-03-15 00:00:00;139671090;A;000000000119;000108;71185000;3;1;0;1;30;1370669.1816;10792485.5718;7.102376672522956;-73.13958872987597;"-7º -6' -8,556"" S";"73º 8' 22,519"" W";17 N 1370669 10792486;3710.21937032;3
2022-12-09 00:00:00;78232500;A;000000000070;000060;71057000;3;2;0;1;39;1372344.1022;10793391.7967;7.110240053118495;-73.12442563078562;"-7º -6' -36,864"" S";"73º 7' 27,932"" W";17 N 1372344 10793392;1807.71270342;3
2021-02-22 00:00:00;75207510;A;000000000025;000064;65515000;2;1;0;3;56;1371694.4394;10792422.2495;7.101652379667408;-73.13040184290134;"-7º -6' -5,949"" S";"73º 7' 49,447"" W";17 N 1371694 10792422;2912.15110252;3
2022-08-09 00:00:00;208619999;A;000000000112;000083;92287000;4;2;0;2;41;1371436.775;10792255.1752;7.10019480471571;-73.13273868051384;"-7º -6' -0,701"" S";"73º 7' 57,859"" W";17 N 1371437 10792255;3216.17988606;3
2022-06-13 00:00:00;773980199;K;000000000285;000259;252023000;1;1;0;1;19;1373370.4784;10793011.4166;7.1066743474666545;-73.11527766621674;"-7º -6' -24,028"" S";"73º 6' 55"" W";17 N 1373370 10793011;1431.82163696;3
2021-01-29 00:00:00;193390739;A;000000000041;000120;65692000;5;2;0;3;36;1372082.5778;10791859.8474;7.096553753445164;-73.12700650940798;"-7º -5' -47,594"" S";"73º 7' 37,223"" W";17 N 1372083 10791860;3069.70175002;3
2021-09-07 00:00:00;66612365;A;000000000041;000118;64932000;5;2;0;3;36;1372172.4747;10791887.6538;7.096789139152175;-73.12619589589896;"-7º -5' -48,441"" S";"73º 7' 34,305"" W";17 N 1372172 10791888;2995.14084268;3
2022-05-09 00:00:00;81361800;A;000000000041;000126;75070000;5;2;0;3;40;1372046.1748;10791809.4541;7.096107796287085;-73.12734075760262;"-7º -5' -45,988"" S";"73º 7' 38,427"" W";17 N 1372046 10791809;3131.86809757;3
2022-02-10 00:00:00;229481999;A;000000000041;000124;67215000;5;2;0;3;36;1372105.9663;10791836.1827;7.096338135025995;-73.1268003472934;"-7º -5' -46,817"" S";"73º 7' 36,481"" W";17 N 1372106 10791836;3075.41278464;3
2021-09-03 00:00:00;62314793;A;000000000036;000068;60341000;3;2;0;2;50;1371997.0088;10792389.4105;7.101311800215521;-73.12769286476419;"-7º -6' -4,722"" S";"73º 7' 39,694"" W";17 N 1371997 10792389;2716.52648373;4
2022-10-07 00:00:00;265990499;A;000000000036;000068;60341000;3;2;0;2;50;1372004.9535;10792394.679;7.101357789705636;-73.12762079407315;"-7º -6' -4,888"" S";"73º 7' 39,435"" W";17 N 1372005 10792395;2707.22669301;4
2022-05-16 00:00:00;125171999;A;000000000036;000068;60341000;3;2;0;2;50;1372012.8981;10792399.9478;7.101403781871833;-73.12754872422587;"-7º -6' -5,054"" S";"73º 7' 39,175"" W";17 N 1372013 10792400;2697.92838134;4
2022-12-15 00:00:00;177327000;A;000000000036;000068;60341000;3;2;0;2;50;1372040.067;10792407.5875;7.101468072813296;-73.12730385170681;"-7º -6' -5,285"" S";"73º 7' 38,294"" W";17 N 1372040 10792408;2673.67637385;4
2021-10-19 00:00:00;161158950;A;000000000084;000069;88363000;3;2;0;2;50;1371943.7385;10792343.584;7.100909347981355;-73.12817771842516;"-7º -6' -3,274"" S";"73º 7' 41,44"" W";17 N 1371944 10792344;2786.47830832;4
2021-10-01 00:00:00;214878599;A;000000000072;000077;80373000;4;3;0;3;45;1371945.2679;10792319.5017;7.100693333263097;-73.12816769231867;"-7º -6' -2,496"" S";"73º 7' 41,404"" W";17 N 1371945 10792320;2802.82216155;4
2022-03-10 00:00:00;146034000;A;000000000072;000077;80373000;4;3;0;3;45;1371975.8128;10792330.2173;7.100784668446484;-73.12789206618972;"-7º -6' -2,825"" S";"73º 7' 40,411"" W";17 N 1371976 10792330;2774.04963992;4
2022-03-01 00:00:00;99094499;A;000000000072;000077;80373000;4;3;0;3;45;1371969.3208;10792325.811;7.1007461817209965;-73.12795097404944;"-7º -6' -2,686"" S";"73º 7' 40,624"" W";17 N 1371969 10792326;2781.70769102;4
2022-06-23 00:00:00;84491100;A;000000000072;000077;82672000;3;2;0;3;47;1371956.3369;10792317.0793;7.100669933073465;-73.1280687764524;"-7º -6' -2,412"" S";"73º 7' 41,048"" W";17 N 1371956 10792317;2796.96802572;4
2022-06-06 00:00:00;302499000;A;000000000072;000077;82672000;3;2;0;3;47;1371946.4911;10792310.4054;7.100611641924062;-73.12815811504801;"-7º -6' -2,202"" S";"73º 7' 41,369"" W";17 N 1371946 10792310;2808.5810998;4
2022-03-22 00:00:00;198188999;A;000000000072;000077;82672000;3;2;0;3;47;1371973.3587;10792312.505;7.100626339919805;-73.12791679486008;"-7º -6' -2,255"" S";"73º 7' 40,5"" W";17 N 1371973 10792313;2788.65209732;4
2021-03-17 00:00:00;82728261;A;000000000072;000077;82672000;3;2;0;3;47;1371994.3623;10792316.7367;7.100661039732269;-73.12772774702727;"-7º -6' -2,38"" S";"73º 7' 39,82"" W";17 N 1371994 10792317;2771.25345561;4
2021-12-29 00:00:00;118183229;A;000000000072;000077;80373000;4;3;0;3;45;1371981.3407;10792308.085;7.100585513742642;-73.1278458752642;"-7º -6' -2,108"" S";"73º 7' 40,245"" W";17 N 1371981 10792308;2786.44978514;4
2022-03-24 00:00:00;161680500;A;000000000072;000077;82672000;3;2;0;3;47;1371974.8418;10792303.6438;7.100546715347739;-73.12790485032005;"-7º -6' -1,968"" S";"73º 7' 40,457"" W";17 N 1371975 10792304;2794.12617546;4
2021-12-29 00:00:00;82728261;A;000000000072;000077;82672000;3;2;0;3;47;1372000.181;10792294.3539;7.1004595960581165;-73.12767898612515;"-7º -6' -1,655"" S";"73º 7' 39,644"" W";17 N 1372000 10792294;2783.79910439;4
2022-07-18 00:00:00;104309999;A;000000000072;000077;83835000;4;3;0;3;48;1371990.1338;10792287.5749;7.10040039412983;-73.1277701472562;"-7º -6' -1,441"" S";"73º 7' 39,973"" W";17 N 1371990 10792288;2795.58017849;4
2022-01-24 00:00:00;146034000;A;000000000072;000077;83835000;4;3;0;3;48;1372003.7239;10792247.327;7.100037686935818;-73.1276544171401;"-7º -6' -0,136"" S";"73º 7' 39,556"" W";17 N 1372004 10792247;2816.36112246;4
2021-03-12 00:00:00;134299125;A;000000000072;000077;83835000;4;3;0;3;48;1372000.1764;10792244.9913;7.100017302057317;-73.1276865957063;"-7º -6' -0,062"" S";"73º 7' 39,672"" W";17 N 1372000 10792245;2820.46473037;4
2022-05-16 00:00:00;256602599;A;000000000072;000077;82672000;3;2;0;3;47;1372011.2758;10792236.0848;7.099935799008124;-73.12758840152665;"-7º -5' -59,769"" S";"73º 7' 39,318"" W";17 N 1372011 10792236;2819.76690895;4
2022-07-27 00:00:00;135603000;A;000000000072;000077;80373000;4;3;0;3;45;1372017.789;10792240.4967;7.099974332697585;-73.12752930284829;"-7º -5' -59,908"" S";"73º 7' 39,105"" W";17 N 1372018 10792240;2812.150552;4
2022-08-25 00:00:00;87620400;A;000000000076;000082;83990000;4;2;0;3;44;1372055.0265;10792255.5147;7.100103192818803;-73.12719298652087;"-7º -6' -0,371"" S";"73º 7' 37,895"" W";17 N 1372055 10792256;2776.32743636;4
2022-12-21 00:00:00;127779749;A;000000000072;000077;83835000;4;3;0;3;48;1372041.8998;10792246.6973;7.100026198312507;-73.12731208258339;"-7º -6' -0,094"" S";"73º 7' 38,323"" W";17 N 1372042 10792247;2791.59686978;4
2021-12-14 00:00:00;161158950;A;000000000072;000077;78102000;4;3;0;3;43;1372022.3629;10792233.6109;7.099911934686549;-73.12748933149179;"-7º -5' -59,683"" S";"73º 7' 38,962"" W";17 N 1372022 10792234;2814.30628525;4
2021-07-12 00:00:00;209506634;A;000000000072;000077;82672000;3;2;0;3;47;1372016.7552;10792357.6647;7.101024329683025;-73.1275206105307;"-7º -6' -3,688"" S";"73º 7' 39,074"" W";17 N 1372017 10792358;2726.02764579;4
2021-11-08 00:00:00;107439299;A;000000000072;000077;82672000;3;2;0;3;47;1372035.3367;10792344.0397;7.100899402109208;-73.12735602670736;"-7º -6' -3,238"" S";"73º 7' 38,482"" W";17 N 1372035 10792344;2723.40993324;4
2021-03-05 00:00:00;96695369;A;000000000072;000077;80373000;2;3;0;3;45;1372052.4637;10792339.4469;7.100855626833335;-73.12720310460006;"-7º -6' -3,08"" S";"73º 7' 37,931"" W";17 N 1372052 10792339;2715.26158694;4
2022-01-07 00:00:00;125171999;A;000000000076;000082;85202000;4;3;0;3;45;1372096.6597;10792309.8358;7.1005835388878715;-73.12681121482947;"-7º -6' -2,101"" S";"73º 7' 36,52"" W";17 N 1372097 10792310;2708.02014781;4
2022-11-22 00:00:00;83448000;A;000000000072;000077;80373000;4;3;0;3;45;1372087.7326;10792287.5917;7.100385596872188;-73.12689470026353;"-7º -6' -1,388"" S";"73º 7' 36,821"" W";17 N 1372088 10792288;2730.6639788;4
2021-02-25 00:00:00;192316346;A;000000000072;000077;82672000;3;2;0;3;47;1372098.957;10792285.0771;7.1003613466271345;-73.12679440504243;"-7º -6' -1,301"" S";"73º 7' 36,46"" W";17 N 1372099 10792285;2725.23040808;4
2021-10-20 00:00:00;79505082;A;000000000072;000077;79232000;4;3;0;3;44;1372079.3149;10792271.9531;7.100246762698806;-73.12697260347426;"-7º -6' -0,888"" S";"73º 7' 37,101"" W";17 N 1372079 10792272;2747.99709714;4
2022-10-31 00:00:00;365085000;A;000000000151;000099;136733000;3;3;0;2;45;1372523.4694;10792282.2407;7.100270896599656;-73.12298706023074;"-7º -6' -0,975"" S";"73º 7' 22,753"" W";17 N 1372523 10792282;2471.78202745;4
2021-07-16 00:00:00;248184782;A;000000000151;000115;150055000;3;3;0;2;48;1372530.5969;10792287.0541;7.1003129325313825;-73.12292239003698;"-7º -6' -1,127"" S";"73º 7' 22,521"" W";17 N 1372531 10792287;2463.85465144;4
2022-10-27 00:00:00;141861600;A;000000000151;000099;141188000;3;3;0;2;48;1372608.6584;10792264.9716;7.1001031107742705;-73.12222558808884;"-7º -6' -0,371"" S";"73º 7' 20,012"" W";17 N 1372609 10792265;2440.9414376;4
2022-12-07 00:00:00;318145500;A;000000000151;000099;135269000;3;3;0;2;44;1372613.128;10792257.9707;7.100039697765094;-73.12218657117549;"-7º -6' -0,143"" S";"73º 7' 19,872"" W";17 N 1372613 10792258;2444.61400282;4
2022-11-09 00:00:00;275899950;A;000000000151;000099;141188000;4;4;0;2;48;1372588.5743;10792232.4547;7.09981483706709;-73.12241072534027;"-7º -5' -59,333"" S";"73º 7' 20,679"" W";17 N 1372589 10792232;2479.15983317;4
2022-11-03 00:00:00;141861600;A;000000000151;000099;141188000;3;3;0;2;48;1372578.9952;10792275.1674;7.100199010939492;-73.12249009426458;"-7º -6' -0,716"" S";"73º 7' 20,964"" W";17 N 1372579 10792275;2447.82679703;4
2022-12-13 00:00:00;109525499;A;000000000069;000080;105800000;0;0;0;1;61;1371809.1155;10792700.9088;7.104131648950936;-73.12933047750845;"-7º -6' -14,874"" S";"73º 7' 45,59"" W";17 N 1371809 10792701;2645.01933895;4
2022-03-29 00:00:00;104309999;A;000000000018;000048;40771000;2;1;0;1;59;1371461.2824;10791525.8793;7.093656398249192;-73.13263054519958;"-7º -5' -37,163"" S";"73º 7' 57,47"" W";17 N 1371461 10791526;3716.64766741;0
2022-05-09 00:00:00;149163300;A;000000000105;000111;148973000;3;3;0;2;54;1372353.5674;10792333.0418;7.100752109704388;-73.12450324595137;"-7º -6' -2,708"" S";"73º 7' 28,212"" W";17 N 1372354 10792333;2527.98642575;4
2021-03-29 00:00:00;376037550;A;000000000130;000138;184811000;3;3;0;2;54;1372353.2302;10792326.5008;7.100693553693123;-73.12450727390231;"-7º -6' -2,497"" S";"73º 7' 28,226"" W";17 N 1372353 10792327;2533.41321193;4
2022-08-22 00:00:00;208619999;A;000000000151;000099;159591000;3;2;0;2;52;1372365.674;10792258.1762;7.1000794555129865;-73.12440613602081;"-7º -6' -0,286"" S";"73º 7' 27,862"" W";17 N 1372366 10792258;2581.03184244;4
2022-12-02 00:00:00;146034000;A;000000000137;000096;137413000;3;2;0;2;52;1372002.5304;10792458.0153;7.101925661458491;-73.12763281614866;"-7º -6' -6,932"" S";"73º 7' 39,478"" W";17 N 1372003 10792458;2663.52538951;4
2022-10-05 00:00:00;140818500;A;000000000137;000096;137413000;3;2;0;2;52;1371971.7916;10792427.1502;7.101653814961429;-73.12791327227106;"-7º -6' -5,954"" S";"73º 7' 40,488"" W";17 N 1371972 10792427;2707.08582569;4
2022-12-21 00:00:00;156465000;A;000000000075;000113;128217000;4;3;0;2;54;1372422.5994;10792527.0948;7.102480253869408;-73.12385427253297;"-7º -6' -8,929"" S";"73º 7' 25,875"" W";17 N 1372423 10792527;2332.32821236;4
2022-06-17 00:00:00;234697499;A;000000000075;000111;118402000;4;3;0;2;60;1372425.812;10792448.1104;7.1017720586413455;-73.1238375752826;"-7º -6' -6,379"" S";"73º 7' 25,815"" W";17 N 1372426 10792448;2392.64751791;4
2021-02-11 00:00:00;107439299;A;000000000075;000089;99129000;3;3;0;2;44;1372482.7413;10792426.994;7.101574130386503;-73.12333017243378;"-7º -6' -5,667"" S";"73º 7' 23,989"" W";17 N 1372483 10792427;2375.63536565;4
2021-02-05 00:00:00;161158950;A;000000000075;000102;107068000;3;3;0;2;45;1372497.9132;10792332.9171;7.100728874265592;-73.1232085180954;"-7º -6' -2,624"" S";"73º 7' 23,551"" W";17 N 1372498 10792333;2443.85329996;4
2021-08-26 00:00:00;118183229;A;000000000075;000089;100447000;3;3;0;2;45;1372478.868;10792347.913;7.10086615638663;-73.12337704808718;"-7º -6' -3,118"" S";"73º 7' 24,157"" W";17 N 1372479 10792348;2442.33340943;4
2022-09-22 00:00:00;344223000;A;000000000075;000107;127916000;4;4;0;2;60;1372473.102;10792321.0448;7.100626300235955;-73.12343288963939;"-7º -6' -2,255"" S";"73º 7' 24,358"" W";17 N 1372473 10792321;2467.6903972;4
2022-11-25 00:00:00;234697499;A;000000000075;000100;129398000;4;3;0;2;60;1372418.0897;10792282.6202;7.100290444039435;-73.12393223063874;"-7º -6' -1,046"" S";"73º 7' 26,156"" W";17 N 1372418 10792283;2530.68940163;4
2021-03-26 00:00:00;161158950;A;000000000075;000090;103646000;3;3;0;2;47;1372419.1665;10792287.721;7.1003359824036805;-73.12392178957134;"-7º -6' -1,21"" S";"73º 7' 26,118"" W";17 N 1372419 10792288;2525.90100919;4
2021-08-05 00:00:00;134299125;A;000000000075;000101;131782000;3;3;0;2;61;1372426.6315;10792413.9865;7.1014661817689735;-73.12383546002866;"-7º -6' -5,278"" S";"73º 7' 25,808"" W";17 N 1372427 10792414;2419.38191063;4
2021-10-05 00:00:00;359921655;A;000000000075;000100;126013000;3;3;0;2;60;1372381.7198;10792255.6551;7.1000544080245955;-73.12426259580116;"-7º -6' -0,196"" S";"73º 7' 27,345"" W";17 N 1372382 10792256;2573.72466409;4
2021-04-08 00:00:00;128927159;A;000000000075;000083;97389000;3;2;0;2;45;1372411.9987;10792350.1565;7.10089650503817;-73.12397650530862;"-7º -6' -3,227"" S";"73º 7' 26,315"" W";17 N 1372412 10792350;2479.39280787;4
2022-12-28 00:00:00;187757999;A;000000000075;000112;130824000;4;4;0;2;60;1372396.8187;10792336.625;7.100777588289072;-73.12411474212746;"-7º -6' -2,799"" S";"73º 7' 26,813"" W";17 N 1372397 10792337;2499.28138132;4
2021-04-29 00:00:00;225622529;A;000000000075;000089;99129000;4;3;0;2;44;1372428.0941;10792264.464;7.100126230995512;-73.12384527872837;"-7º -6' -0,454"" S";"73º 7' 25,843"" W";17 N 1372428 10792264;2539.83113527;4
2021-01-26 00:00:00;155786985;A;000000000135;000096;128714000;3;3;0;2;39;1371504.7646;10791759.5905;7.095743852722133;-73.13220473415484;"-7º -5' -44,678"" S";"73º 7' 55,937"" W";17 N 1371505 10791760;3512.76054229;3
2022-04-01 00:00:00;128714367;A;000000000135;000096;128714000;3;3;0;2;39;1371499.3913;10791756.4173;7.09571624206167;-73.13225341774451;"-7º -5' -44,578"" S";"73º 7' 56,112"" W";17 N 1371499 10791756;3518.72961701;3
2021-10-04 00:00:00;300830040;A;000000000135;000096;123354000;3;3;0;2;35;1371494.4271;10791797.5959;7.096085970686289;-73.13229163987594;"-7º -5' -45,909"" S";"73º 7' 56,25"" W";17 N 1371494 10791798;3491.86293157;3
2022-04-19 00:00:00;135603000;A;000000000135;000096;128714000;3;3;0;2;39;1371488.2698;10791824.2193;7.096325464086977;-73.13234279276934;"-7º -5' -46,772"" S";"73º 7' 56,434"" W";17 N 1371488 10791824;3476.66983172;3
2022-11-18 00:00:00;208619999;A;000000000135;000096;126013000;3;3;0;2;37;1371578.9305;10791891.184;7.096911612179;-73.13151932316225;"-7º -5' -48,882"" S";"73º 7' 53,47"" W";17 N 1371579 10791891;3365.78681299;3
2022-01-24 00:00:00;302499000;A;000000000135;000096;126013000;3;3;0;2;37;1371574.2607;10791886.5789;7.096871064023377;-73.1315619159531;"-7º -5' -48,736"" S";"73º 7' 53,623"" W";17 N 1371574 10791887;3372.33980099;3
2021-06-09 00:00:00;153638199;A;000000000103;000073;94028000;3;3;0;2;35;1371597.0252;10791857.1359;7.096603765912388;-73.13136223170224;"-7º -5' -47,774"" S";"73º 7' 52,904"" W";17 N 1371597 10791857;3378.51416326;3
2022-06-09 00:00:00;53198099;A;000000000046;000074;47628000;4;2;0;2;33;1371041.7631;10791696.464;7.095249023037429;-73.13636746804791;"-7º -5' -42,896"" S";"73º 8' 10,923"" W";17 N 1371042 10791696;3883.44702187;3
2022-05-26 00:00:00;156465000;A;000000000046;000077;47611000;4;2;0;2;32;1371044.092;10791699.6729;7.0952774197492205;-73.13634608688506;"-7º -5' -42,999"" S";"73º 8' 10,846"" W";17 N 1371044 10791700;3879.55381116;3
2022-11-29 00:00:00;187757999;A;000000000071;000080;67427000;3;2;0;2;38;1372252.7558;10791731.1687;7.095374729878107;-73.12549978137594;"-7º -5' -43,349"" S";"73º 7' 31,799"" W";17 N 1372253 10791731;3082.06503176;3
2022-12-13 00:00:00;192973499;A;000000000111;000096;94909000;3;3;0;2;39;1369980.8684;10791024.5118;7.089390067489008;-73.14598639752145;"-7º -5' -21,804"" S";"73º 8' 45,551"" W";17 N 1369981 10791025;5122.49889771;3
2021-09-08 00:00:00;96695369;A;000000000111;000096;96277000;0;0;0;1;40;1370046.1934;10791090.668;7.089972894267651;-73.1453903261065;"-7º -5' -23,902"" S";"73º 8' 43,405"" W";17 N 1370046 10791091;5029.86744169;3
2021-01-12 00:00:00;128927159;A;000000000111;000096;97656000;3;3;0;2;41;1370064.9406;10791073.3578;7.089814925629176;-73.1452248076433;"-7º -5' -23,334"" S";"73º 8' 42,809"" W";17 N 1370065 10791073;5026.87526509;3
2021-12-01 00:00:00;193390739;A;000000000111;000096;100445000;3;3;0;2;43;1370057.5345;10791062.7945;7.089721403173086;-73.14529285402406;"-7º -5' -22,997"" S";"73º 8' 43,054"" W";17 N 1370058 10791063;5039.3789767;3
2022-09-27 00:00:00;187757999;A;000000000111;000096;99047000;3;3;0;2;42;1370037.8566;10791049.6703;7.089606806085793;-73.14547136973633;"-7º -5' -22,585"" S";"73º 8' 43,697"" W";17 N 1370038 10791050;5062.85512568;3
2022-06-08 00:00:00;166896000;A;000000000111;000096;106147000;3;3;0;2;47;1370048.3342;10791065.6832;7.089748691160596;-73.14537493958474;"-7º -5' -23,095"" S";"73º 8' 43,35"" W";17 N 1370048 10791066;5044.47289233;3
2022-06-21 00:00:00;94922099;A;000000000111;000096;94909000;3;3;0;2;39;1370065.241;10791047.9009;7.0895867731627185;-73.14522600164523;"-7º -5' -22,512"" S";"73º 8' 42,814"" W";17 N 1370065 10791048;5043.28302912;3
2021-11-11 00:00:00;161158950;A;000000000111;000096;94909000;3;3;0;2;39;1370088.4703;10791031.1444;7.089433082235389;-73.1450201942803;"-7º -5' -21,959"" S";"73º 8' 42,073"" W";17 N 1370088 10791031;5036.78015564;3
2022-03-17 00:00:00;104309999;A;000000000111;000096;96277000;0;0;0;1;40;1370075.0833;10791014.2851;7.089284057012657;-73.14514285088818;"-7º -5' -21,423"" S";"73º 8' 42,514"" W";17 N 1370075 10791014;5057.96133743;3
2021-07-13 00:00:00;182646810;A;000000000111;000096;90869000;3;3;0;2;36;1370048.2637;10790956.7297;7.088772423350236;-73.1453922134604;"-7º -5' -19,581"" S";"73º 8' 43,412"" W";17 N 1370048 10790957;5116.14918499;3
2021-02-26 00:00:00;97769762;A;000000000111;000096;97656000;3;3;0;2;41;1370023.9473;10790949.4562;7.088710958668453;-73.14561144235954;"-7º -5' -19,359"" S";"73º 8' 44,201"" W";17 N 1370024 10790949;5139.18041059;3
2022-09-08 00:00:00;68844600;A;000000000086;000075;68581000;3;3;0;2;34;1370014.0603;10790920.6953;7.088454754498594;-73.14570452107371;"-7º -5' -18,437"" S";"73º 8' 44,536"" W";17 N 1370014 10790921;5165.64947407;3
2022-10-05 00:00:00;175762350;A;000000000111;000096;97656000;3;3;0;2;41;1369982.4241;10791005.5201;7.089219654654057;-73.14597534344276;"-7º -5' -21,191"" S";"73º 8' 45,511"" W";17 N 1369982 10791006;5133.67157217;3
2022-07-28 00:00:00;158551200;A;000000000118;000124;144749000;3;3;0;2;61;1372584.4654;10792446.3354;7.1017318384494335;-73.12241476435214;"-7º -6' -6,235"" S";"73º 7' 20,693"" W";17 N 1372584 10792446;2301.39142936;4
2022-07-08 00:00:00;208619999;A;000000000118;000124;144749000;3;3;0;2;61;1372647.0819;10792460.979;7.101853446817418;-73.12185086329586;"-7º -6' -6,672"" S";"73º 7' 18,663"" W";17 N 1372647 10792461;2254.54289717;4
2022-06-21 00:00:00;146034000;A;000000000118;000124;144749000;3;3;0;2;61;1372576.3503;10792424.1294;7.101534116469717;-73.12249096230104;"-7º -6' -5,523"" S";"73º 7' 20,967"" W";17 N 1372576 10792424;2324.33094849;4
2021-08-31 00:00:00;182646810;A;000000000126;000095;117288000;3;3;0;2;50;1371238.6847;10791772.624;7.095901330379378;-73.13458944098304;"-7º -5' -45,245"" S";"73º 8' 4,522"" W";17 N 1371239 10791773;3688.49684522;3
2021-05-04 00:00:00;119257622;A;000000000127;000095;119237000;3;3;0;2;51;1371185.0471;10791728.0263;7.095509924448065;-73.13507739208663;"-7º -5' -43,836"" S";"73º 8' 6,279"" W";17 N 1371185 10791728;3758.03224849;3
2022-06-24 00:00:00;125171999;A;000000000127;000095;119237000;3;3;0;2;51;1371231.0633;10791715.4941;7.095390596428469;-73.13466654994915;"-7º -5' -43,406"" S";"73º 8' 4,8"" W";17 N 1371231 10791715;3734.04970625;3
2021-03-01 00:00:00;182646810;A;000000000127;000095;119237000;3;3;0;2;51;1371195.6353;10791705.2099;7.095303864196083;-73.13498590958824;"-7º -5' -43,094"" S";"73º 8' 5,949"" W";17 N 1371196 10791705;3766.44834324;3
2021-08-02 00:00:00;225622529;A;000000000127;000095;119237000;3;3;0;2;51;1371162.2451;10791644.3016;7.094763213673333;-73.1352947389562;"-7º -5' -41,148"" S";"73º 8' 7,061"" W";17 N 1371162 10791644;3833.04932495;3
2021-05-06 00:00:00;68761152;A;000000000010;000035;33759000;2;1;0;4;61;1371239.5102;10791153.5125;7.090353797003283;-73.13467677989007;"-7º -5' -25,274"" S";"73º 8' 4,836"" W";17 N 1371240 10791154;4144.44166097;3
2021-02-04 00:00:00;123555194;A;000000000013;000048;44704000;2;2;0;1;60;1371346.7069;10791116.3969;7.090004851394768;-73.13372092691279;"-7º -5' -24,017"" S";"73º 8' 1,395"" W";17 N 1371347 10791116;4106.24798316;3
2021-03-18 00:00:00;128927159;A;000000000013;000048;44704000;2;2;0;2;60;1371347.079;10791116.6117;7.090006719196748;-73.13371755640266;"-7º -5' -24,024"" S";"73º 8' 1,383"" W";17 N 1371347 10791117;4105.84955158;3
2022-05-02 00:00:00;125171999;A;000000000013;000048;44704000;2;2;0;3;60;1371347.079;10791116.6117;7.090006719196748;-73.13371755640266;"-7º -5' -24,024"" S";"73º 8' 1,383"" W";17 N 1371347 10791117;4105.84955158;3
2021-01-05 00:00:00;42975720;A;000000000007;000026;24053000;1;1;0;4;60;1371350.3475;10791108.8224;7.089936425645451;-73.13368943033876;"-7º -5' -23,771"" S";"73º 8' 1,282"" W";17 N 1371350 10791109;4109.97844138;3
2022-07-25 00:00:00;286852500;A;000000000142;000095;135338000;3;3;0;2;53;1372138.4144;10792072.0145;7.0984462426430825;-73.12647314772413;"-7º -5' -54,406"" S";"73º 7' 35,303"" W";17 N 1372138 10792072;2865.98172079;4
2021-03-05 00:00:00;78967885;A;000000000072;000076;78738000;3;2;0;3;44;1371917.412;10792598.3367;7.103195997772457;-73.12837479790473;"-7º -6' -11,506"" S";"73º 7' 42,149"" W";17 N 1371917 10792598;2628.51520421;4
2021-05-13 00:00:00;214878599;A;000000000067;000070;72912000;3;2;0;3;44;1371874.2832;10792609.0459;7.103298560680002;-73.12876001689067;"-7º -6' -11,875"" S";"73º 7' 43,536"" W";17 N 1371874 10792609;2653.77279149;4
2022-10-13 00:00:00;76146300;A;000000000067;000070;72912000;3;2;0;3;44;1371858.4998;10792593.3822;7.103160629527034;-73.12890399489869;"-7º -6' -11,378"" S";"73º 7' 44,054"" W";17 N 1371858 10792593;2675.961962;4
2022-05-16 00:00:00;73017000;A;000000000067;000070;72912000;3;2;0;3;44;1371856.1432;10792597.0756;7.10319408391534;-73.12892456697872;"-7º -6' -11,499"" S";"73º 7' 44,128"" W";17 N 1371856 10792597;2675.31685628;4
2022-01-27 00:00:00;156465000;A;000000000067;000070;72912000;3;2;0;3;44;1371849.1041;10792582.6759;7.103066138793761;-73.12898991544368;"-7º -6' -11,038"" S";"73º 7' 44,364"" W";17 N 1371849 10792583;2690.07941996;4
2022-01-17 00:00:00;146034000;A;000000000067;000070;72912000;3;2;0;3;44;1371839.9386;10792581.1344;7.103053730698291;-73.129072365611;"-7º -6' -10,993"" S";"73º 7' 44,661"" W";17 N 1371840 10792581;2698.00440645;4
2022-06-14 00:00:00;73017000;A;000000000067;000070;72912000;3;2;0;3;44;1371837.5087;10792584.8162;7.10308709237752;-73.12909359698938;"-7º -6' -11,114"" S";"73º 7' 44,737"" W";17 N 1371838 10792585;2697.42701828;4
2021-08-05 00:00:00;73166163;A;000000000067;000070;72912000;3;2;0;3;44;1371835.0446;10792563.606;7.10289742329773;-73.12911895241828;"-7º -6' -10,431"" S";"73º 7' 44,828"" W";17 N 1371835 10792564;2713.21457393;4
2022-01-25 00:00:00;146034000;A;000000000067;000070;72912000;3;2;0;3;44;1371834.923;10792548.4842;7.1027619483576645;-73.12912236208207;"-7º -6' -9,943"" S";"73º 7' 44,841"" W";17 N 1371835 10792548;2723.29061124;4
2021-11-18 00:00:00;204482988;A;000000000067;000070;72912000;3;2;0;3;44;1371830.3815;10792555.2436;7.102823209215556;-73.12916206240158;"-7º -6' -10,164"" S";"73º 7' 44,983"" W";17 N 1371830 10792555;2722.23344311;4
2022-01-20 00:00:00;93878999;A;000000000072;000076;78738000;3;2;0;3;44;1371825.4483;10792537.6523;7.102666344157311;-73.12920901034393;"-7º -6' -9,599"" S";"73º 7' 45,152"" W";17 N 1371825 10792538;2737.56288564;4
2022-06-16 00:00:00;73017000;A;000000000067;000070;72912000;3;2;0;3;44;1371793.4209;10792545.9325;7.1027454415257685;-73.12949502374141;"-7º -6' -9,884"" S";"73º 7' 46,182"" W";17 N 1371793 10792546;2756.2097144;4
2022-06-17 00:00:00;187757999;A;000000000067;000070;92578000;3;2;0;2;62;1371797.8019;10792523.991;7.1025481712627645;-73.12945909101205;"-7º -6' -9,173"" S";"73º 7' 46,053"" W";17 N 1371798 10792524;2767.33579555;4
2022-12-29 00:00:00;99094499;A;000000000072;000076;98844000;4;3;0;3;61;1371807.0653;10792525.2641;7.102558159639603;-73.12937580388741;"-7º -6' -9,209"" S";"73º 7' 45,753"" W";17 N 1371807 10792525;2759.54218233;4
2022-11-01 00:00:00;187757999;A;000000000072;000083;92255000;3;2;0;3;52;1371793.7314;10792506.0716;7.102388234076232;-73.12949835071727;"-7º -6' -8,598"" S";"73º 7' 46,194"" W";17 N 1371794 10792506;2782.24374566;4
2022-01-28 00:00:00;12517199;A;000000000003;000012;5915000;0;0;0;1;39;1371346.6757;10791134.9702;7.09017127762748;-73.1337183653734;"-7º -5' -24,617"" S";"73º 8' 1,386"" W";17 N 1371347 10791135;4091.65316981;0
2022-03-29 00:00:00;269119800;R;000000000425;000000;121472000;0;0;0;0;0;1370471.0535;10790631.208;7.085791095336478;-73.14164953782505;"-7º -5' -8,848"" S";"73º 8' 29,938"" W";17 N 1370471 10790631;5043.05638056;3
2022-09-26 00:00:00;143947800;A;000000000054;000154;142770000;1;1;0;1;47;1372514.7609;10796144.5338;7.134878393000698;-73.12247117369465;"-7º -8' -5,562"" S";"73º 7' 20,896"" W";17 N 1372515 10796145;2251.96649998;3
2021-02-10 00:00:00;182646810;A;000000000148;000139;164812000;3;2;1;2;60;1372419.9656;10796183.9793;7.135246421778298;-73.12331544440634;"-7º -8' -6,887"" S";"73º 7' 23,936"" W";17 N 1372420 10796184;2341.27259552;3
2022-04-01 00:00:00;287312330;C;000000000179;000179;248030000;0;1;1;2;37;1372350.7569;10796173.3449;7.1351617937377805;-73.12393791515693;"-7º -8' -6,582"" S";"73º 7' 26,176"" W";17 N 1372351 10796173;2376.77748038;2
2022-12-20 00:00:00;125171999;C;000000000114;000116;124720000;3;1;1;2;21;1372432.4124;10796158.4244;7.135015533111907;-73.12320773121195;"-7º -8' -6,056"" S";"73º 7' 23,548"" W";17 N 1372432 10796158;2313.52955871;3
2022-09-08 00:00:00;365085000;A;000000000208;000148;199080000;4;2;0;1;27;1372288.305;10796281.0895;7.136136804302864;-73.124481526444;"-7º -8' -10,092"" S";"73º 7' 28,133"" W";17 N 1372288 10796281;2499.57306141;3
2022-02-04 00:00:00;166896000;A;000000000121;000117;155636000;4;1;0;1;31;1372205.5863;10796265.4441;7.136009356971181;-73.12522596365598;"-7º -8' -9,634"" S";"73º 7' 30,813"" W";17 N 1372206 10796265;2541.11953747;3
2021-11-05 00:00:00;429757199;A;000000000204;000186;197805000;3;1;0;1;60;1372007.0268;10796310.2272;7.136441184472232;-73.12700023838588;"-7º -8' -11,188"" S";"73º 7' 37,201"" W";17 N 1372007 10796310;2708.08451827;3
2022-04-19 00:00:00;93878999;A;000000000093;000065;77258000;4;1;0;1;14;1372060.189;10796024.5362;7.133873186591746;-73.12656737238773;"-7º -8' -1,943"" S";"73º 7' 35,643"" W";17 N 1372060 10796025;2469.79012458;3
2022-10-10 00:00:00;104309999;A;000000000091;000087;86900000;4;1;0;1;21;1372060.7605;10796018.6941;7.133820752958197;-73.126563145896;"-7º -8' -1,755"" S";"73º 7' 35,627"" W";17 N 1372061 10796019;2465.41402308;3
2021-04-20 00:00:00;16115894;A;000000000001;000013;6991000;0;0;0;1;39;1371864.5752;10796178.9276;7.135286651239377;-73.1282983369428;"-7º -8' -7,032"" S";"73º 7' 41,874"" W";17 N 1371865 10796179;2718.33124699;0
2021-11-19 00:00:00;16115894;A;000000000001;000013;6991000;0;0;0;1;39;1371865.5661;10796173.5705;7.135238498508734;-73.12829027343369;"-7º -8' -6,859"" S";"73º 7' 41,845"" W";17 N 1371866 10796174;2713.99727161;0
2021-08-09 00:00:00;16115894;A;000000000001;000011;6050000;0;0;0;1;39;1371878.8862;10796176.4267;7.135262040619063;-73.12817034508564;"-7º -8' -6,943"" S";"73º 7' 41,413"" W";17 N 1371879 10796176;2706.06894993;0
2021-12-17 00:00:00;16115894;A;000000000001;000018;9439000;0;0;0;1;39;1371881.7311;10796161.0502;7.1351238276250815;-73.12814719397095;"-7º -8' -6,446"" S";"73º 7' 41,33"" W";17 N 1371882 10796161;2693.61221245;0
2021-07-12 00:00:00;16115894;A;000000000001;000012;6723000;0;0;0;1;39;1371888.4355;10796175.2674;7.135250183637353;-73.12808486149812;"-7º -8' -6,901"" S";"73º 7' 41,106"" W";17 N 1371888 10796175;2698.2436541;0
2021-11-26 00:00:00;16115894;A;000000000001;000012;6723000;0;0;0;1;39;1371886.9123;10796183.5013;7.1353241947175965;-73.12809725673769;"-7º -8' -7,167"" S";"73º 7' 41,15"" W";17 N 1371887 10796184;2704.93788405;0
2021-11-12 00:00:00;16115894;A;000000000001;000009;5082000;0;0;0;1;39;1371892.5863;10796179.2321;7.135285069032237;-73.1280470157873;"-7º -8' -7,026"" S";"73º 7' 40,969"" W";17 N 1371893 10796179;2697.87224961;0
2021-07-12 00:00:00;16115894;A;000000000001;000009;5082000;0;0;0;1;39;1371893.1646;10796176.1071;7.135256979687126;-73.12804230962941;"-7º -8' -6,925"" S";"73º 7' 40,952"" W";17 N 1371893 10796176;2695.32985076;0
2021-10-12 00:00:00;16115894;A;000000000001;000012;6723000;0;0;0;1;39;1371904.1154;10796167.3523;7.1351768504916535;-73.12794542419645;"-7º -8' -6,637"" S";"73º 7' 40,604"" W";17 N 1371904 10796167;2681.34366988;0
2021-08-04 00:00:00;16115894;A;000000000001;000012;6723000;0;0;0;1;39;1371903.1137;10796172.7072;7.135224985137318;-73.12795358488877;"-7º -8' -6,81"" S";"73º 7' 40,633"" W";17 N 1371903 10796173;2685.71015586;0
2021-07-12 00:00:00;16115894;A;000000000001;000012;6723000;0;0;0;1;39;1371900.5716;10796186.2932;7.13534710840585;-73.12797429551415;"-7º -8' -7,25"" S";"73º 7' 40,707"" W";17 N 1371901 10796186;2696.8065841;0
2021-12-15 00:00:00;16115894;A;000000000001;000013;6991000;0;0;0;1;39;1371864.1163;10796181.4076;7.135308942949431;-73.12830207141461;"-7º -8' -7,112"" S";"73º 7' 41,887"" W";17 N 1371864 10796181;2720.33909113;0
2021-09-07 00:00:00;229920101;A;000000000001;000013;6991000;0;0;0;1;39;1371865.5661;10796173.5705;7.135238498508734;-73.12829027343369;"-7º -8' -6,859"" S";"73º 7' 41,845"" W";17 N 1371866 10796174;2713.99727161;0
2021-07-12 00:00:00;16115894;A;000000000001;000018;9439000;0;0;0;1;39;1371881.7311;10796161.0502;7.1351238276250815;-73.12814719397095;"-7º -8' -6,446"" S";"73º 7' 41,33"" W";17 N 1371882 10796161;2693.61221245;0
2021-11-04 00:00:00;16115894;A;000000000001;000012;6723000;0;0;0;1;39;1371887.4446;10796180.6244;7.135298335452197;-73.12809292499567;"-7º -8' -7,074"" S";"73º 7' 41,135"" W";17 N 1371887 10796181;2702.59780348;0
2021-08-19 00:00:00;16115894;A;000000000001;000012;6723000;0;0;0;1;39;1371904.1154;10796167.3523;7.1351768504916535;-73.12794542419645;"-7º -8' -6,637"" S";"73º 7' 40,604"" W";17 N 1371904 10796167;2681.34366988;0
2021-07-12 00:00:00;16115894;A;000000000001;000012;6723000;0;0;0;1;39;1371902.1114;10796178.0623;7.135273121669064;-73.12796175092893;"-7º -8' -6,983"" S";"73º 7' 40,662"" W";17 N 1371902 10796178;2690.08116297;0
2021-11-04 00:00:00;16115894;A;000000000001;000012;6723000;0;0;0;1;39;1371888.8943;10796172.7872;7.135227890160978;-73.1280811279642;"-7º -8' -6,82"" S";"73º 7' 41,092"" W";17 N 1371889 10796173;2696.2290813;0
2021-11-04 00:00:00;16115894;A;000000000001;000012;6723000;0;0;0;1;39;1371888.4355;10796175.2674;7.135250183637353;-73.12808486149812;"-7º -8' -6,901"" S";"73º 7' 41,106"" W";17 N 1371888 10796175;2698.2436541;0
2021-09-01 00:00:00;16115894;A;000000000001;000012;6723000;0;0;0;1;39;1371887.4446;10796180.6244;7.135298335452197;-73.12809292499567;"-7º -8' -7,074"" S";"73º 7' 41,135"" W";17 N 1371887 10796181;2702.59780348;0
2021-11-19 00:00:00;16115894;A;000000000001;000011;5905000;0;0;0;1;39;1371894.8107;10796165.3241;7.1351601094829755;-73.12802920466952;"-7º -8' -6,576"" S";"73º 7' 40,905"" W";17 N 1371895 10796165;2686.82519573;0
2021-09-16 00:00:00;152778684;A;000000000001;000012;6723000;0;0;0;1;39;1371903.5773;10796170.228;7.135202699888521;-73.12794980814878;"-7º -8' -6,73"" S";"73º 7' 40,619"" W";17 N 1371904 10796170;2683.68819928;0
2021-09-07 00:00:00;16115894;A;000000000001;000012;6723000;0;0;0;1;39;1371902.5755;10796175.583;7.135250835446513;-73.12795796972078;"-7º -8' -6,903"" S";"73º 7' 40,649"" W";17 N 1371903 10796176;2688.05694735;0
2021-08-04 00:00:00;16115894;A;000000000001;000012;6723000;0;0;0;1;39;1371900.1076;10796188.7722;7.135369391926584;-73.12797807586809;"-7º -8' -7,33"" S";"73º 7' 40,721"" W";17 N 1371900 10796189;2698.83414326;0
2021-11-16 00:00:00;16115894;A;000000000001;000013;6991000;0;0;0;1;39;1371865.5661;10796173.5705;7.135238498508734;-73.12829027343369;"-7º -8' -6,859"" S";"73º 7' 41,845"" W";17 N 1371866 10796174;2713.99727161;0
2022-10-28 00:00:00;15646499;A;000000000001;000013;6911000;0;0;0;1;39;1371866.5573;10796168.2134;7.1351903457336565;-73.12828220722974;"-7º -8' -6,685"" S";"73º 7' 41,816"" W";17 N 1371867 10796168;2709.66709526;0
2021-11-05 00:00:00;16115894;A;000000000001;000014;7395000;0;0;0;1;39;1371880.5985;10796165.7862;7.1351664370179355;-73.12815662429132;"-7º -8' -6,599"" S";"73º 7' 41,364"" W";17 N 1371881 10796166;2697.63505119;0
2021-12-17 00:00:00;16115894;A;000000000000;000012;6423000;0;0;0;1;39;1371901.0354;10796183.8141;7.135324824020255;-73.12797051696893;"-7º -8' -7,169"" S";"73º 7' 40,694"" W";17 N 1371901 10796184;2694.77993838;0
2021-04-20 00:00:00;179435789;A;000000000008;000055;99566000;3;2;0;1;73;1371866.2159;10796166.5929;7.135175878399087;-73.12828551943971;"-7º -8' -6,633"" S";"73º 7' 41,828"" W";17 N 1371866 10796167;2708.83385129;0
2021-11-19 00:00:00;143700063;A;000000000006;000041;74138000;3;2;0;1;73;1371872.189;10796174.6798;7.13524741880135;-73.12823069163089;"-7º -8' -6,891"" S";"73º 7' 41,63"" W";17 N 1371872 10796175;2709.84035145;0
2021-08-09 00:00:00;111111575;A;000000000006;000037;67627000;3;2;0;1;73;1371874.2701;10796164.459;7.135155518996993;-73.1282135978262;"-7º -8' -6,56"" S";"73º 7' 41,569"" W";17 N 1371874 10796164;2701.42923395;0
2021-12-17 00:00:00;172192966;A;000000000008;000055;99566000;3;2;0;1;73;1371864.248;10796177.3005;7.135272122582958;-73.12830152279186;"-7º -8' -6,98"" S";"73º 7' 41,885"" W";17 N 1371864 10796177;2717.47956918;0
2021-07-12 00:00:00;121378474;A;000000000006;000041;74138000;3;2;0;1;73;1371883.8945;10796177.065;7.135266989144508;-73.12812531966934;"-7º -8' -6,961"" S";"73º 7' 41,251"" W";17 N 1371884 10796177;2702.80532771;0
2021-11-26 00:00:00;165023541;A;000000000008;000055;99566000;3;2;0;1;73;1371886.1082;10796165.064;7.135159118158936;-73.12810731068672;"-7º -8' -6,573"" S";"73º 7' 41,186"" W";17 N 1371886 10796165;2693.0747302;0
2021-11-12 00:00:00;183987222;A;000000000008;000055;99566000;3;2;0;1;73;1371864.248;10796177.3005;7.135272122582958;-73.12830152279186;"-7º -8' -6,98"" S";"73º 7' 41,885"" W";17 N 1371864 10796177;2717.47956918;0
2021-07-12 00:00:00;147213328;A;000000000006;000041;74138000;3;2;0;1;73;1371872.189;10796174.6798;7.13524741880135;-73.12823069163089;"-7º -8' -6,891"" S";"73º 7' 41,63"" W";17 N 1371872 10796175;2709.84035145;0
2021-10-12 00:00:00;186235282;A;000000000008;000055;99566000;3;2;0;1;73;1371864.248;10796177.3005;7.135272122582958;-73.12830152279186;"-7º -8' -6,98"" S";"73º 7' 41,885"" W";17 N 1371864 10796177;2717.47956918;0
2021-12-20 00:00:00;102228493;A;000000000004;000027;48494000;3;2;0;1;73;1371870.9757;10796181.2753;7.135306701958946;-73.12824055937;"-7º -8' -7,104"" S";"73º 7' 41,666"" W";17 N 1371871 10796181;2715.17974673;0
2021-08-04 00:00:00;127487473;A;000000000006;000041;74138000;3;2;0;1;73;1371883.8945;10796177.065;7.135266989144508;-73.12812531966934;"-7º -8' -6,961"" S";"73º 7' 41,251"" W";17 N 1371884 10796177;2702.80532771;0
2021-07-12 00:00:00;166755463;A;000000000008;000055;99566000;3;2;0;1;73;1371866.2159;10796166.5929;7.135175878399087;-73.12828551943971;"-7º -8' -6,633"" S";"73º 7' 41,828"" W";17 N 1371866 10796167;2708.83385129;0
2021-09-08 00:00:00;109738501;A;000000000004;000027;48494000;3;2;0;1;73;1371870.9757;10796181.2753;7.135306701958946;-73.12824055937;"-7º -8' -7,104"" S";"73º 7' 41,666"" W";17 N 1371871 10796181;2715.17974673;0
2021-12-15 00:00:00;140315725;A;000000000006;000041;74138000;3;2;0;1;73;1371872.189;10796174.6798;7.13524741880135;-73.12823069163089;"-7º -8' -6,891"" S";"73º 7' 41,63"" W";17 N 1371872 10796175;2709.84035145;0
2021-11-05 00:00:00;128003182;A;000000000006;000041;74138000;3;2;0;1;73;1371883.8945;10796177.065;7.135266989144508;-73.12812531966934;"-7º -8' -6,961"" S";"73º 7' 41,251"" W";17 N 1371884 10796177;2702.80532771;0
2021-11-04 00:00:00;203060276;A;000000000008;000055;99566000;3;2;0;1;73;1371866.2159;10796166.5929;7.135175878399087;-73.12828551943971;"-7º -8' -6,633"" S";"73º 7' 41,828"" W";17 N 1371866 10796167;2708.83385129;0
2021-11-19 00:00:00;150629898;A;000000000006;000041;74138000;3;2;0;1;73;1371872.189;10796174.6798;7.13524741880135;-73.12823069163089;"-7º -8' -6,891"" S";"73º 7' 41,63"" W";17 N 1371872 10796175;2709.84035145;0
2021-07-12 00:00:00;108630801;A;000000000006;000037;67627000;3;2;0;1;73;1371874.2701;10796164.459;7.135155518996993;-73.1282135978262;"-7º -8' -6,56"" S";"73º 7' 41,569"" W";17 N 1371874 10796164;2701.42923395;0
2021-08-19 00:00:00;170519061;A;000000000008;000055;99566000;3;2;0;1;73;1371864.248;10796177.3005;7.135272122582958;-73.12830152279186;"-7º -8' -6,98"" S";"73º 7' 41,885"" W";17 N 1371864 10796177;2717.47956918;0
2021-07-12 00:00:00;187055179;A;000000000008;000055;99566000;3;2;0;1;73;1371894.0758;10796166.6875;7.135172438791782;-73.12803558703612;"-7º -8' -6,621"" S";"73º 7' 40,928"" W";17 N 1371894 10796167;2688.28797913;0
2021-08-04 00:00:00;186622064;A;000000000008;000055;99566000;3;2;0;1;73;1371886.1082;10796165.064;7.135159118158936;-73.12810731068672;"-7º -8' -6,573"" S";"73º 7' 41,186"" W";17 N 1371886 10796165;2693.0747302;0
2021-11-04 00:00:00;171902880;A;000000000008;000055;99566000;3;2;0;1;73;1371892.1122;10796177.3431;7.135268216339272;-73.12805155976498;"-7º -8' -6,966"" S";"73º 7' 40,986"" W";17 N 1371892 10796177;2696.94122806;0
2021-09-01 00:00:00;114240207;A;000000000006;000037;67627000;3;2;0;1;73;1371874.2701;10796164.459;7.135155518996993;-73.1282135978262;"-7º -8' -6,56"" S";"73º 7' 41,569"" W";17 N 1371874 10796164;2701.42923395;0
2021-11-04 00:00:00;110845125;A;000000000004;000027;48494000;3;2;0;1;73;1371882.6796;10796183.6622;7.135326287768345;-73.1281352014807;"-7º -8' -7,175"" S";"73º 7' 41,287"" W";17 N 1371883 10796184;2708.16148636;0
2021-09-07 00:00:00;229920101;A;000000000008;000055;99566000;3;2;0;1;73;1371892.1122;10796177.3431;7.135268216339272;-73.12805155976498;"-7º -8' -6,966"" S";"73º 7' 40,986"" W";17 N 1371892 10796177;2696.94122806;0
2021-09-16 00:00:00;152778684;A;000000000006;000041;74138000;3;2;0;1;73;1371872.189;10796174.6798;7.13524741880135;-73.12823069163089;"-7º -8' -6,891"" S";"73º 7' 41,63"" W";17 N 1371872 10796175;2709.84035145;0
2021-07-12 00:00:00;104037342;A;000000000004;000027;47997000;3;2;0;1;73;1371890.6573;10796185.2892;7.135339638183917;-73.12806338665274;"-7º -8' -7,223"" S";"73º 7' 41,028"" W";17 N 1371891 10796185;2703.39746871;0
2021-09-07 00:00:00;198225508;A;000000000008;000055;99566000;3;2;0;1;73;1371892.1122;10796177.3431;7.135268216339272;-73.12805155976498;"-7º -8' -6,966"" S";"73º 7' 40,986"" W";17 N 1371892 10796177;2696.94122806;0
2021-12-14 00:00:00;122480801;A;000000000004;000027;48494000;3;2;0;1;73;1371882.6796;10796183.6622;7.135326287768345;-73.1281352014807;"-7º -8' -7,175"" S";"73º 7' 41,287"" W";17 N 1371883 10796184;2708.16148636;0
2021-11-16 00:00:00;153964814;A;000000000006;000041;74138000;3;2;0;1;73;1371893.3036;10796170.8432;7.1352097931621365;-73.12804187377509;"-7º -8' -6,755"" S";"73º 7' 40,951"" W";17 N 1371893 10796171;2691.66559037;0
2021-09-07 00:00:00;114935339;A;000000000006;000037;67627000;3;2;0;1;73;1371874.2701;10796164.459;7.135155518996993;-73.1282135978262;"-7º -8' -6,56"" S";"73º 7' 41,569"" W";17 N 1371874 10796164;2701.42923395;0
2021-11-04 00:00:00;131828021;A;000000000006;000041;74138000;3;2;0;1;73;1371883.8945;10796177.065;7.135266989144508;-73.12812531966934;"-7º -8' -6,961"" S";"73º 7' 41,251"" W";17 N 1371884 10796177;2702.80532771;0
2021-07-12 00:00:00;111575713;A;000000000004;000027;34323000;3;2;0;1;73;1371870.9757;10796181.2753;7.135306701958946;-73.12824055937;"-7º -8' -7,104"" S";"73º 7' 41,666"" W";17 N 1371871 10796181;2715.17974673;0
2021-12-17 00:00:00;166530915;A;000000000006;000041;74138000;3;2;0;1;73;1371893.3036;10796170.8432;7.1352097931621365;-73.12804187377509;"-7º -8' -6,755"" S";"73º 7' 40,951"" W";17 N 1371893 10796171;2691.66559037;0
2022-09-23 00:00:00;234697499;A;000000000157;000156;169952000;5;1;0;1;60;1371947.916;10796014.8843;7.133803981026782;-73.12757600117725;"-7º -8' -1,694"" S";"73º 7' 39,274"" W";17 N 1371948 10796015;2547.17125809;3
2022-11-11 00:00:00;469394999;A;000000000303;000279;334432000;4;3;0;1;28;1371956.0253;10796007.5369;7.133736899817763;-73.12750438876502;"-7º -8' -1,453"" S";"73º 7' 39,016"" W";17 N 1371956 10796008;2536.23167864;3
2022-11-04 00:00:00;208619999;A;000000000182;000156;193707000;4;3;0;1;37;1371800.0345;10796048.91;7.13413160804661;-73.12889733058122;"-7º -8' -2,874"" S";"73º 7' 44,03"" W";17 N 1371800 10796049;2682.29890586;3
2021-05-07 00:00:00;306202005;A;000000000145;000120;167515000;4;2;0;1;40;1371823.652;10795971.3429;7.13343296341934;-73.1286974173464;"-7º -8' -0,359"" S";"73º 7' 43,311"" W";17 N 1371824 10795971;2615.30104082;3
2022-12-16 00:00:00;261505169;A;000000000215;000420;261415000;3;1;0;1;22;1371849.952;10795956.102;7.133292357104613;-73.12846384081786;"-7º -7' -59,852"" S";"73º 7' 42,47"" W";17 N 1371850 10795956;2585.21814371;3
2022-11-21 00:00:00;151249500;A;000000000097;000156;111507000;3;2;0;2;37;1372344.3836;10796751.8412;7.140346114659614;-73.12390587532143;"-7º -8' -25,246"" S";"73º 7' 26,061"" W";17 N 1372344 10796752;2848.12348329;3
2022-08-05 00:00:00;86472990;A;000000000108;000108;86407000;3;1;0;1;40;1372369.3863;10796676.5371;7.1396675363063355;-73.12369320480938;"-7º -8' -22,803"" S";"73º 7' 25,296"" W";17 N 1372369 10796677;2771.26090247;3
2022-12-28 00:00:00;87620400;A;000000000106;000098;87534000;4;1;0;1;27;1372400.1145;10796671.3238;7.139616090752762;-73.12341836145264;"-7º -8' -22,618"" S";"73º 7' 24,306"" W";17 N 1372400 10796671;2750.27136542;3
2022-04-25 00:00:00;156465000;A;000000000159;000190;116933000;5;2;0;3;26;1372287.4044;10796821.3829;7.14097798947846;-73.1244062812711;"-7º -8' -27,521"" S";"73º 7' 27,863"" W";17 N 1372287 10796821;2937.41621639;1
2022-03-02 00:00:00;73017000;A;000000000012;000045;58778000;2;1;1;1;57;1372283.4025;10796495.7635;7.138061045629544;-73.12449240422053;"-7º -8' -17,02"" S";"73º 7' 28,173"" W";17 N 1372283 10796496;2671.75635787;0
2021-01-25 00:00:00;85951440;A;000000000012;000045;58433000;1;1;0;1;57;1372284.3801;10796501.4397;7.138111754003495;-73.12448275934165;"-7º -8' -17,202"" S";"73º 7' 28,138"" W";17 N 1372284 10796501;2675.73358788;0
2022-11-11 00:00:00;97802099;A;000000000169;000105;97802000;4;1;0;1;25;1372145.1387;10796727.395;7.140157771345576;-73.12569698190285;"-7º -8' -24,568"" S";"73º 7' 32,509"" W";17 N 1372145 10796727;2940.27481871;3
2022-08-30 00:00:00;140818500;A;000000000109;000140;139537000;3;1;0;1;31;1372239.3183;10796396.8872;7.137181899379122;-73.12490310744094;"-7º -8' -13,855"" S";"73º 7' 29,651"" W";17 N 1372239 10796397;2620.36211393;3
2021-08-12 00:00:00;268598250;C;000000000226;000260;260144000;0;2;1;1;40;1372213.3583;10796386.2557;7.137090638197392;-73.12513762053129;"-7º -8' -13,526"" S";"73º 7' 30,495"" W";17 N 1372213 10796386;2628.41749321;3
2022-10-13 00:00:00;271206000;A;000000000292;000195;267499000;5;1;0;2;44;1372080.2694;10796583.6225;7.138879551463103;-73.12630106702879;"-7º -8' -19,966"" S";"73º 7' 34,684"" W";17 N 1372080 10796584;2865.54546988;3
2021-03-29 00:00:00;193390739;A;000000000090;000075;60006000;3;1;0;1;40;1372100.5825;10796530.0311;7.138396240541615;-73.12612711053222;"-7º -8' -18,226"" S";"73º 7' 34,058"" W";17 N 1372101 10796530;2811.11222099;3
2021-11-30 00:00:00;165456522;A;000000000143;000130;131500000;3;1;0;1;44;1371999.7147;10796775.353;7.140609878562406;-73.1269941237938;"-7º -8' -26,196"" S";"73º 7' 37,179"" W";17 N 1372000 10796775;3065.96661468;2
2022-05-17 00:00:00;161680500;A;000000000118;000276;160637000;5;2;0;1;60;1371943.6967;10796721.3352;7.140134501648217;-73.12750496883135;"-7º -8' -24,484"" S";"73º 7' 39,018"" W";17 N 1371944 10796721;3058.51851281;3
2021-07-19 00:00:00;107439299;A;000000000125;000109;87679000;5;1;0;1;29;1371962.8882;10796641.8749;7.139419574190764;-73.12734506152377;"-7º -8' -21,91"" S";"73º 7' 38,442"" W";17 N 1371963 10796642;2985.01559661;3
2022-02-15 00:00:00;135603000;A;000000000189;000144;130961000;3;1;0;1;40;1372007.2903;10796452.7262;7.137717947559787;-73.126975910115;"-7º -8' -15,785"" S";"73º 7' 37,113"" W";17 N 1372007 10796453;2812.73099441;3
2021-07-21 00:00:00;99918548;A;000000000138;000106;99421000;5;1;0;1;29;1372078.9154;10796405.4579;7.137283392026722;-73.1263406813111;"-7º -8' -14,22"" S";"73º 7' 34,826"" W";17 N 1372079 10796405;2729.90186444;3
2022-09-19 00:00:00;46939499;A;000000000039;000058;42229000;3;1;0;2;37;1371926.5936;10796681.9704;7.139784422953689;-73.12766446356993;"-7º -8' -23,224"" S";"73º 7' 39,592"" W";17 N 1371927 10796682;3039.05626393;3
2022-06-08 00:00:00;73017000;A;000000000070;000140;71893000;3;1;0;2;29;1371900.1026;10796644.8602;7.139455990967694;-73.12790782530897;"-7º -8' -22,042"" S";"73º 7' 40,468"" W";17 N 1371900 10796645;3027.90893077;3
2022-12-20 00:00:00;229481999;B;000000000307;000169;194166000;5;1;0;1;26;1371947.1546;10796434.0309;7.137559694173303;-73.1275182421799;"-7º -8' -15,215"" S";"73º 7' 39,066"" W";17 N 1371947 10796434;2839.30183159;3
2021-12-29 00:00:00;128927159;A;000000000050;000048;43802000;2;1;0;1;35;1371817.2083;10796665.9536;7.139657754103495;-73.12864818577903;"-7º -8' -22,768"" S";"73º 7' 43,133"" W";17 N 1371817 10796666;3098.38284852;3
2022-10-03 00:00:00;114740999;A;000000000146;000112;101741000;4;1;0;1;40;1371811.3148;10796444.6923;7.137676132505692;-73.12873515915611;"-7º -8' -15,634"" S";"73º 7' 43,447"" W";17 N 1371811 10796445;2940.87784366;3
2022-07-21 00:00:00;146034000;A;000000000169;000142;145380000;2;2;0;1;32;1371746.7839;10796438.905;7.137634210248761;-73.12931493119441;"-7º -8' -15,483"" S";"73º 7' 45,534"" W";17 N 1371747 10796439;2982.49082783;2
2021-03-15 00:00:00;204134669;A;000000000193;000162;108449000;4;1;0;1;18;1371629.904;10796665.5917;7.139683348070583;-73.13032848061468;"-7º -8' -22,86"" S";"73º 7' 49,183"" W";17 N 1371630 10796666;3225.64456909;2
2022-03-15 00:00:00;67801500;A;000000000090;000088;63665000;4;1;0;1;40;1371623.6599;10796600.4162;7.139100326268466;-73.13039453930098;"-7º -8' -20,761"" S";"73º 7' 49,42"" W";17 N 1371624 10796600;3183.61403687;2
2022-10-11 00:00:00;258897419;A;000000000405;000246;258867000;8;2;0;1;60;1371650.3653;10796426.8824;7.1375413254081055;-73.1301817168032;"-7º -8' -15,149"" S";"73º 7' 48,654"" W";17 N 1371650 10796427;3043.87234999;3
2022-03-28 00:00:00;239912999;A;000000000142;000282;199851000;5;2;0;2;40;1371589.3745;10796315.5823;7.13655344355971;-73.13074598935229;"-7º -8' -11,592"" S";"73º 7' 50,686"" W";17 N 1371589 10796316;3015.07604689;2
2022-02-14 00:00:00;26077499;A;000000000150;000125;24591000;3;1;0;2;60;1371871.0814;10796801.8807;7.14086738102999;-73.1281439530977;"-7º -8' -27,123"" S";"73º 7' 41,318"" W";17 N 1371871 10796802;3166.83558567;1
2022-06-23 00:00:00;146034000;A;000000000210;000081;109473000;2;1;0;2;27;1371542.671;10796575.7369;7.138891661112016;-73.1311248658169;"-7º -8' -20,01"" S";"73º 7' 52,05"" W";17 N 1371543 10796576;3224.3494865;2
2022-11-24 00:00:00;292068000;C;000000000396;000075;264451000;0;1;1;1;60;1371563.9486;10796442.7668;7.13769695103687;-73.1309544808321;"-7º -8' -15,709"" S";"73º 7' 51,436"" W";17 N 1371564 10796443;3118.26369386;2
2022-09-22 00:00:00;260774999;A;000000000202;000248;181070000;0;1;2;3;40;1371489.1964;10796357.7616;7.136946791126087;-73.13163815114258;"-7º -8' -13,008"" S";"73º 7' 53,897"" W";17 N 1371489 10796358;3118.72777286;2
2022-03-10 00:00:00;714430664;C;000000000570;000684;621621000;0;1;0;3;47;1371427.6057;10796714.3368;7.140151252203911;-73.13213572159438;"-7º -8' -24,545"" S";"73º 7' 55,689"" W";17 N 1371428 10796714;3403.33364936;2
2022-09-29 00:00:00;717652800;C;000000000426;000426;270691000;0;1;1;1;40;1371442.8467;10796668.0429;7.139734103923626;-73.13200613313312;"-7º -8' -23,043"" S";"73º 7' 55,222"" W";17 N 1371443 10796668;3360.29496918;2
2022-08-19 00:00:00;151249500;A;000000000190;000190;136014000;0;0;0;1;18;1371294.3807;10796538.0252;7.1385919642344895;-73.13335800890991;"-7º -8' -18,931"" S";"73º 8' 0,089"" W";17 N 1371294 10796538;3383.87180073;2
2022-10-07 00:00:00;886634999;B;000000000968;000983;780671000;0;2;1;3;44;1371349.2354;10796474.7683;7.138016728664162;-73.13287566883363;"-7º -8' -16,86"" S";"73º 7' 58,352"" W";17 N 1371349 10796475;3301.15422765;2
2022-10-25 00:00:00;73017000;A;000000000133;000132;68131000;0;1;0;1;40;1371255.0891;10797997.2329;7.15167284494114;-73.13348549404228;"-7º -9' -6,022"" S";"73º 8' 0,548"" W";17 N 1371255 10797997;4490.80764073;2
2022-08-10 00:00:00;104309999;A;000000000126;000106;101245000;4;1;0;1;43;1371086.0105;10798310.2828;7.154503910848543;-73.13495398046932;"-7º -9' -16,214"" S";"73º 8' 5,834"" W";17 N 1371086 10798310;4843.89834077;2
2022-01-27 00:00:00;125171999;A;000000000147;000143;122621000;4;1;0;1;60;1371015.1126;10798279.6645;7.154240492380621;-73.13559473517779;"-7º -9' -15,266"" S";"73º 8' 8,141"" W";17 N 1371015 10798280;4860.30068813;2
2022-12-26 00:00:00;78232500;A;000000000127;000103;77559000;4;1;0;1;40;1371119.1183;10798246.2563;7.153925113222365;-73.1346668522515;"-7º -9' -14,13"" S";"73º 8' 4,801"" W";17 N 1371119 10798246;4772.5007196;2
2022-04-04 00:00:00;132152425;A;000000000127;000187;132152000;6;2;0;1;40;1371132.2932;10798199.7662;7.153506519386452;-73.13455583577807;"-7º -9' -12,623"" S";"73º 8' 4,401"" W";17 N 1371132 10798200;4726.97046489;2
2022-05-11 00:00:00;104309999;A;000000000127;000109;102927000;5;1;0;1;43;1371138.9729;10798207.5308;7.153575062401856;-73.13449471359928;"-7º -9' -12,87"" S";"73º 8' 4,181"" W";17 N 1371139 10798208;4729.42544639;2
2022-03-03 00:00:00;76771116;A;000000000132;000114;76771000;4;1;0;1;40;1371299.4524;10797897.986;7.150776733145326;-73.13310282943446;"-7º -9' -2,796"" S";"73º 7' 59,17"" W";17 N 1371299 10797898;4384.38237551;2
2022-08-11 00:00:00;339007500;A;000000000234;000146;146960000;3;1;1;2;44;1371315.8961;10797790.9202;7.149814866330377;-73.13297183545473;"-7º -8' -59,334"" S";"73º 7' 58,699"" W";17 N 1371316 10797791;4288.38462913;3
2022-05-17 00:00:00;125171999;A;000000000064;000168;115685000;5;2;0;3;42;1371270.6018;10797837.5463;7.150239626502485;-73.13337097258545;"-7º -9' -0,863"" S";"73º 8' 0,136"" W";17 N 1371271 10797838;4352.83988503;2
2022-11-16 00:00:00;67801500;A;000000000126;000126;65741000;5;1;0;1;60;1370855.3865;10798291.4205;7.154370449202651;-73.1370258351824;"-7º -9' -15,734"" S";"73º 8' 13,293"" W";17 N 1370855 10798291;4965.33975517;2
2021-04-14 00:00:00;145043055;A;000000000126;000091;80189000;3;1;0;1;34;1370924.7554;10798296.4613;7.154404924353906;-73.13640274314135;"-7º -9' -15,858"" S";"73º 8' 11,05"" W";17 N 1370925 10798296;4927.47719938;2
2022-12-19 00:00:00;52154999;A;000000000068;000062;49514000;3;1;0;1;60;1370965.1971;10798293.554;7.15437264041615;-73.13604038645386;"-7º -9' -15,742"" S";"73º 8' 9,745"" W";17 N 1370965 10798294;4901.01955203;2
2022-07-19 00:00:00;114740999;A;000000000126;000105;100685000;4;1;0;2;43;1370940.9118;10798184.5659;7.153399819472195;-73.13627507105168;"-7º -9' -12,239"" S";"73º 8' 10,59"" W";17 N 1370941 10798185;4828.50384652;2
2022-11-09 00:00:00;70930800;A;000000000126;000104;70557000;6;1;0;2;24;1370954.6888;10798161.934;7.1531949079679995;-73.13615496926946;"-7º -9' -11,502"" S";"73º 8' 10,158"" W";17 N 1370955 10798162;4802.15979366;2
2021-03-08 00:00:00;128927159;A;000000000127;000082;71856000;5;1;0;1;30;1370972.9724;10798113.0034;7.152753658341507;-73.13599849671802;"-7º -9' -9,913"" S";"73º 8' 9,595"" W";17 N 1370973 10798113;4752.22813243;2
2021-05-07 00:00:00;85951440;A;000000000127;000126;83438000;3;1;0;1;60;1371005.3141;10798108.5378;7.152708661083839;-73.13570904738864;"-7º -9' -9,751"" S";"73º 8' 8,553"" W";17 N 1371005 10798109;4728.98855726;2
2022-08-04 00:00:00;97008299;A;000000000125;000176;96909000;3;1;0;1;40;1371229.0731;10798468.5619;7.1559000700748605;-73.13364612248385;"-7º -9' -21,24"" S";"73º 8' 1,126"" W";17 N 1371229 10798469;4895.28834271;2
2022-11-23 00:00:00;88663500;A;000000000126;000110;84843000;4;1;0;1;37;1371246.0685;10798480.8365;7.156007432116997;-73.13349176053126;"-7º -9' -21,627"" S";"73º 8' 0,57"" W";17 N 1371246 10798481;4896.46689034;2
2021-11-09 00:00:00;98844155;A;000000000126;000146;83213000;4;1;0;1;40;1371284.7691;10798490.3984;7.1560871399363695;-73.13314309923899;"-7º -9' -21,914"" S";"73º 7' 59,315"" W";17 N 1371285 10798490;4883.88833868;2
2022-11-02 00:00:00;36508500;A;000000000060;000053;24857000;3;1;0;1;27;1371696.9377;10797168.3827;7.144178108995062;-73.12964961875238;"-7º -8' -39,041"" S";"73º 7' 46,739"" W";17 N 1371697 10797168;3562.09675864;2
2022-03-10 00:00:00;52154999;A;000000000059;000060;17967000;3;1;0;1;16;1371834.374;10797224.3249;7.144658184006566;-73.1284080865659;"-7º -8' -40,769"" S";"73º 7' 42,269"" W";17 N 1371834 10797224;3525.15344161;2
2022-12-20 00:00:00;80944560;A;000000000060;000128;75685000;4;2;0;2;41;1371837.1352;10797114.2472;7.14367144954864;-73.12840029782124;"-7º -8' -37,217"" S";"73º 7' 42,241"" W";17 N 1371837 10797114;3434.37734986;2
2022-05-06 00:00:00;62585999;A;000000000060;000060;30577000;2;1;0;1;31;1371906.9427;10797130.9026;7.143809928473755;-73.12777150731384;"-7º -8' -37,716"" S";"73º 7' 39,977"" W";17 N 1371907 10797131;3406.96837937;2
2022-06-06 00:00:00;30578476;A;000000000059;000060;30577000;2;1;0;1;31;1371938.1972;10797118.2256;7.143691525601872;-73.12749308898596;"-7º -8' -37,289"" S";"73º 7' 38,975"" W";17 N 1371938 10797118;3378.6056199;2
2021-02-23 00:00:00;26859824;A;000000000055;000050;19048000;2;1;0;1;21;1372071.7232;10797244.4697;7.144802106270405;-73.1262757922227;"-7º -8' -41,288"" S";"73º 7' 34,593"" W";17 N 1372072 10797244;3410.25814243;2
2022-10-18 00:00:00;18775800;A;000000000060;000051;17237000;2;1;0;1;17;1372177.6814;10797259.6669;7.144921941776453;-73.12532293197206;"-7º -8' -41,719"" S";"73º 7' 31,163"" W";17 N 1372178 10797260;3368.50450791;2
2022-09-26 00:00:00;52154999;A;000000000060;000120;51423000;5;3;0;3;30;1372224.6281;10797284.9715;7.145141434993888;-73.12489788397754;"-7º -8' -42,509"" S";"73º 7' 29,632"" W";17 N 1372225 10797285;3367.10235888;2
2022-10-11 00:00:00;26077499;A;000000000060;000047;22945000;2;1;0;1;27;1372221.8989;10797200.8404;7.144388037650307;-73.12493535195809;"-7º -8' -39,797"" S";"73º 7' 29,767"" W";17 N 1372222 10797201;3295.41825586;2
2022-11-04 00:00:00;23991299;A;000000000060;000060;21378000;2;1;0;1;40;1372166.0192;10797104.9458;7.1435374303783306;-73.12545142673012;"-7º -8' -36,735"" S";"73º 7' 31,625"" W";17 N 1372166 10797105;3241.97697226;2
2022-03-10 00:00:00;60499799;A;000000000224;000166;59728000;8;2;0;2;30;1371901.3934;10796851.8086;7.141310071946638;-73.12786433608916;"-7º -8' -28,716"" S";"73º 7' 40,312"" W";17 N 1371901 10796852;3186.7593481;1
2022-11-02 00:00:00;36508500;A;000000000049;000098;31697000;4;2;0;2;25;1372189.9752;10796869.5034;7.141424162915939;-73.12527285283387;"-7º -8' -29,127"" S";"73º 7' 30,982"" W";17 N 1372190 10796870;3031.10874203;1
2021-03-24 00:00:00;53719649;A;000000000137;000100;39537000;1;3;0;2;26;1372255.0825;10796846.1353;7.141204752063859;-73.12469240811637;"-7º -8' -28,337"" S";"73º 7' 28,893"" W";17 N 1372255 10796846;2975.75097;1
2021-03-26 00:00:00;21487860;A;000000000084;000026;12759000;4;1;0;1;24;1372269.6245;10796895.0312;7.141640620305714;-73.12455441453592;"-7º -8' -29,906"" S";"73º 7' 28,396"" W";17 N 1372270 10796895;3009.07919545;1
2022-12-07 00:00:00;130387499;B;000000000176;000187;125162000;6;1;0;1;35;1371381.9506;10797675.8207;7.148773371876698;-73.13239702658375;"-7º -8' -55,584"" S";"73º 7' 56,629"" W";17 N 1371382 10797676;4156.64396426;1
2021-02-05 00:00:00;98050253;A;000000000205;000205;70236000;8;4;0;1;24;1372418.8092;10796984.1609;7.142416232390304;-73.12320239068686;"-7º -8' -32,698"" S";"73º 7' 23,529"" W";17 N 1372419 10796984;3009.79388914;1
2022-12-12 00:00:00;31292999;A;000000000153;000067;24993000;3;1;0;1;20;1372381.9142;10797082.2029;7.143300376557604;-73.12351822843374;"-7º -8' -35,881"" S";"73º 7' 24,666"" W";17 N 1372382 10797082;3113.4765623;1
2022-10-11 00:00:00;17732700;A;000000000048;000048;15779000;3;1;0;1;23;1372417.3888;10797087.7979;7.143345039258518;-73.12319913729588;"-7º -8' -36,042"" S";"73º 7' 23,517"" W";17 N 1372417 10797088;3101.54083143;1
2022-07-15 00:00:00;23991299;A;000000000069;000103;23304000;4;1;0;1;17;1372428.5511;10797010.7507;7.142652975455382;-73.12311089677826;"-7º -8' -33,551"" S";"73º 7' 23,199"" W";17 N 1372429 10797011;3028.41521597;1
2022-10-14 00:00:00;55284299;A;000000000059;000115;54585000;4;2;0;2;33;1372295.0543;10797447.028;7.146582607866228;-73.12424109730398;"-7º -8' -47,697"" S";"73º 7' 27,268"" W";17 N 1372295 10797447;3476.62507215;2
2022-09-13 00:00:00;36717120;A;000000000094;000076;36701000;3;1;0;1;27;1372279.8616;10797381.065;7.145993920314208;-73.12438756986788;"-7º -8' -45,578"" S";"73º 7' 27,795"" W";17 N 1372280 10797381;3425.06795811;2
2022-03-30 00:00:00;88663500;A;000000000167;000180;83800000;5;2;0;2;32;1372399.4366;10797232.5093;7.144644421796724;-73.12333784119176;"-7º -8' -40,72"" S";"73º 7' 24,016"" W";17 N 1372399 10797233;3238.10660719;2
2022-12-26 00:00:00;41724000;A;000000000088;000064;35926000;3;1;0;1;36;1372382.4222;10797195.3767;7.144314336640971;-73.12349620268611;"-7º -8' -39,532"" S";"73º 7' 24,586"" W";17 N 1372382 10797195;3212.98260357;2
2022-09-19 00:00:00;109525499;A;000000000178;000143;108423000;7;1;0;1;23;1371485.8217;10796580.079;7.1389393164115145;-73.13163417272072;"-7º -8' -20,182"" S";"73º 7' 53,883"" W";17 N 1371486 10796580;3268.69174831;2
2021-10-14 00:00:00;1063649069;B;000000000362;000377;615653000;0;0;1;1;31;1371457.4967;10796557.0407;7.138737247875151;-73.13189181680758;"-7º -8' -19,454"" S";"73º 7' 54,811"" W";17 N 1371457 10796557;3273.89552953;2
2021-10-14 00:00:00;1063649069;B;000000000397;000432;717343000;0;1;0;1;60;1371456.1342;10796570.7198;7.13886002495008;-73.1319019316723;"-7º -8' -19,896"" S";"73º 7' 54,847"" W";17 N 1371456 10796571;3284.13296889;2
2021-04-13 00:00:00;41901327;A;000000000060;000045;14996000;2;1;0;1;15;1372220.0391;10797512.0204;7.147176509682415;-73.12490399924062;"-7º -8' -49,835"" S";"73º 7' 29,654"" W";17 N 1372220 10797512;3568.82053157;2
2022-07-14 00:00:00;93878999;A;000000000060;000052;16412000;3;1;0;2;40;1372189.114;10797519.5784;7.147248998467572;-73.1251802517317;"-7º -8' -50,096"" S";"73º 7' 30,649"" W";17 N 1372189 10797520;3589.94777883;2
2022-04-25 00:00:00;31292999;A;000000000060;000084;29024000;5;2;0;2;40;1372003.1474;10797457.1612;7.146718408797279;-73.12685813875838;"-7º -8' -48,186"" S";"73º 7' 36,689"" W";17 N 1372003 10797457;3627.42423791;2
2022-12-29 00:00:00;62585999;A;000000000060;000101;56694000;6;2;0;2;38;1371993.7131;10797461.1415;7.146755526988206;-73.12694215685343;"-7º -8' -48,32"" S";"73º 7' 36,992"" W";17 N 1371994 10797461;3635.70976141;2
2022-07-26 00:00:00;73017000;A;000000000060;000080;34610000;4;2;0;2;28;1372045.2426;10797572.0267;7.147741122625531;-73.1264627830202;"-7º -8' -51,868"" S";"73º 7' 35,266"" W";17 N 1372045 10797572;3705.27629666;2
2022-12-22 00:00:00;58622219;A;000000000060;000125;39035000;6;2;0;2;22;1372196.2328;10797581.2548;7.147800523963986;-73.12510686817721;"-7º -8' -52,082"" S";"73º 7' 30,385"" W";17 N 1372196 10797581;3641.21210675;2
2022-10-25 00:00:00;21905100;A;000000000054;000054;21336000;3;1;0;1;23;1371963.2451;10797372.2764;7.145963984482923;-73.12722919195686;"-7º -8' -45,47"" S";"73º 7' 38,025"" W";17 N 1371963 10797372;3576.19158762;2
2022-12-22 00:00:00;80318700;A;000000000054;000106;53453000;4;1;0;2;35;1372109.2097;10797386.3718;7.146067780056471;-73.12591761209816;"-7º -8' -45,844"" S";"73º 7' 33,303"" W";17 N 1372109 10797386;3512.45131403;2
2022-10-31 00:00:00;31292999;A;000000000054;000054;30750000;2;1;0;1;35;1372152.7719;10797358.519;7.145811501650187;-73.12553112887517;"-7º -8' -44,921"" S";"73º 7' 31,912"" W";17 N 1372153 10797359;3466.5437934;2
2021-01-13 00:00:00;37603755;A;000000000053;000050;14978000;0;0;0;0;15;1372188.0062;10797360.6387;7.1458250622660495;-73.12521472646789;"-7º -8' -44,97"" S";"73º 7' 30,773"" W";17 N 1372188 10797361;3451.00843614;2
2022-03-28 00:00:00;52154999;A;000000000054;000074;38363000;5;2;0;1;34;1372230.9845;10797397.9805;7.146153020038779;-73.12482341810443;"-7º -8' -46,151"" S";"73º 7' 29,364"" W";17 N 1372231 10797398;3462.99735358;2
2022-08-10 00:00:00;74060100;A;000000000060;000120;73284000;4;2;0;2;42;1372164.0759;10798210.7825;7.15344608113152;-73.12529809774368;"-7º -9' -12,406"" S";"73º 7' 31,073"" W";17 N 1372164 10798211;4222.68376968;2
2022-06-03 00:00:00;31292999;A;000000000060;000078;27354000;3;1;0;1;22;1372212.9519;10798150.9614;7.152902538523873;-73.12486888460933;"-7º -9' -10,449"" S";"73º 7' 29,528"" W";17 N 1372213 10798151;4148.23238108;2
2022-08-31 00:00:00;59456699;A;000000000060;000112;48526000;4;2;0;2;30;1372235.996;10798127.3521;7.152687442005126;-73.12466580901707;"-7º -9' -9,675"" S";"73º 7' 28,797"" W";17 N 1372236 10798127;4117.38010703;2
2022-05-05 00:00:00;30354209;A;000000000060;000077;30318000;3;1;0;2;25;1372326.9996;10798203.8454;7.153358777820745;-73.12383761412761;"-7º -9' -12,092"" S";"73º 7' 25,815"" W";17 N 1372327 10798204;4152.84645507;2
2022-06-13 00:00:00;67801500;A;000000000060;000131;65166000;4;2;0;2;35;1372301.2988;10798164.5468;7.15301062873544;-73.12407424392245;"-7º -9' -10,838"" S";"73º 7' 26,667"" W";17 N 1372301 10798165;4126.15417475;2
2022-01-27 00:00:00;57370499;A;000000000060;000092;46748000;4;1;0;2;34;1372404.4961;10798189.0798;7.153214515213911;-73.12314469280601;"-7º -9' -11,572"" S";"73º 7' 23,321"" W";17 N 1372404 10798189;4110.76936241;2
2022-09-21 00:00:00;47982599;A;000000000060;000140;46638000;6;2;0;2;24;1371926.3444;10797690.7083;7.148822852604898;-73.12751106682468;"-7º -8' -55,762"" S";"73º 7' 39,04"" W";17 N 1371926 10797691;3867.47031482;2
2022-07-07 00:00:00;31292999;A;000000000060;000060;18100000;2;1;0;1;16;1371963.3754;10797672.2635;7.148651875609864;-73.12718171792498;"-7º -8' -55,147"" S";"73º 7' 37,854"" W";17 N 1371963 10797672;3832.93701516;2
2022-09-09 00:00:00;41724000;A;000000000060;000099;39515000;2;1;0;2;27;1371952.684;10797718.1487;7.149064659677982;-73.12727054375033;"-7º -8' -56,633"" S";"73º 7' 38,174"" W";17 N 1371953 10797718;3878.0585185;2
2021-09-08 00:00:00;58017221;A;000000000060;000104;38152000;5;2;0;2;25;1372024.8253;10797757.2916;7.149404258344057;-73.12661733698607;"-7º -8' -57,855"" S";"73º 7' 35,822"" W";17 N 1372025 10797757;3877.12813864;2
2022-06-15 00:00:00;19268143;A;000000000038;000049;19268000;3;2;0;2;25;1371806.1592;10798291.1951;7.15422181470706;-73.12849649334186;"-7º -9' -15,199"" S";"73º 7' 42,587"" W";17 N 1371806 10798291;4451.08466817;2
2022-10-06 00:00:00;41724000;A;000000000039;000063;31734000;2;1;0;2;34;1371849.6227;10798344.9517;7.154696773511698;-73.12809828165322;"-7º -9' -16,908"" S";"73º 7' 41,154"" W";17 N 1371850 10798345;4478.90710258;2
2022-07-26 00:00:00;20340450;A;000000000038;000054;19962000;2;1;0;2;24;1371892.0344;10798331.5111;7.1545697999129505;-73.12771988734607;"-7º -9' -16,451"" S";"73º 7' 39,792"" W";17 N 1371892 10798332;4447.84245319;2
2022-11-03 00:00:00;27120599;A;000000000038;000060;25898000;2;1;0;2;29;1371899.8457;10798357.0392;7.154797328775637;-73.12764586870716;"-7º -9' -17,27"" S";"73º 7' 39,525"" W";17 N 1371900 10798357;4467.24191482;2
2022-09-29 00:00:00;23991299;A;000000000038;000050;22898000;2;1;0;2;30;1371952.9437;10798353.3967;7.154756497529923;-73.12717009536051;"-7º -9' -17,123"" S";"73º 7' 37,812"" W";17 N 1371953 10798353;4440.71993338;2
2022-04-22 00:00:00;31292999;A;000000000038;000072;30486000;3;2;0;2;40;1371958.4256;10798340.0814;7.1546363453186945;-73.12712297536683;"-7º -9' -16,691"" S";"73º 7' 37,643"" W";17 N 1371958 10798340;4426.34415073;2
2022-07-07 00:00:00;50068799;A;000000000039;000104;49685000;3;2;0;2;35;1372007.6779;10798353.8039;7.154751698971991;-73.12667901870148;"-7º -9' -17,106"" S";"73º 7' 36,044"" W";17 N 1372008 10798354;4417.6565133;2
2022-09-27 00:00:00;24512849;A;000000000038;000054;24471000;3;1;0;2;30;1371980.974;10798335.5274;7.154592061329656;-73.1269214001584;"-7º -9' -16,531"" S";"73º 7' 36,917"" W";17 N 1371981 10798336;4412.50750242;2
2022-10-10 00:00:00;47982599;A;000000000102;000082;47978000;3;1;0;1;34;1372165.9905;10797701.8695;7.148885901340379;-73.12535953811118;"-7º -8' -55,989"" S";"73º 7' 31,294"" W";17 N 1372166 10797702;3762.28356193;1
2021-03-25 00:00:00;40826934;A;000000000090;000080;35170000;0;0;0;1;25;1372114.4381;10797682.8725;7.148723638015934;-73.12582493436932;"-7º -8' -55,405"" S";"73º 7' 32,97"" W";17 N 1372114 10797683;3769.19513433;1
2021-12-20 00:00:00;127439552;A;000000000011;000049;61668000;3;2;0;1;60;1371476.3581;10797866.0715;7.150463505338648;-73.1315207491622;"-7º -9' -1,669"" S";"73º 7' 53,475"" W";17 N 1371476 10797866;4256.40138907;2
2021-07-22 00:00:00;127439552;A;000000000011;000049;63049000;3;2;0;1;60;1371485.4949;10797862.0534;7.150426094011729;-73.13143940408423;"-7º -9' -1,534"" S";"73º 7' 53,182"" W";17 N 1371485 10797862;4247.93429016;2
2022-12-14 00:00:00;123610901;A;000000000011;000049;61668000;3;2;0;1;60;1371482.5488;10797855.3437;7.150366428023119;-73.13146686880938;"-7º -9' -1,319"" S";"73º 7' 53,281"" W";17 N 1371483 10797855;4244.05104513;2
2021-04-21 00:00:00;127439552;A;000000000011;000049;61668000;3;2;0;1;60;1371471.4235;10797860.236;7.150411978847337;-73.13156591758505;"-7º -9' -1,483"" S";"73º 7' 53,637"" W";17 N 1371471 10797860;4254.37092627;2
2021-07-08 00:00:00;112811264;A;000000000011;000049;61668000;3;2;0;1;60;1371461.9142;10797864.4124;7.150450865976431;-73.13165057992342;"-7º -9' -1,623"" S";"73º 7' 53,942"" W";17 N 1371462 10797864;4263.19511543;2
2021-05-07 00:00:00;127439552;A;000000000011;000049;61668000;3;2;0;1;60;1371453.74;10797875.9942;7.1505559010714475;-73.1317221223008;"-7º -9' -2,001"" S";"73º 7' 54,2"" W";17 N 1371454 10797876;4277.36989197;2
2021-10-07 00:00:00;127439552;A;000000000011;000049;61668000;3;2;0;1;60;1371462.8803;10797871.9875;7.1505185913513705;-73.13164074400098;"-7º -9' -1,867"" S";"73º 7' 53,907"" W";17 N 1371463 10797872;4268.89405736;2
2022-02-03 00:00:00;123727720;A;000000000011;000049;61668000;3;2;0;2;60;1371485.4949;10797862.0534;7.150426094011729;-73.13143940408423;"-7º -9' -1,534"" S";"73º 7' 53,182"" W";17 N 1371485 10797862;4247.93429016;2
2021-10-19 00:00:00;127439552;A;000000000011;000049;61668000;3;2;0;2;60;1371482.5488;10797855.3437;7.150366428023119;-73.13146686880938;"-7º -9' -1,319"" S";"73º 7' 53,281"" W";17 N 1371483 10797855;4244.05104513;2
2021-03-08 00:00:00;127439552;A;000000000011;000049;61668000;3;2;0;2;60;1371471.4235;10797860.236;7.150411978847337;-73.13156591758505;"-7º -9' -1,483"" S";"73º 7' 53,637"" W";17 N 1371471 10797860;4254.37092627;2
2022-04-22 00:00:00;123610901;A;000000000011;000049;61668000;3;2;0;2;60;1371461.9142;10797864.4124;7.150450865976431;-73.13165057992342;"-7º -9' -1,623"" S";"73º 7' 53,942"" W";17 N 1371462 10797864;4263.19511543;2
2021-11-12 00:00:00;127439552;A;000000000011;000049;61668000;3;2;0;2;60;1371450.7935;10797869.2844;7.150496234199527;-73.13174959063738;"-7º -9' -1,786"" S";"73º 7' 54,299"" W";17 N 1371451 10797869;4273.5135426;2
2021-10-13 00:00:00;127439552;A;000000000011;000049;61668000;3;2;0;2;60;1371462.8803;10797871.9875;7.1505185913513705;-73.13164074400098;"-7º -9' -1,867"" S";"73º 7' 53,907"" W";17 N 1371463 10797872;4268.89405736;2
2021-11-05 00:00:00;127439552;A;000000000011;000049;61668000;3;2;0;3;60;1371476.3581;10797866.0715;7.150463505338648;-73.1315207491622;"-7º -9' -1,669"" S";"73º 7' 53,475"" W";17 N 1371476 10797866;4256.40138907;2
2021-08-09 00:00:00;120332015;A;000000000011;000049;61668000;3;2;0;3;60;1371485.4949;10797862.0534;7.150426094011729;-73.13143940408423;"-7º -9' -1,534"" S";"73º 7' 53,182"" W";17 N 1371485 10797862;4247.93429016;2
2022-06-01 00:00:00;123727720;A;000000000011;000049;61668000;3;2;0;3;60;1371482.5488;10797855.3437;7.150366428023119;-73.13146686880938;"-7º -9' -1,319"" S";"73º 7' 53,281"" W";17 N 1371483 10797855;4244.05104513;2
2021-06-09 00:00:00;127439552;A;000000000011;000049;61668000;3;2;0;3;60;1371471.4235;10797860.236;7.150411978847337;-73.13156591758505;"-7º -9' -1,483"" S";"73º 7' 53,637"" W";17 N 1371471 10797860;4254.37092627;2
2021-12-24 00:00:00;127319228;A;000000000011;000049;61668000;3;2;0;3;60;1371450.7935;10797869.2844;7.150496234199527;-73.13174959063738;"-7º -9' -1,786"" S";"73º 7' 54,299"" W";17 N 1371451 10797869;4273.5135426;2
2021-05-20 00:00:00;127439552;A;000000000011;000049;61668000;3;2;0;3;60;1371453.74;10797875.9942;7.1505559010714475;-73.1317221223008;"-7º -9' -2,001"" S";"73º 7' 54,2"" W";17 N 1371454 10797876;4277.36989197;2
2022-03-28 00:00:00;123727720;A;000000000011;000049;61668000;3;2;0;3;60;1371462.8803;10797871.9875;7.1505185913513705;-73.13164074400098;"-7º -9' -1,867"" S";"73º 7' 53,907"" W";17 N 1371463 10797872;4268.89405736;2
2021-03-11 00:00:00;127439552;A;000000000011;000049;61668000;3;2;0;4;60;1371485.4949;10797862.0534;7.150426094011729;-73.13143940408423;"-7º -9' -1,534"" S";"73º 7' 53,182"" W";17 N 1371485 10797862;4247.93429016;2
2021-03-24 00:00:00;127439552;A;000000000011;000049;61668000;3;2;0;4;60;1371482.5488;10797855.3437;7.150366428023119;-73.13146686880938;"-7º -9' -1,319"" S";"73º 7' 53,281"" W";17 N 1371483 10797855;4244.05104513;2
2021-07-19 00:00:00;127439552;A;000000000011;000049;61668000;3;2;0;4;60;1371471.4235;10797860.236;7.150411978847337;-73.13156591758505;"-7º -9' -1,483"" S";"73º 7' 53,637"" W";17 N 1371471 10797860;4254.37092627;2
2021-06-09 00:00:00;127439552;A;000000000011;000049;61668000;3;2;0;4;60;1371461.9142;10797864.4124;7.150450865976431;-73.13165057992342;"-7º -9' -1,623"" S";"73º 7' 53,942"" W";17 N 1371462 10797864;4263.19511543;2
2022-04-06 00:00:00;123610901;A;000000000011;000049;61668000;3;2;0;4;60;1371450.7935;10797869.2844;7.150496234199527;-73.13174959063738;"-7º -9' -1,786"" S";"73º 7' 54,299"" W";17 N 1371451 10797869;4273.5135426;2
2021-07-14 00:00:00;127439552;A;000000000011;000049;61668000;3;2;0;4;60;1371453.74;10797875.9942;7.1505559010714475;-73.1317221223008;"-7º -9' -2,001"" S";"73º 7' 54,2"" W";17 N 1371454 10797876;4277.36989197;2
2021-11-09 00:00:00;127439552;A;000000000011;000049;61668000;3;2;0;4;60;1371462.8803;10797871.9875;7.1505185913513705;-73.13164074400098;"-7º -9' -1,867"" S";"73º 7' 53,907"" W";17 N 1371463 10797872;4268.89405736;2
2021-09-01 00:00:00;127439552;A;000000000011;000049;61668000;3;2;0;5;60;1371476.3581;10797866.0715;7.150463505338648;-73.1315207491622;"-7º -9' -1,669"" S";"73º 7' 53,475"" W";17 N 1371476 10797866;4256.40138907;2
2021-12-28 00:00:00;127319228;A;000000000011;000049;61668000;3;2;0;5;60;1371485.4949;10797862.0534;7.150426094011729;-73.13143940408423;"-7º -9' -1,534"" S";"73º 7' 53,182"" W";17 N 1371485 10797862;4247.93429016;2
2022-02-01 00:00:00;123727720;A;000000000011;000049;61668000;3;2;0;5;60;1371471.4235;10797860.236;7.150411978847337;-73.13156591758505;"-7º -9' -1,483"" S";"73º 7' 53,637"" W";17 N 1371471 10797860;4254.37092627;2
2021-07-08 00:00:00;127439552;A;000000000011;000049;61668000;3;2;0;5;60;1371461.9142;10797864.4124;7.150450865976431;-73.13165057992342;"-7º -9' -1,623"" S";"73º 7' 53,942"" W";17 N 1371462 10797864;4263.19511543;2
2021-11-30 00:00:00;127439552;A;000000000011;000049;61668000;3;2;0;5;60;1371450.7935;10797869.2844;7.150496234199527;-73.13174959063738;"-7º -9' -1,786"" S";"73º 7' 54,299"" W";17 N 1371451 10797869;4273.5135426;2
2021-05-11 00:00:00;116819741;A;000000000011;000049;61668000;3;2;0;5;60;1371453.74;10797875.9942;7.1505559010714475;-73.1317221223008;"-7º -9' -2,001"" S";"73º 7' 54,2"" W";17 N 1371454 10797876;4277.36989197;2
2021-06-10 00:00:00;127439552;A;000000000011;000049;61668000;3;2;0;5;60;1371462.8803;10797871.9875;7.1505185913513705;-73.13164074400098;"-7º -9' -1,867"" S";"73º 7' 53,907"" W";17 N 1371463 10797872;4268.89405736;2
2021-03-24 00:00:00;127439552;A;000000000011;000049;61668000;3;2;0;6;60;1371476.3581;10797866.0715;7.150463505338648;-73.1315207491622;"-7º -9' -1,669"" S";"73º 7' 53,475"" W";17 N 1371476 10797866;4256.40138907;2
2021-08-09 00:00:00;127319228;A;000000000011;000049;61668000;3;2;0;6;60;1371485.4949;10797862.0534;7.150426094011729;-73.13143940408423;"-7º -9' -1,534"" S";"73º 7' 53,182"" W";17 N 1371485 10797862;4247.93429016;2
2022-03-09 00:00:00;123610901;A;000000000011;000049;61668000;3;2;0;6;60;1371482.5488;10797855.3437;7.150366428023119;-73.13146686880938;"-7º -9' -1,319"" S";"73º 7' 53,281"" W";17 N 1371483 10797855;4244.05104513;2
2021-07-12 00:00:00;127439552;A;000000000011;000049;61668000;3;2;0;6;60;1371461.9142;10797864.4124;7.150450865976431;-73.13165057992342;"-7º -9' -1,623"" S";"73º 7' 53,942"" W";17 N 1371462 10797864;4263.19511543;2
2022-03-30 00:00:00;123727720;A;000000000011;000049;61668000;3;2;0;6;60;1371453.74;10797875.9942;7.1505559010714475;-73.1317221223008;"-7º -9' -2,001"" S";"73º 7' 54,2"" W";17 N 1371454 10797876;4277.36989197;2
2021-05-12 00:00:00;127319228;A;000000000011;000049;61668000;3;2;0;6;60;1371462.8803;10797871.9875;7.1505185913513705;-73.13164074400098;"-7º -9' -1,867"" S";"73º 7' 53,907"" W";17 N 1371463 10797872;4268.89405736;2
2021-12-23 00:00:00;127319228;A;000000000011;000049;61668000;3;2;0;7;60;1371476.3581;10797866.0715;7.150463505338648;-73.1315207491622;"-7º -9' -1,669"" S";"73º 7' 53,475"" W";17 N 1371476 10797866;4256.40138907;2
2022-06-09 00:00:00;123727720;A;000000000011;000049;61668000;3;2;0;7;60;1371482.5488;10797855.3437;7.150366428023119;-73.13146686880938;"-7º -9' -1,319"" S";"73º 7' 53,281"" W";17 N 1371483 10797855;4244.05104513;2
2021-08-04 00:00:00;127439552;A;000000000011;000049;61668000;3;2;0;7;60;1371471.4235;10797860.236;7.150411978847337;-73.13156591758505;"-7º -9' -1,483"" S";"73º 7' 53,637"" W";17 N 1371471 10797860;4254.37092627;2
2021-12-21 00:00:00;127439552;A;000000000011;000049;61668000;3;2;0;7;60;1371461.9142;10797864.4124;7.150450865976431;-73.13165057992342;"-7º -9' -1,623"" S";"73º 7' 53,942"" W";17 N 1371462 10797864;4263.19511543;2
2021-12-23 00:00:00;127439552;A;000000000011;000049;61668000;3;2;0;7;60;1371450.7935;10797869.2844;7.150496234199527;-73.13174959063738;"-7º -9' -1,786"" S";"73º 7' 54,299"" W";17 N 1371451 10797869;4273.5135426;2
2022-03-04 00:00:00;123727720;A;000000000011;000049;61668000;3;2;0;8;60;1371476.3581;10797866.0715;7.150463505338648;-73.1315207491622;"-7º -9' -1,669"" S";"73º 7' 53,475"" W";17 N 1371476 10797866;4256.40138907;2
2021-03-08 00:00:00;127439552;A;000000000011;000049;61668000;3;2;0;8;60;1371485.4949;10797862.0534;7.150426094011729;-73.13143940408423;"-7º -9' -1,534"" S";"73º 7' 53,182"" W";17 N 1371485 10797862;4247.93429016;2
2021-03-08 00:00:00;123222294;A;000000000011;000049;61668000;3;2;0;8;60;1371482.5488;10797855.3437;7.150366428023119;-73.13146686880938;"-7º -9' -1,319"" S";"73º 7' 53,281"" W";17 N 1371483 10797855;4244.05104513;2
2022-02-01 00:00:00;123610901;A;000000000011;000049;61668000;3;2;0;8;60;1371471.4235;10797860.236;7.150411978847337;-73.13156591758505;"-7º -9' -1,483"" S";"73º 7' 53,637"" W";17 N 1371471 10797860;4254.37092627;2
2021-12-20 00:00:00;127439552;A;000000000011;000049;61668000;3;2;0;8;60;1371461.9142;10797864.4124;7.150450865976431;-73.13165057992342;"-7º -9' -1,623"" S";"73º 7' 53,942"" W";17 N 1371462 10797864;4263.19511543;2
2022-03-16 00:00:00;123727720;A;000000000011;000049;61668000;3;2;0;8;60;1371450.7935;10797869.2844;7.150496234199527;-73.13174959063738;"-7º -9' -1,786"" S";"73º 7' 54,299"" W";17 N 1371451 10797869;4273.5135426;2
2021-12-20 00:00:00;121406408;A;000000000011;000049;61668000;3;2;0;8;60;1371453.74;10797875.9942;7.1505559010714475;-73.1317221223008;"-7º -9' -2,001"" S";"73º 7' 54,2"" W";17 N 1371454 10797876;4277.36989197;2
2021-07-08 00:00:00;127439552;A;000000000011;000049;61668000;3;2;0;8;60;1371462.8803;10797871.9875;7.1505185913513705;-73.13164074400098;"-7º -9' -1,867"" S";"73º 7' 53,907"" W";17 N 1371463 10797872;4268.89405736;2
2021-06-10 00:00:00;127319228;A;000000000011;000049;61668000;3;2;0;9;60;1371476.3581;10797866.0715;7.150463505338648;-73.1315207491622;"-7º -9' -1,669"" S";"73º 7' 53,475"" W";17 N 1371476 10797866;4256.40138907;2
2021-05-13 00:00:00;127439552;A;000000000011;000049;61668000;3;2;0;9;60;1371485.4949;10797862.0534;7.150426094011729;-73.13143940408423;"-7º -9' -1,534"" S";"73º 7' 53,182"" W";17 N 1371485 10797862;4247.93429016;2
2021-03-24 00:00:00;127439552;A;000000000011;000049;61668000;3;2;0;9;60;1371482.5488;10797855.3437;7.150366428023119;-73.13146686880938;"-7º -9' -1,319"" S";"73º 7' 53,281"" W";17 N 1371483 10797855;4244.05104513;2
2021-06-09 00:00:00;127439552;A;000000000011;000049;61668000;3;2;0;9;60;1371450.7935;10797869.2844;7.150496234199527;-73.13174959063738;"-7º -9' -1,786"" S";"73º 7' 54,299"" W";17 N 1371451 10797869;4273.5135426;2
2021-03-30 00:00:00;127319228;A;000000000011;000049;61668000;3;2;0;9;60;1371462.8803;10797871.9875;7.1505185913513705;-73.13164074400098;"-7º -9' -1,867"" S";"73º 7' 53,907"" W";17 N 1371463 10797872;4268.89405736;2
2021-03-17 00:00:00;127439552;A;000000000011;000049;61668000;3;2;0;10;60;1371476.3581;10797866.0715;7.150463505338648;-73.1315207491622;"-7º -9' -1,669"" S";"73º 7' 53,475"" W";17 N 1371476 10797866;4256.40138907;2
2021-12-06 00:00:00;127439552;A;000000000011;000049;61668000;3;2;0;10;60;1371485.4949;10797862.0534;7.150426094011729;-73.13143940408423;"-7º -9' -1,534"" S";"73º 7' 53,182"" W";17 N 1371485 10797862;4247.93429016;2
2022-03-09 00:00:00;123727720;A;000000000011;000049;61668000;3;2;0;10;60;1371482.5488;10797855.3437;7.150366428023119;-73.13146686880938;"-7º -9' -1,319"" S";"73º 7' 53,281"" W";17 N 1371483 10797855;4244.05104513;2
2021-07-16 00:00:00;118183229;A;000000000011;000049;61668000;3;2;0;10;60;1371471.4235;10797860.236;7.150411978847337;-73.13156591758505;"-7º -9' -1,483"" S";"73º 7' 53,637"" W";17 N 1371471 10797860;4254.37092627;2
2022-06-06 00:00:00;123610901;A;000000000011;000049;61668000;3;2;0;10;60;1371461.9142;10797864.4124;7.150450865976431;-73.13165057992342;"-7º -9' -1,623"" S";"73º 7' 53,942"" W";17 N 1371462 10797864;4263.19511543;2
2021-09-16 00:00:00;119440828;A;000000000011;000049;61668000;3;2;0;10;60;1371450.7935;10797869.2844;7.150496234199527;-73.13174959063738;"-7º -9' -1,786"" S";"73º 7' 54,299"" W";17 N 1371451 10797869;4273.5135426;2
2021-03-23 00:00:00;127439552;A;000000000011;000049;61668000;3;2;0;10;60;1371453.74;10797875.9942;7.1505559010714475;-73.1317221223008;"-7º -9' -2,001"" S";"73º 7' 54,2"" W";17 N 1371454 10797876;4277.36989197;2
2022-03-31 00:00:00;123610901;A;000000000011;000049;61668000;3;2;0;10;60;1371462.8803;10797871.9875;7.1505185913513705;-73.13164074400098;"-7º -9' -1,867"" S";"73º 7' 53,907"" W";17 N 1371463 10797872;4268.89405736;2
2022-03-09 00:00:00;119091269;A;000000000011;000049;61668000;3;2;0;11;60;1371476.3581;10797866.0715;7.150463505338648;-73.1315207491622;"-7º -9' -1,669"" S";"73º 7' 53,475"" W";17 N 1371476 10797866;4256.40138907;2
2022-02-09 00:00:00;123610901;A;000000000011;000049;61668000;3;2;0;11;60;1371482.5488;10797855.3437;7.150366428023119;-73.13146686880938;"-7º -9' -1,319"" S";"73º 7' 53,281"" W";17 N 1371483 10797855;4244.05104513;2
2021-03-11 00:00:00;112811264;A;000000000011;000049;61668000;3;2;0;11;60;1371471.4235;10797860.236;7.150411978847337;-73.13156591758505;"-7º -9' -1,483"" S";"73º 7' 53,637"" W";17 N 1371471 10797860;4254.37092627;2
2022-02-01 00:00:00;123727720;A;000000000011;000049;61668000;3;2;0;11;60;1371461.9142;10797864.4124;7.150450865976431;-73.13165057992342;"-7º -9' -1,623"" S";"73º 7' 53,942"" W";17 N 1371462 10797864;4263.19511543;2
2022-05-26 00:00:00;123610901;A;000000000011;000049;61668000;3;2;0;11;60;1371450.7935;10797869.2844;7.150496234199527;-73.13174959063738;"-7º -9' -1,786"" S";"73º 7' 54,299"" W";17 N 1371451 10797869;4273.5135426;2
2022-05-19 00:00:00;123610901;A;000000000011;000049;61668000;3;2;0;11;60;1371453.74;10797875.9942;7.1505559010714475;-73.1317221223008;"-7º -9' -2,001"" S";"73º 7' 54,2"" W";17 N 1371454 10797876;4277.36989197;2
2021-06-10 00:00:00;127439552;A;000000000011;000049;61668000;3;2;0;11;60;1371462.8803;10797871.9875;7.1505185913513705;-73.13164074400098;"-7º -9' -1,867"" S";"73º 7' 53,907"" W";17 N 1371463 10797872;4268.89405736;2
2021-03-24 00:00:00;127439552;A;000000000011;000049;61668000;3;2;0;12;60;1371476.3581;10797866.0715;7.150463505338648;-73.1315207491622;"-7º -9' -1,669"" S";"73º 7' 53,475"" W";17 N 1371476 10797866;4256.40138907;2
2022-04-08 00:00:00;123610901;A;000000000011;000049;61668000;3;2;0;12;60;1371485.4949;10797862.0534;7.150426094011729;-73.13143940408423;"-7º -9' -1,534"" S";"73º 7' 53,182"" W";17 N 1371485 10797862;4247.93429016;2
2021-06-08 00:00:00;112811264;A;000000000011;000049;61668000;3;2;0;12;60;1371482.5488;10797855.3437;7.150366428023119;-73.13146686880938;"-7º -9' -1,319"" S";"73º 7' 53,281"" W";17 N 1371483 10797855;4244.05104513;2
2022-05-13 00:00:00;123610901;A;000000000011;000049;61668000;3;2;0;12;60;1371461.9142;10797864.4124;7.150450865976431;-73.13165057992342;"-7º -9' -1,623"" S";"73º 7' 53,942"" W";17 N 1371462 10797864;4263.19511543;2
2021-07-19 00:00:00;127439552;A;000000000011;000049;61668000;3;2;0;12;60;1371450.7935;10797869.2844;7.150496234199527;-73.13174959063738;"-7º -9' -1,786"" S";"73º 7' 54,299"" W";17 N 1371451 10797869;4273.5135426;2
2022-01-25 00:00:00;123610901;A;000000000011;000049;61668000;3;2;0;12;60;1371453.74;10797875.9942;7.1505559010714475;-73.1317221223008;"-7º -9' -2,001"" S";"73º 7' 54,2"" W";17 N 1371454 10797876;4277.36989197;2
2022-02-01 00:00:00;123610901;A;000000000011;000049;61668000;3;2;0;12;60;1371462.8803;10797871.9875;7.1505185913513705;-73.13164074400098;"-7º -9' -1,867"" S";"73º 7' 53,907"" W";17 N 1371463 10797872;4268.89405736;2
2022-06-16 00:00:00;123610901;A;000000000011;000049;61668000;3;2;0;13;60;1371476.3581;10797866.0715;7.150463505338648;-73.1315207491622;"-7º -9' -1,669"" S";"73º 7' 53,475"" W";17 N 1371476 10797866;4256.40138907;2
2021-03-24 00:00:00;127439552;A;000000000011;000049;61668000;3;2;0;13;60;1371485.4949;10797862.0534;7.150426094011729;-73.13143940408423;"-7º -9' -1,534"" S";"73º 7' 53,182"" W";17 N 1371485 10797862;4247.93429016;2
2022-12-26 00:00:00;135603000;A;000000000011;000049;61668000;3;2;0;13;60;1371482.5488;10797855.3437;7.150366428023119;-73.13146686880938;"-7º -9' -1,319"" S";"73º 7' 53,281"" W";17 N 1371483 10797855;4244.05104513;2
2021-05-07 00:00:00;127439552;A;000000000011;000049;61668000;3;2;0;13;60;1371471.4235;10797860.236;7.150411978847337;-73.13156591758505;"-7º -9' -1,483"" S";"73º 7' 53,637"" W";17 N 1371471 10797860;4254.37092627;2
2022-04-08 00:00:00;123610901;A;000000000011;000049;61668000;3;2;0;13;60;1371461.9142;10797864.4124;7.150450865976431;-73.13165057992342;"-7º -9' -1,623"" S";"73º 7' 53,942"" W";17 N 1371462 10797864;4263.19511543;2
2021-03-08 00:00:00;127439552;A;000000000011;000049;61668000;3;2;0;13;60;1371450.7935;10797869.2844;7.150496234199527;-73.13174959063738;"-7º -9' -1,786"" S";"73º 7' 54,299"" W";17 N 1371451 10797869;4273.5135426;2
2021-07-08 00:00:00;118183229;A;000000000011;000049;61668000;3;2;0;13;60;1371453.74;10797875.9942;7.1505559010714475;-73.1317221223008;"-7º -9' -2,001"" S";"73º 7' 54,2"" W";17 N 1371454 10797876;4277.36989197;2
2021-03-17 00:00:00;127439552;A;000000000011;000049;61668000;3;2;0;13;60;1371462.8803;10797871.9875;7.1505185913513705;-73.13164074400098;"-7º -9' -1,867"" S";"73º 7' 53,907"" W";17 N 1371463 10797872;4268.89405736;2
2022-01-19 00:00:00;123610901;A;000000000011;000049;61668000;3;2;0;14;60;1371476.3581;10797866.0715;7.150463505338648;-73.1315207491622;"-7º -9' -1,669"" S";"73º 7' 53,475"" W";17 N 1371476 10797866;4256.40138907;2
2021-03-12 00:00:00;127439552;A;000000000011;000049;61668000;3;2;0;14;60;1371485.4949;10797862.0534;7.150426094011729;-73.13143940408423;"-7º -9' -1,534"" S";"73º 7' 53,182"" W";17 N 1371485 10797862;4247.93429016;2
2022-02-09 00:00:00;123610901;A;000000000011;000049;61668000;3;2;0;14;60;1371482.5488;10797855.3437;7.150366428023119;-73.13146686880938;"-7º -9' -1,319"" S";"73º 7' 53,281"" W";17 N 1371483 10797855;4244.05104513;2
2022-03-23 00:00:00;123727720;A;000000000011;000049;61668000;3;2;0;14;60;1371471.4235;10797860.236;7.150411978847337;-73.13156591758505;"-7º -9' -1,483"" S";"73º 7' 53,637"" W";17 N 1371471 10797860;4254.37092627;2
2021-10-19 00:00:00;127319228;A;000000000011;000049;61668000;3;2;0;14;60;1371461.9142;10797864.4124;7.150450865976431;-73.13165057992342;"-7º -9' -1,623"" S";"73º 7' 53,942"" W";17 N 1371462 10797864;4263.19511543;2
2022-04-08 00:00:00;123727720;A;000000000011;000049;61668000;3;2;0;14;60;1371450.7935;10797869.2844;7.150496234199527;-73.13174959063738;"-7º -9' -1,786"" S";"73º 7' 54,299"" W";17 N 1371451 10797869;4273.5135426;2
2021-09-24 00:00:00;127439552;A;000000000011;000049;61668000;3;2;0;14;60;1371453.74;10797875.9942;7.1505559010714475;-73.1317221223008;"-7º -9' -2,001"" S";"73º 7' 54,2"" W";17 N 1371454 10797876;4277.36989197;2
2021-09-03 00:00:00;127319228;A;000000000011;000049;61668000;3;2;0;14;60;1371462.8803;10797871.9875;7.1505185913513705;-73.13164074400098;"-7º -9' -1,867"" S";"73º 7' 53,907"" W";17 N 1371463 10797872;4268.89405736;2
2021-12-29 00:00:00;127319228;A;000000000011;000049;61668000;3;2;0;15;60;1371476.3581;10797866.0715;7.150463505338648;-73.1315207491622;"-7º -9' -1,669"" S";"73º 7' 53,475"" W";17 N 1371476 10797866;4256.40138907;2
2021-07-08 00:00:00;123738400;A;000000000011;000049;61668000;3;2;0;15;60;1371485.4949;10797862.0534;7.150426094011729;-73.13143940408423;"-7º -9' -1,534"" S";"73º 7' 53,182"" W";17 N 1371485 10797862;4247.93429016;2
2021-08-19 00:00:00;127439552;A;000000000011;000049;61668000;3;2;0;15;60;1371482.5488;10797855.3437;7.150366428023119;-73.13146686880938;"-7º -9' -1,319"" S";"73º 7' 53,281"" W";17 N 1371483 10797855;4244.05104513;2
2022-03-15 00:00:00;123727720;A;000000000011;000049;61668000;3;2;0;15;60;1371471.4235;10797860.236;7.150411978847337;-73.13156591758505;"-7º -9' -1,483"" S";"73º 7' 53,637"" W";17 N 1371471 10797860;4254.37092627;2
2021-12-23 00:00:00;112811264;A;000000000011;000049;61668000;3;2;0;15;60;1371450.7935;10797869.2844;7.150496234199527;-73.13174959063738;"-7º -9' -1,786"" S";"73º 7' 54,299"" W";17 N 1371451 10797869;4273.5135426;2
2021-08-24 00:00:00;127439552;A;000000000011;000049;61668000;3;2;0;15;60;1371462.8803;10797871.9875;7.1505185913513705;-73.13164074400098;"-7º -9' -1,867"" S";"73º 7' 53,907"" W";17 N 1371463 10797872;4268.89405736;2
2021-11-30 00:00:00;127319228;A;000000000011;000049;61668000;3;2;0;16;60;1371476.3581;10797866.0715;7.150463505338648;-73.1315207491622;"-7º -9' -1,669"" S";"73º 7' 53,475"" W";17 N 1371476 10797866;4256.40138907;2
2021-08-06 00:00:00;112811264;A;000000000011;000049;61668000;3;2;0;16;60;1371485.4949;10797862.0534;7.150426094011729;-73.13143940408423;"-7º -9' -1,534"" S";"73º 7' 53,182"" W";17 N 1371485 10797862;4247.93429016;2
2021-08-09 00:00:00;127319228;A;000000000011;000049;61668000;3;2;0;16;60;1371482.5488;10797855.3437;7.150366428023119;-73.13146686880938;"-7º -9' -1,319"" S";"73º 7' 53,281"" W";17 N 1371483 10797855;4244.05104513;2
2021-07-13 00:00:00;127439552;A;000000000011;000049;61668000;3;2;0;16;60;1371471.4235;10797860.236;7.150411978847337;-73.13156591758505;"-7º -9' -1,483"" S";"73º 7' 53,637"" W";17 N 1371471 10797860;4254.37092627;2
2022-04-26 00:00:00;123610901;A;000000000011;000049;61668000;3;2;0;16;60;1371461.9142;10797864.4124;7.150450865976431;-73.13165057992342;"-7º -9' -1,623"" S";"73º 7' 53,942"" W";17 N 1371462 10797864;4263.19511543;2
2021-06-09 00:00:00;127439552;A;000000000011;000049;61668000;3;2;0;16;60;1371450.7935;10797869.2844;7.150496234199527;-73.13174959063738;"-7º -9' -1,786"" S";"73º 7' 54,299"" W";17 N 1371451 10797869;4273.5135426;2
2022-03-10 00:00:00;123727720;A;000000000011;000049;61668000;3;2;0;16;60;1371453.74;10797875.9942;7.1505559010714475;-73.1317221223008;"-7º -9' -2,001"" S";"73º 7' 54,2"" W";17 N 1371454 10797876;4277.36989197;2
2021-05-13 00:00:00;127439552;A;000000000011;000049;61668000;3;2;0;16;60;1371462.8803;10797871.9875;7.1505185913513705;-73.13164074400098;"-7º -9' -1,867"" S";"73º 7' 53,907"" W";17 N 1371463 10797872;4268.89405736;2
2021-12-21 00:00:00;127439552;A;000000000011;000049;61668000;3;2;0;17;60;1371476.3581;10797866.0715;7.150463505338648;-73.1315207491622;"-7º -9' -1,669"" S";"73º 7' 53,475"" W";17 N 1371476 10797866;4256.40138907;2
2021-07-13 00:00:00;127439552;A;000000000011;000049;61668000;3;2;0;17;60;1371482.5488;10797855.3437;7.150366428023119;-73.13146686880938;"-7º -9' -1,319"" S";"73º 7' 53,281"" W";17 N 1371483 10797855;4244.05104513;2
2021-11-05 00:00:00;127439552;A;000000000011;000049;61668000;3;2;0;17;60;1371471.4235;10797860.236;7.150411978847337;-73.13156591758505;"-7º -9' -1,483"" S";"73º 7' 53,637"" W";17 N 1371471 10797860;4254.37092627;2
2022-12-27 00:00:00;123727720;A;000000000011;000049;61668000;3;2;0;17;60;1371450.7935;10797869.2844;7.150496234199527;-73.13174959063738;"-7º -9' -1,786"" S";"73º 7' 54,299"" W";17 N 1371451 10797869;4273.5135426;2
2021-12-09 00:00:00;127319228;A;000000000011;000049;61668000;3;2;0;17;60;1371453.74;10797875.9942;7.1505559010714475;-73.1317221223008;"-7º -9' -2,001"" S";"73º 7' 54,2"" W";17 N 1371454 10797876;4277.36989197;2
2021-12-29 00:00:00;118183229;A;000000000011;000049;61668000;3;2;0;18;60;1371476.3581;10797866.0715;7.150463505338648;-73.1315207491622;"-7º -9' -1,669"" S";"73º 7' 53,475"" W";17 N 1371476 10797866;4256.40138907;2
2021-12-20 00:00:00;127439552;A;000000000011;000049;61668000;3;2;0;18;60;1371485.4949;10797862.0534;7.150426094011729;-73.13143940408423;"-7º -9' -1,534"" S";"73º 7' 53,182"" W";17 N 1371485 10797862;4247.93429016;2
2021-12-21 00:00:00;127319228;A;000000000011;000049;61668000;3;2;0;18;60;1371482.5488;10797855.3437;7.150366428023119;-73.13146686880938;"-7º -9' -1,319"" S";"73º 7' 53,281"" W";17 N 1371483 10797855;4244.05104513;2
2021-03-10 00:00:00;127439552;A;000000000011;000049;61668000;3;2;0;18;60;1371471.4235;10797860.236;7.150411978847337;-73.13156591758505;"-7º -9' -1,483"" S";"73º 7' 53,637"" W";17 N 1371471 10797860;4254.37092627;2
2021-12-20 00:00:00;127319228;A;000000000011;000049;61668000;3;2;0;18;60;1371450.7935;10797869.2844;7.150496234199527;-73.13174959063738;"-7º -9' -1,786"" S";"73º 7' 54,299"" W";17 N 1371451 10797869;4273.5135426;2
2022-02-09 00:00:00;110464289;A;000000000011;000049;61668000;3;2;0;18;60;1371453.74;10797875.9942;7.1505559010714475;-73.1317221223008;"-7º -9' -2,001"" S";"73º 7' 54,2"" W";17 N 1371454 10797876;4277.36989197;2
2022-03-10 00:00:00;123727720;A;000000000011;000049;61668000;3;2;0;18;60;1371462.8803;10797871.9875;7.1505185913513705;-73.13164074400098;"-7º -9' -1,867"" S";"73º 7' 53,907"" W";17 N 1371463 10797872;4268.89405736;2
2021-07-14 00:00:00;127439552;A;000000000011;000049;61668000;3;2;0;19;60;1371476.3581;10797866.0715;7.150463505338648;-73.1315207491622;"-7º -9' -1,669"" S";"73º 7' 53,475"" W";17 N 1371476 10797866;4256.40138907;2
2022-06-06 00:00:00;123610901;A;000000000011;000049;61668000;3;2;0;19;60;1371485.4949;10797862.0534;7.150426094011729;-73.13143940408423;"-7º -9' -1,534"" S";"73º 7' 53,182"" W";17 N 1371485 10797862;4247.93429016;2
2021-06-03 00:00:00;127439552;A;000000000011;000049;63048000;3;2;0;19;60;1371471.4235;10797860.236;7.150411978847337;-73.13156591758505;"-7º -9' -1,483"" S";"73º 7' 53,637"" W";17 N 1371471 10797860;4254.37092627;2
2021-03-23 00:00:00;127439552;A;000000000011;000049;61668000;3;2;0;19;60;1371461.9142;10797864.4124;7.150450865976431;-73.13165057992342;"-7º -9' -1,623"" S";"73º 7' 53,942"" W";17 N 1371462 10797864;4263.19511543;2
2022-09-01 00:00:00;123610901;A;000000000011;000049;61668000;3;2;0;19;60;1371450.7935;10797869.2844;7.150496234199527;-73.13174959063738;"-7º -9' -1,786"" S";"73º 7' 54,299"" W";17 N 1371451 10797869;4273.5135426;2
2021-04-12 00:00:00;127319228;A;000000000011;000049;61668000;3;2;0;19;60;1371462.8803;10797871.9875;7.1505185913513705;-73.13164074400098;"-7º -9' -1,867"" S";"73º 7' 53,907"" W";17 N 1371463 10797872;4268.89405736;2
2021-05-19 00:00:00;127439552;A;000000000011;000049;61668000;3;2;0;20;60;1371476.3581;10797866.0715;7.150463505338648;-73.1315207491622;"-7º -9' -1,669"" S";"73º 7' 53,475"" W";17 N 1371476 10797866;4256.40138907;2
2021-03-16 00:00:00;113778218;A;000000000011;000049;61668000;3;2;0;20;60;1371485.4949;10797862.0534;7.150426094011729;-73.13143940408423;"-7º -9' -1,534"" S";"73º 7' 53,182"" W";17 N 1371485 10797862;4247.93429016;2
2021-06-11 00:00:00;127439552;A;000000000011;000049;61668000;3;2;0;20;60;1371482.5488;10797855.3437;7.150366428023119;-73.13146686880938;"-7º -9' -1,319"" S";"73º 7' 53,281"" W";17 N 1371483 10797855;4244.05104513;2
2021-10-19 00:00:00;127439552;A;000000000011;000049;61668000;3;2;0;20;60;1371471.4235;10797860.236;7.150411978847337;-73.13156591758505;"-7º -9' -1,483"" S";"73º 7' 53,637"" W";17 N 1371471 10797860;4254.37092627;2
2021-08-09 00:00:00;127319228;A;000000000011;000049;61668000;3;2;0;20;60;1371461.9142;10797864.4124;7.150450865976431;-73.13165057992342;"-7º -9' -1,623"" S";"73º 7' 53,942"" W";17 N 1371462 10797864;4263.19511543;2
2021-08-04 00:00:00;127319228;A;000000000011;000049;61668000;3;2;0;20;60;1371450.7935;10797869.2844;7.150496234199527;-73.13174959063738;"-7º -9' -1,786"" S";"73º 7' 54,299"" W";17 N 1371451 10797869;4273.5135426;2
2021-11-30 00:00:00;127319228;A;000000000011;000049;61668000;3;2;0;20;60;1371453.74;10797875.9942;7.1505559010714475;-73.1317221223008;"-7º -9' -2,001"" S";"73º 7' 54,2"" W";17 N 1371454 10797876;4277.36989197;2
2022-06-06 00:00:00;123610901;A;000000000011;000049;61668000;3;2;0;20;60;1371462.8803;10797871.9875;7.1505185913513705;-73.13164074400098;"-7º -9' -1,867"" S";"73º 7' 53,907"" W";17 N 1371463 10797872;4268.89405736;2
2021-08-30 00:00:00;92290358;A;000000000009;000040;35127000;2;1;0;1;47;1371509.7268;10797873.2123;7.150522344345968;-73.13122030007692;"-7º -9' -1,88"" S";"73º 7' 52,393"" W";17 N 1371510 10797873;4243.60058407;2
2021-08-13 00:00:00;96240988;A;000000000009;000040;35127000;2;1;0;1;47;1371516.1282;10797872.2628;7.150512849848486;-73.13116302039865;"-7º -9' -1,846"" S";"73º 7' 52,187"" W";17 N 1371516 10797872;4239.2450436;2
2022-02-01 00:00:00;104205689;A;000000000009;000040;35127000;2;1;0;1;47;1371514.3709;10797860.3372;7.150406265288273;-73.13118062563409;"-7º -9' -1,463"" S";"73º 7' 52,25"" W";17 N 1371514 10797860;4230.32503257;2
2021-07-14 00:00:00;98736716;A;000000000009;000040;35127000;2;1;0;1;47;1371512.5735;10797847.9472;7.150295525794514;-73.13119866224471;"-7º -9' -1,064"" S";"73º 7' 52,315"" W";17 N 1371513 10797848;4221.05829341;2
2021-04-26 00:00:00;94439144;A;000000000009;000040;35127000;2;1;0;1;47;1371506.1711;10797848.8911;7.150304970235704;-73.13125595174117;"-7º -9' -1,098"" S";"73º 7' 52,521"" W";17 N 1371506 10797849;4225.42842693;2
2022-04-06 00:00:00;91688490;A;000000000009;000040;35127000;2;1;0;2;47;1371508.2975;10797863.4425;7.150435025554344;-73.1312346301132;"-7º -9' -1,566"" S";"73º 7' 52,445"" W";17 N 1371508 10797863;4236.29362475;2
2021-07-13 00:00:00;94439144;A;000000000009;000040;35127000;2;1;0;2;47;1371509.7268;10797873.2123;7.150522344345968;-73.13122030007692;"-7º -9' -1,88"" S";"73º 7' 52,393"" W";17 N 1371510 10797873;4243.60058407;2
2021-04-12 00:00:00;94439144;A;000000000009;000040;35127000;2;1;0;2;47;1371516.1282;10797872.2628;7.150512849848486;-73.13116302039865;"-7º -9' -1,846"" S";"73º 7' 52,187"" W";17 N 1371516 10797872;4239.2450436;2
2021-07-15 00:00:00;99207116;A;000000000009;000040;35127000;2;1;0;2;47;1371514.3709;10797860.3372;7.150406265288273;-73.13118062563409;"-7º -9' -1,463"" S";"73º 7' 52,25"" W";17 N 1371514 10797860;4230.32503257;2
2021-03-24 00:00:00;98736716;A;000000000009;000040;35127000;2;1;0;2;47;1371506.1711;10797848.8911;7.150304970235704;-73.13125595174117;"-7º -9' -1,098"" S";"73º 7' 52,521"" W";17 N 1371506 10797849;4225.42842693;2
2021-09-02 00:00:00;94439144;A;000000000009;000040;35127000;2;1;0;3;47;1371509.7268;10797873.2123;7.150522344345968;-73.13122030007692;"-7º -9' -1,88"" S";"73º 7' 52,393"" W";17 N 1371510 10797873;4243.60058407;2
2021-04-12 00:00:00;98736716;A;000000000009;000040;35127000;2;1;0;3;47;1371516.1282;10797872.2628;7.150512849848486;-73.13116302039865;"-7º -9' -1,846"" S";"73º 7' 52,187"" W";17 N 1371516 10797872;4239.2450436;2
2022-02-09 00:00:00;95860889;A;000000000009;000040;35127000;2;1;0;3;47;1371514.3709;10797860.3372;7.150406265288273;-73.13118062563409;"-7º -9' -1,463"" S";"73º 7' 52,25"" W";17 N 1371514 10797860;4230.32503257;2
2022-09-22 00:00:00;93774689;A;000000000009;000040;35127000;2;1;0;3;47;1371506.1711;10797848.8911;7.150304970235704;-73.13125595174117;"-7º -9' -1,098"" S";"73º 7' 52,521"" W";17 N 1371506 10797849;4225.42842693;2
2021-03-16 00:00:00;95620976;A;000000000009;000040;35127000;2;1;0;4;47;1371508.2975;10797863.4425;7.150435025554344;-73.1312346301132;"-7º -9' -1,566"" S";"73º 7' 52,445"" W";17 N 1371508 10797863;4236.29362475;2
2021-11-05 00:00:00;94439144;A;000000000009;000040;35127000;2;1;0;4;47;1371509.7268;10797873.2123;7.150522344345968;-73.13122030007692;"-7º -9' -1,88"" S";"73º 7' 52,393"" W";17 N 1371510 10797873;4243.60058407;2
2021-06-03 00:00:00;107331860;A;000000000009;000040;35127000;2;1;0;4;47;1371514.3709;10797860.3372;7.150406265288273;-73.13118062563409;"-7º -9' -1,463"" S";"73º 7' 52,25"" W";17 N 1371514 10797860;4230.32503257;2
2022-04-01 00:00:00;104205689;A;000000000009;000040;35127000;2;1;0;4;47;1371512.5735;10797847.9472;7.150295525794514;-73.13119866224471;"-7º -9' -1,064"" S";"73º 7' 52,315"" W";17 N 1371513 10797848;4221.05829341;2
2021-06-10 00:00:00;94439144;A;000000000009;000040;35127000;2;1;0;4;47;1371506.1711;10797848.8911;7.150304970235704;-73.13125595174117;"-7º -9' -1,098"" S";"73º 7' 52,521"" W";17 N 1371506 10797849;4225.42842693;2
2021-09-02 00:00:00;98736716;A;000000000009;000040;35127000;2;1;0;5;47;1371508.2975;10797863.4425;7.150435025554344;-73.1312346301132;"-7º -9' -1,566"" S";"73º 7' 52,445"" W";17 N 1371508 10797863;4236.29362475;2
2021-05-07 00:00:00;98736716;A;000000000009;000040;35127000;2;1;0;5;47;1371509.7268;10797873.2123;7.150522344345968;-73.13122030007692;"-7º -9' -1,88"" S";"73º 7' 52,393"" W";17 N 1371510 10797873;4243.60058407;2
2021-08-30 00:00:00;98736716;A;000000000009;000040;35127000;2;1;0;5;47;1371516.1282;10797872.2628;7.150512849848486;-73.13116302039865;"-7º -9' -1,846"" S";"73º 7' 52,187"" W";17 N 1371516 10797872;4239.2450436;2
2021-07-12 00:00:00;92290358;A;000000000009;000040;35127000;2;1;0;5;47;1371514.3709;10797860.3372;7.150406265288273;-73.13118062563409;"-7º -9' -1,463"" S";"73º 7' 52,25"" W";17 N 1371514 10797860;4230.32503257;2
2022-06-17 00:00:00;95860889;A;000000000009;000040;35127000;2;1;0;5;47;1371512.5735;10797847.9472;7.150295525794514;-73.13119866224471;"-7º -9' -1,064"" S";"73º 7' 52,315"" W";17 N 1371513 10797848;4221.05829341;2
2021-12-23 00:00:00;94439144;A;000000000009;000040;35127000;2;1;0;5;47;1371506.1711;10797848.8911;7.150304970235704;-73.13125595174117;"-7º -9' -1,098"" S";"73º 7' 52,521"" W";17 N 1371506 10797849;4225.42842693;2
2021-08-03 00:00:00;96587930;A;000000000009;000040;35127000;2;1;0;6;47;1371508.2975;10797863.4425;7.150435025554344;-73.1312346301132;"-7º -9' -1,566"" S";"73º 7' 52,445"" W";17 N 1371508 10797863;4236.29362475;2
2021-03-05 00:00:00;96587930;A;000000000009;000040;35127000;2;1;0;6;47;1371509.7268;10797873.2123;7.150522344345968;-73.13122030007692;"-7º -9' -1,88"" S";"73º 7' 52,393"" W";17 N 1371510 10797873;4243.60058407;2
2021-03-17 00:00:00;92290358;A;000000000009;000040;35127000;2;1;0;6;47;1371516.1282;10797872.2628;7.150512849848486;-73.13116302039865;"-7º -9' -1,846"" S";"73º 7' 52,187"" W";17 N 1371516 10797872;4239.2450436;2
2022-05-05 00:00:00;104205689;A;000000000009;000040;35127000;2;1;0;6;47;1371514.3709;10797860.3372;7.150406265288273;-73.13118062563409;"-7º -9' -1,463"" S";"73º 7' 52,25"" W";17 N 1371514 10797860;4230.32503257;2
2022-03-11 00:00:00;87516090;A;000000000009;000040;35127000;2;1;0;6;47;1371512.5735;10797847.9472;7.150295525794514;-73.13119866224471;"-7º -9' -1,064"" S";"73º 7' 52,315"" W";17 N 1371513 10797848;4221.05829341;2
2021-07-08 00:00:00;94439144;A;000000000009;000040;35127000;2;1;0;6;47;1371506.1711;10797848.8911;7.150304970235704;-73.13125595174117;"-7º -9' -1,098"" S";"73º 7' 52,521"" W";17 N 1371506 10797849;4225.42842693;2
2022-03-09 00:00:00;89602290;A;000000000009;000040;35127000;2;1;0;7;47;1371508.2975;10797863.4425;7.150435025554344;-73.1312346301132;"-7º -9' -1,566"" S";"73º 7' 52,445"" W";17 N 1371508 10797863;4236.29362475;2
2021-08-04 00:00:00;90141572;A;000000000009;000040;35127000;2;1;0;7;47;1371514.3709;10797860.3372;7.150406265288273;-73.13118062563409;"-7º -9' -1,463"" S";"73º 7' 52,25"" W";17 N 1371514 10797860;4230.32503257;2
2021-03-24 00:00:00;92290358;A;000000000009;000040;35127000;2;1;0;7;47;1371512.5735;10797847.9472;7.150295525794514;-73.13119866224471;"-7º -9' -1,064"" S";"73º 7' 52,315"" W";17 N 1371513 10797848;4221.05829341;2
2021-07-12 00:00:00;90141572;A;000000000009;000040;35127000;2;1;0;7;47;1371506.1711;10797848.8911;7.150304970235704;-73.13125595174117;"-7º -9' -1,098"" S";"73º 7' 52,521"" W";17 N 1371506 10797849;4225.42842693;2
2021-12-23 00:00:00;92290358;A;000000000009;000040;35127000;2;1;0;8;47;1371508.2975;10797863.4425;7.150435025554344;-73.1312346301132;"-7º -9' -1,566"" S";"73º 7' 52,445"" W";17 N 1371508 10797863;4236.29362475;2
2021-04-27 00:00:00;92832196;A;000000000009;000040;35127000;2;1;0;8;47;1371509.7268;10797873.2123;7.150522344345968;-73.13122030007692;"-7º -9' -1,88"" S";"73º 7' 52,393"" W";17 N 1371510 10797873;4243.60058407;2
2021-03-17 00:00:00;92290358;A;000000000009;000040;35127000;2;1;0;8;47;1371516.1282;10797872.2628;7.150512849848486;-73.13116302039865;"-7º -9' -1,846"" S";"73º 7' 52,187"" W";17 N 1371516 10797872;4239.2450436;2
2021-03-16 00:00:00;92290358;A;000000000009;000040;35127000;2;1;0;8;47;1371514.3709;10797860.3372;7.150406265288273;-73.13118062563409;"-7º -9' -1,463"" S";"73º 7' 52,25"" W";17 N 1371514 10797860;4230.32503257;2
2022-04-26 00:00:00;104205689;A;000000000009;000040;35127000;2;1;0;8;47;1371512.5735;10797847.9472;7.150295525794514;-73.13119866224471;"-7º -9' -1,064"" S";"73º 7' 52,315"" W";17 N 1371513 10797848;4221.05829341;2
2022-02-09 00:00:00;104205689;A;000000000009;000040;35127000;2;1;0;8;47;1371506.1711;10797848.8911;7.150304970235704;-73.13125595174117;"-7º -9' -1,098"" S";"73º 7' 52,521"" W";17 N 1371506 10797849;4225.42842693;2
2021-08-26 00:00:00;92290358;A;000000000009;000040;35127000;2;1;0;9;47;1371508.2975;10797863.4425;7.150435025554344;-73.1312346301132;"-7º -9' -1,566"" S";"73º 7' 52,445"" W";17 N 1371508 10797863;4236.29362475;2
2021-06-02 00:00:00;92290358;A;000000000009;000040;31095000;2;1;0;9;47;1371509.7268;10797873.2123;7.150522344345968;-73.13122030007692;"-7º -9' -1,88"" S";"73º 7' 52,393"" W";17 N 1371510 10797873;4243.60058407;2
2022-04-19 00:00:00;89602290;A;000000000009;000040;35127000;2;1;0;9;47;1371516.1282;10797872.2628;7.150512849848486;-73.13116302039865;"-7º -9' -1,846"" S";"73º 7' 52,187"" W";17 N 1371516 10797872;4239.2450436;2
2021-03-16 00:00:00;96587930;A;000000000009;000040;35127000;2;1;0;9;47;1371514.3709;10797860.3372;7.150406265288273;-73.13118062563409;"-7º -9' -1,463"" S";"73º 7' 52,25"" W";17 N 1371514 10797860;4230.32503257;2
2021-04-13 00:00:00;91323405;A;000000000009;000040;35127000;2;1;0;9;47;1371512.5735;10797847.9472;7.150295525794514;-73.13119866224471;"-7º -9' -1,064"" S";"73º 7' 52,315"" W";17 N 1371513 10797848;4221.05829341;2
2021-04-12 00:00:00;94439144;A;000000000009;000040;35127000;2;1;0;9;47;1371506.1711;10797848.8911;7.150304970235704;-73.13125595174117;"-7º -9' -1,098"" S";"73º 7' 52,521"" W";17 N 1371506 10797849;4225.42842693;2
2021-06-11 00:00:00;92290358;A;000000000009;000040;35127000;2;1;0;10;47;1371508.2975;10797863.4425;7.150435025554344;-73.1312346301132;"-7º -9' -1,566"" S";"73º 7' 52,445"" W";17 N 1371508 10797863;4236.29362475;2
2021-05-14 00:00:00;90141572;A;000000000009;000040;35127000;2;1;0;10;47;1371516.1282;10797872.2628;7.150512849848486;-73.13116302039865;"-7º -9' -1,846"" S";"73º 7' 52,187"" W";17 N 1371516 10797872;4239.2450436;2
2021-12-27 00:00:00;92290358;A;000000000009;000040;35127000;2;1;0;10;47;1371514.3709;10797860.3372;7.150406265288273;-73.13118062563409;"-7º -9' -1,463"" S";"73º 7' 52,25"" W";17 N 1371514 10797860;4230.32503257;2
2021-03-16 00:00:00;96587930;A;000000000009;000040;35127000;2;1;0;10;47;1371512.5735;10797847.9472;7.150295525794514;-73.13119866224471;"-7º -9' -1,064"" S";"73º 7' 52,315"" W";17 N 1371513 10797848;4221.05829341;2
2021-08-03 00:00:00;92290358;A;000000000009;000040;35127000;2;1;0;10;47;1371506.1711;10797848.8911;7.150304970235704;-73.13125595174117;"-7º -9' -1,098"" S";"73º 7' 52,521"" W";17 N 1371506 10797849;4225.42842693;2
2021-04-12 00:00:00;87992786;A;000000000009;000040;35127000;2;1;0;11;47;1371508.2975;10797863.4425;7.150435025554344;-73.1312346301132;"-7º -9' -1,566"" S";"73º 7' 52,445"" W";17 N 1371508 10797863;4236.29362475;2
2021-03-05 00:00:00;94439144;A;000000000009;000040;35127000;2;1;0;11;47;1371509.7268;10797873.2123;7.150522344345968;-73.13122030007692;"-7º -9' -1,88"" S";"73º 7' 52,393"" W";17 N 1371510 10797873;4243.60058407;2
2021-06-10 00:00:00;87992786;A;000000000009;000040;35127000;2;1;0;11;47;1371516.1282;10797872.2628;7.150512849848486;-73.13116302039865;"-7º -9' -1,846"" S";"73º 7' 52,187"" W";17 N 1371516 10797872;4239.2450436;2
2021-05-13 00:00:00;90141572;A;000000000009;000040;35127000;2;1;0;11;47;1371514.3709;10797860.3372;7.150406265288273;-73.13118062563409;"-7º -9' -1,463"" S";"73º 7' 52,25"" W";17 N 1371514 10797860;4230.32503257;2
2021-07-08 00:00:00;92290358;A;000000000009;000040;35127000;2;1;0;11;47;1371512.5735;10797847.9472;7.150295525794514;-73.13119866224471;"-7º -9' -1,064"" S";"73º 7' 52,315"" W";17 N 1371513 10797848;4221.05829341;2
2021-12-13 00:00:00;92290358;A;000000000009;000040;35127000;2;1;0;11;47;1371506.1711;10797848.8911;7.150304970235704;-73.13125595174117;"-7º -9' -1,098"" S";"73º 7' 52,521"" W";17 N 1371506 10797849;4225.42842693;2
2021-07-14 00:00:00;87992786;A;000000000009;000040;35127000;2;1;0;12;47;1371508.2975;10797863.4425;7.150435025554344;-73.1312346301132;"-7º -9' -1,566"" S";"73º 7' 52,445"" W";17 N 1371508 10797863;4236.29362475;2
2021-07-13 00:00:00;90141572;A;000000000009;000040;35127000;2;1;0;12;47;1371509.7268;10797873.2123;7.150522344345968;-73.13122030007692;"-7º -9' -1,88"" S";"73º 7' 52,393"" W";17 N 1371510 10797873;4243.60058407;2
2021-03-16 00:00:00;90141572;A;000000000009;000040;35127000;2;1;0;12;47;1371516.1282;10797872.2628;7.150512849848486;-73.13116302039865;"-7º -9' -1,846"" S";"73º 7' 52,187"" W";17 N 1371516 10797872;4239.2450436;2
2021-12-21 00:00:00;107331860;A;000000000009;000040;35127000;2;1;0;12;47;1371514.3709;10797860.3372;7.150406265288273;-73.13118062563409;"-7º -9' -1,463"" S";"73º 7' 52,25"" W";17 N 1371514 10797860;4230.32503257;2
2021-03-17 00:00:00;94439144;A;000000000009;000040;35127000;2;1;0;13;47;1371508.2975;10797863.4425;7.150435025554344;-73.1312346301132;"-7º -9' -1,566"" S";"73º 7' 52,445"" W";17 N 1371508 10797863;4236.29362475;2
2022-05-17 00:00:00;104205689;A;000000000009;000040;35127000;2;1;0;13;47;1371509.7268;10797873.2123;7.150522344345968;-73.13122030007692;"-7º -9' -1,88"" S";"73º 7' 52,393"" W";17 N 1371510 10797873;4243.60058407;2
2021-10-15 00:00:00;87992786;A;000000000009;000040;35127000;2;1;0;13;47;1371516.1282;10797872.2628;7.150512849848486;-73.13116302039865;"-7º -9' -1,846"" S";"73º 7' 52,187"" W";17 N 1371516 10797872;4239.2450436;2
2021-08-13 00:00:00;92290358;A;000000000009;000040;35127000;2;1;0;13;47;1371512.5735;10797847.9472;7.150295525794514;-73.13119866224471;"-7º -9' -1,064"" S";"73º 7' 52,315"" W";17 N 1371513 10797848;4221.05829341;2
2021-12-09 00:00:00;92290358;A;000000000009;000040;35127000;2;1;0;14;47;1371508.2975;10797863.4425;7.150435025554344;-73.1312346301132;"-7º -9' -1,566"" S";"73º 7' 52,445"" W";17 N 1371508 10797863;4236.29362475;2
2022-11-03 00:00:00;88663500;A;000000000009;000040;35127000;2;1;0;14;47;1371509.7268;10797873.2123;7.150522344345968;-73.13122030007692;"-7º -9' -1,88"" S";"73º 7' 52,393"" W";17 N 1371510 10797873;4243.60058407;2
2022-06-01 00:00:00;112654799;A;000000000009;000040;35127000;2;1;0;14;47;1371516.1282;10797872.2628;7.150512849848486;-73.13116302039865;"-7º -9' -1,846"" S";"73º 7' 52,187"" W";17 N 1371516 10797872;4239.2450436;2
2021-05-19 00:00:00;87992786;A;000000000009;000040;35127000;2;1;0;14;47;1371514.3709;10797860.3372;7.150406265288273;-73.13118062563409;"-7º -9' -1,463"" S";"73º 7' 52,25"" W";17 N 1371514 10797860;4230.32503257;2
2021-08-11 00:00:00;90141572;A;000000000009;000040;35127000;2;1;0;14;47;1371512.5735;10797847.9472;7.150295525794514;-73.13119866224471;"-7º -9' -1,064"" S";"73º 7' 52,315"" W";17 N 1371513 10797848;4221.05829341;2
2022-03-04 00:00:00;87516090;A;000000000009;000040;35127000;2;1;0;14;47;1371506.1711;10797848.8911;7.150304970235704;-73.13125595174117;"-7º -9' -1,098"" S";"73º 7' 52,521"" W";17 N 1371506 10797849;4225.42842693;2
2022-03-09 00:00:00;89602290;A;000000000009;000040;35127000;2;1;0;15;47;1371508.2975;10797863.4425;7.150435025554344;-73.1312346301132;"-7º -9' -1,566"" S";"73º 7' 52,445"" W";17 N 1371508 10797863;4236.29362475;2
2021-03-24 00:00:00;87992786;A;000000000009;000040;35127000;2;1;0;15;47;1371509.7268;10797873.2123;7.150522344345968;-73.13122030007692;"-7º -9' -1,88"" S";"73º 7' 52,393"" W";17 N 1371510 10797873;4243.60058407;2
2021-04-12 00:00:00;90141572;A;000000000009;000040;35127000;2;1;0;15;47;1371516.1282;10797872.2628;7.150512849848486;-73.13116302039865;"-7º -9' -1,846"" S";"73º 7' 52,187"" W";17 N 1371516 10797872;4239.2450436;2
2021-11-30 00:00:00;87992786;A;000000000009;000040;35127000;2;1;0;15;47;1371506.1711;10797848.8911;7.150304970235704;-73.13125595174117;"-7º -9' -1,098"" S";"73º 7' 52,521"" W";17 N 1371506 10797849;4225.42842693;2
2021-05-14 00:00:00;85844000;A;000000000009;000040;35127000;2;1;0;16;47;1371508.2975;10797863.4425;7.150435025554344;-73.1312346301132;"-7º -9' -1,566"" S";"73º 7' 52,445"" W";17 N 1371508 10797863;4236.29362475;2
2021-03-16 00:00:00;85844000;A;000000000009;000040;35127000;2;1;0;16;47;1371516.1282;10797872.2628;7.150512849848486;-73.13116302039865;"-7º -9' -1,846"" S";"73º 7' 52,187"" W";17 N 1371516 10797872;4239.2450436;2
2022-03-30 00:00:00;85429890;A;000000000009;000040;35127000;2;1;0;16;47;1371514.3709;10797860.3372;7.150406265288273;-73.13118062563409;"-7º -9' -1,463"" S";"73º 7' 52,25"" W";17 N 1371514 10797860;4230.32503257;2
2021-03-08 00:00:00;85844000;A;000000000009;000040;35127000;2;1;0;16;47;1371512.5735;10797847.9472;7.150295525794514;-73.13119866224471;"-7º -9' -1,064"" S";"73º 7' 52,315"" W";17 N 1371513 10797848;4221.05829341;2
2021-07-13 00:00:00;90141572;A;000000000009;000040;35127000;2;1;0;17;47;1371508.2975;10797863.4425;7.150435025554344;-73.1312346301132;"-7º -9' -1,566"" S";"73º 7' 52,445"" W";17 N 1371508 10797863;4236.29362475;2
2022-05-10 00:00:00;89602290;A;000000000009;000040;35127000;2;1;0;17;47;1371509.7268;10797873.2123;7.150522344345968;-73.13122030007692;"-7º -9' -1,88"" S";"73º 7' 52,393"" W";17 N 1371510 10797873;4243.60058407;2
2021-08-17 00:00:00;85844000;A;000000000009;000040;35127000;2;1;0;17;47;1371514.3709;10797860.3372;7.150406265288273;-73.13118062563409;"-7º -9' -1,463"" S";"73º 7' 52,25"" W";17 N 1371514 10797860;4230.32503257;2
2021-08-19 00:00:00;107331860;A;000000000009;000040;35127000;2;1;0;17;47;1371512.5735;10797847.9472;7.150295525794514;-73.13119866224471;"-7º -9' -1,064"" S";"73º 7' 52,315"" W";17 N 1371513 10797848;4221.05829341;2
2021-08-19 00:00:00;85844000;A;000000000009;000040;35127000;2;1;0;17;47;1371506.1711;10797848.8911;7.150304970235704;-73.13125595174117;"-7º -9' -1,098"" S";"73º 7' 52,521"" W";17 N 1371506 10797849;4225.42842693;2
2021-05-11 00:00:00;85844000;A;000000000009;000040;35127000;2;1;0;18;47;1371508.2975;10797863.4425;7.150435025554344;-73.1312346301132;"-7º -9' -1,566"" S";"73º 7' 52,445"" W";17 N 1371508 10797863;4236.29362475;2
2021-07-15 00:00:00;92290358;A;000000000009;000040;35127000;2;1;0;18;47;1371509.7268;10797873.2123;7.150522344345968;-73.13122030007692;"-7º -9' -1,88"" S";"73º 7' 52,393"" W";17 N 1371510 10797873;4243.60058407;2
2022-05-03 00:00:00;83343690;A;000000000009;000040;35127000;2;1;0;18;47;1371516.1282;10797872.2628;7.150512849848486;-73.13116302039865;"-7º -9' -1,846"" S";"73º 7' 52,187"" W";17 N 1371516 10797872;4239.2450436;2
2021-07-16 00:00:00;92290358;A;000000000009;000040;35127000;2;1;0;18;47;1371514.3709;10797860.3372;7.150406265288273;-73.13118062563409;"-7º -9' -1,463"" S";"73º 7' 52,25"" W";17 N 1371514 10797860;4230.32503257;2
2021-04-14 00:00:00;92290358;A;000000000009;000040;35127000;2;1;0;18;47;1371512.5735;10797847.9472;7.150295525794514;-73.13119866224471;"-7º -9' -1,064"" S";"73º 7' 52,315"" W";17 N 1371513 10797848;4221.05829341;2
2021-05-11 00:00:00;92290358;A;000000000009;000040;35127000;2;1;0;19;47;1371508.2975;10797863.4425;7.150435025554344;-73.1312346301132;"-7º -9' -1,566"" S";"73º 7' 52,445"" W";17 N 1371508 10797863;4236.29362475;2
2021-08-06 00:00:00;92290358;A;000000000009;000040;35127000;2;1;0;19;47;1371509.7268;10797873.2123;7.150522344345968;-73.13122030007692;"-7º -9' -1,88"" S";"73º 7' 52,393"" W";17 N 1371510 10797873;4243.60058407;2
2021-04-14 00:00:00;85844000;A;000000000009;000040;35127000;2;1;0;19;47;1371516.1282;10797872.2628;7.150512849848486;-73.13116302039865;"-7º -9' -1,846"" S";"73º 7' 52,187"" W";17 N 1371516 10797872;4239.2450436;2
2021-05-12 00:00:00;85844000;A;000000000009;000040;35127000;2;1;0;19;47;1371514.3709;10797860.3372;7.150406265288273;-73.13118062563409;"-7º -9' -1,463"" S";"73º 7' 52,25"" W";17 N 1371514 10797860;4230.32503257;2
2021-03-17 00:00:00;87992786;A;000000000009;000040;35127000;2;1;0;19;47;1371512.5735;10797847.9472;7.150295525794514;-73.13119866224471;"-7º -9' -1,064"" S";"73º 7' 52,315"" W";17 N 1371513 10797848;4221.05829341;2
2022-01-05 00:00:00;104205689;A;000000000009;000040;35127000;2;1;0;19;47;1371506.1711;10797848.8911;7.150304970235704;-73.13125595174117;"-7º -9' -1,098"" S";"73º 7' 52,521"" W";17 N 1371506 10797849;4225.42842693;2
2021-04-13 00:00:00;85844000;A;000000000009;000040;35127000;2;1;0;20;47;1371508.2975;10797863.4425;7.150435025554344;-73.1312346301132;"-7º -9' -1,566"" S";"73º 7' 52,445"" W";17 N 1371508 10797863;4236.29362475;2
2021-07-14 00:00:00;102067334;A;000000000009;000040;35127000;2;1;0;20;47;1371509.7268;10797873.2123;7.150522344345968;-73.13122030007692;"-7º -9' -1,88"" S";"73º 7' 52,393"" W";17 N 1371510 10797873;4243.60058407;2
2021-04-26 00:00:00;90141572;A;000000000009;000040;35127000;2;1;0;20;47;1371516.1282;10797872.2628;7.150512849848486;-73.13116302039865;"-7º -9' -1,846"" S";"73º 7' 52,187"" W";17 N 1371516 10797872;4239.2450436;2
2021-04-13 00:00:00;96050734;A;000000000009;000040;35127000;2;1;0;20;47;1371514.3709;10797860.3372;7.150406265288273;-73.13118062563409;"-7º -9' -1,463"" S";"73º 7' 52,25"" W";17 N 1371514 10797860;4230.32503257;2
2021-07-15 00:00:00;90141572;A;000000000009;000040;35127000;2;1;0;20;47;1371512.5735;10797847.9472;7.150295525794514;-73.13119866224471;"-7º -9' -1,064"" S";"73º 7' 52,315"" W";17 N 1371513 10797848;4221.05829341;2
2021-03-05 00:00:00;85844000;A;000000000009;000040;35127000;2;1;0;20;47;1371506.1711;10797848.8911;7.150304970235704;-73.13125595174117;"-7º -9' -1,098"" S";"73º 7' 52,521"" W";17 N 1371506 10797849;4225.42842693;2
2022-10-21 00:00:00;27120599;A;000000000136;000053;27010000;2;1;0;1;16;1372095.3507;10797725.231;7.149106116473078;-73.12598962158124;"-7º -8' -56,782"" S";"73º 7' 33,563"" W";17 N 1372095 10797725;3815.56433844;1
2021-09-24 00:00:00;111736871;A;000000000106;000106;71765000;0;1;0;1;42;1372082.2159;10797727.0443;7.149124389478653;-73.12610717054216;"-7º -8' -56,848"" S";"73º 7' 33,986"" W";17 N 1372082 10797727;3823.31433799;1
2022-08-18 00:00:00;52154999;A;000000000036;000070;47959000;3;2;0;2;42;1371466.7451;10797480.9145;7.1470139091000044;-73.13166641685537;"-7º -8' -49,25"" S";"73º 7' 53,999"" W";17 N 1371467 10797481;3950.15511446;1
2022-07-13 00:00:00;87620400;A;000000000037;000078;49874000;3;2;0;2;40;1371458.8121;10797459.7789;7.1468257523891285;-73.13174084282878;"-7º -8' -48,573"" S";"73º 7' 54,267"" W";17 N 1371459 10797460;3938.29357121;1
2021-01-12 00:00:00;123555194;A;000000000037;000148;72213000;4;2;0;3;34;1371435.0948;10797471.994;7.146938856015138;-73.13195172242213;"-7º -8' -48,98"" S";"73º 7' 55,026"" W";17 N 1371435 10797472;3962.51152913;1
2022-02-02 00:00:00;26077499;A;000000000051;000051;16370000;3;1;0;1;20;1371617.0026;10797031.5084;7.14296400682314;-73.13038780345349;"-7º -8' -34,67"" S";"73º 7' 49,396"" W";17 N 1371617 10797032;3505.82398889;1
2022-06-06 00:00:00;32336099;A;000000000069;000063;31544000;3;1;0;1;32;1371873.4035;10797077.7529;7.14333886889606;-73.1280805757016;"-7º -8' -36,02"" S";"73º 7' 41,09"" W";17 N 1371873 10797078;3383.48592279;1
2022-04-26 00:00:00;31292999;A;000000000063;000057;22819000;3;1;0;1;25;1371918.0524;10797079.7885;7.143350229201411;-73.12767973094796;"-7º -8' -36,061"" S";"73º 7' 39,647"" W";17 N 1371918 10797080;3358.90029356;1
2022-03-29 00:00:00;36508500;A;000000000060;000060;13852000;3;1;0;1;13;1371949.1373;10797081.0349;7.143356607724503;-73.12740068637915;"-7º -8' -36,084"" S";"73º 7' 38,642"" W";17 N 1371949 10797081;3341.89021321;1
2022-05-09 00:00:00;40472280;A;000000000066;000136;40374000;4;1;0;2;22;1371978.4406;10797045.9164;7.1430374278198325;-73.12714323408171;"-7º -8' -34,935"" S";"73º 7' 37,716"" W";17 N 1371978 10797046;3296.30276934;1
2022-10-14 00:00:00;41724000;A;000000000055;000081;39621000;4;2;0;2;34;1371999.6589;10797048.1452;7.143054128833048;-73.12695254829744;"-7º -8' -34,995"" S";"73º 7' 37,029"" W";17 N 1372000 10797048;3285.96054237;1
2022-05-17 00:00:00;22948200;A;000000000060;000073;22137000;3;1;0;1;20;1372011.9133;10797032.4352;7.142911477781123;-73.12684504197435;"-7º -8' -34,481"" S";"73º 7' 36,642"" W";17 N 1372012 10797032;3266.06614164;1
2021-08-04 00:00:00;82380587;S;000000000055;000000;7304000;0;0;0;0;0;1371380.2599;10797205.4266;7.144558805465979;-73.13248474768858;"-7º -8' -40,412"" S";"73º 7' 56,945"" W";17 N 1371380 10797205;3792.007709;1
2021-01-08 00:00:00;40749953;R;000000000055;000055;10078000;0;0;0;0;60;1371370.9008;10797191.5282;7.1444357142419666;-73.1325708493097;"-7º -8' -39,969"" S";"73º 7' 57,255"" W";17 N 1371371 10797192;3787.74066374;1
2021-05-07 00:00:00;75207510;A;000000000055;000105;56347000;2;1;0;1;37;1371363.9903;10797144.0352;7.144011231252177;-73.13264016467653;"-7º -8' -38,44"" S";"73º 7' 57,505"" W";17 N 1371364 10797144;3756.8721937;1
2022-09-19 00:00:00;44957610;A;000000000055;000113;44937000;4;2;0;2;28;1371352.1763;10796956.5724;7.142333344062444;-73.13277504464241;"-7º -8' -32,4"" S";"73º 7' 57,99"" W";17 N 1371352 10796957;3627.87885227;1
2022-05-10 00:00:00;46939499;A;000000000055;000092;46084000;5;2;0;2;34;1371404.244;10796983.4019;7.142565725788402;-73.13230382218588;"-7º -8' -33,237"" S";"73º 7' 56,294"" W";17 N 1371404 10796983;3611.35596274;1
2022-12-07 00:00:00;106396199;A;000000000050;000139;96716000;5;2;0;3;44;1371185.6242;10797815.4425;7.1500546662116085;-73.13413671154719;"-7º -9' -0,197"" S";"73º 8' 2,892"" W";17 N 1371186 10797815;4386.75961834;2
2022-08-03 00:00:00;20862000;A;000000000050;000039;13093000;2;1;0;1;19;1372269.2489;10797982.1897;7.151381651142186;-73.12438993426817;"-7º -9' -4,974"" S";"73º 7' 27,804"" W";17 N 1372269 10797982;3971.0820202;1
2021-08-09 00:00:00;15041501;R;000000000050;000000;4980000;0;0;0;0;0;1372323.9288;10797793.2485;7.149680297162607;-73.12392860438146;"-7º -8' -58,849"" S";"73º 7' 26,143"" W";17 N 1372324 10797793;3776.26918223;1
2021-01-05 00:00:00;8595144;A;000000000050;000050;7039000;2;1;0;1;5;1372339.0455;10797793.5438;7.149680610845953;-73.12379295122665;"-7º -8' -58,85"" S";"73º 7' 25,655"" W";17 N 1372339 10797794;3770.34924822;1
2021-01-14 00:00:00;15041501;A;000000000065;000065;15006000;2;1;0;1;13;1372361.7421;10797809.9621;7.1498242172594315;-73.12358681037027;"-7º -8' -59,367"" S";"73º 7' 24,913"" W";17 N 1372362 10797810;3776.18556492;1
2022-08-04 00:00:00;20862000;A;000000000060;000041;12520000;2;1;0;1;60;1372259.5941;10797832.9138;7.150045624559357;-73.12449960592596;"-7º -9' -0,164"" S";"73º 7' 28,199"" W";17 N 1372260 10797833;3839.11000261;1
2022-11-16 00:00:00;13560299;A;000000000050;000050;11543000;2;1;0;1;13;1372280.2647;10797969.5149;7.151266384805158;-73.12429307251126;"-7º -9' -4,559"" S";"73º 7' 27,455"" W";17 N 1372280 10797970;3955.03644683;1
2021-03-04 00:00:00;26859824;A;000000000079;000079;25882000;3;1;0;1;18;1372248.978;10797766.9153;7.14945591370576;-73.12460503432916;"-7º -8' -58,041"" S";"73º 7' 28,578"" W";17 N 1372249 10797767;3783.90585663;1
2021-06-09 00:00:00;42975720;A;000000000049;000097;23779000;3;1;0;2;18;1372150.9463;10797053.4797;7.1430786142341764;-73.12559458137767;"-7º -8' -35,083"" S";"73º 7' 32,14"" W";17 N 1372151 10797053;3206.457387;1
2021-04-16 00:00:00;27934217;A;000000000056;000050;15978000;2;1;0;1;19;1372118.3571;10797041.1523;7.142973182027626;-73.12588882878224;"-7º -8' -34,703"" S";"73º 7' 33,2"" W";17 N 1372118 10797041;3213.78506435;1
2022-04-19 00:00:00;31292999;A;000000000056;000056;26743000;2;1;0;1;40;1371512.9953;10797098.0902;7.143576608917799;-73.13131055887624;"-7º -8' -36,876"" S";"73º 7' 52,718"" W";17 N 1371513 10797098;3623.9492665;1
2022-09-07 00:00:00;34422300;A;000000000056;000057;24961000;2;1;0;1;60;1371482.03;10797103.1259;7.143626498438699;-73.13158756459221;"-7º -8' -37,055"" S";"73º 7' 53,715"" W";17 N 1371482 10797103;3648.01717358;1
2022-05-02 00:00:00;55284299;A;000000000047;000089;53675000;2;1;0;1;39;1371543.7677;10798781.337;7.158654044495534;-73.13077466785722;"-7º -9' -31,155"" S";"73º 7' 50,789"" W";17 N 1371544 10798781;5007.02699063;1
2022-12-09 00:00:00;31292999;A;000000000047;000047;29373000;2;1;0;1;34;1371474.596;10798753.0637;7.1584113861654775;-73.1313995789674;"-7º -9' -30,281"" S";"73º 7' 53,038"" W";17 N 1371475 10798753;5014.78642312;1
2022-10-21 00:00:00;36508500;A;000000000047;000047;33493000;2;1;0;1;40;1371498.8151;10798727.9984;7.158183059213442;-73.13118618145495;"-7º -9' -29,459"" S";"73º 7' 52,27"" W";17 N 1371499 10798728;4981.19191853;1
2022-05-02 00:00:00;38062638;A;000000000047;000047;27073000;2;1;0;1;31;1371525.1492;10798741.254;7.158297767659578;-73.13094788907229;"-7º -9' -29,872"" S";"73º 7' 51,412"" W";17 N 1371525 10798741;4980.35749504;1
2022-04-07 00:00:00;83448000;A;000000000048;000140;64390000;6;3;0;3;32;1371442.7246;10798656.7857;7.15755363600851;-73.13170037403295;"-7º -9' -27,193"" S";"73º 7' 54,121"" W";17 N 1371443 10798657;4946.08919548;1
2022-03-03 00:00:00;28163699;A;000000000087;000085;28073000;3;1;0;1;23;1372237.6243;10796912.6997;7.141803861732666;-73.1248387487121;"-7º -8' -30,494"" S";"73º 7' 29,419"" W";17 N 1372238 10796913;3041.15644627;1
2021-12-30 00:00:00;18264681;A;000000000024;000029;10355000;3;1;0;1;26;1372272.5898;10796947.0812;7.142106533088432;-73.1245197832756;"-7º -8' -31,584"" S";"73º 7' 28,271"" W";17 N 1372273 10796947;3051.65423312;1
2021-03-01 00:00:00;12892715;A;000000000063;000053;5478000;2;1;0;1;10;1372151.5903;10796889.563;7.141609812127687;-73.12561409337461;"-7º -8' -29,795"" S";"73º 7' 32,211"" W";17 N 1372152 10796890;3069.20344229;1
2022-03-15 00:00:00;41724000;A;000000000058;000053;15584000;3;1;0;2;20;1372326.9424;10797017.6363;7.142730332078413;-73.1240213218653;"-7º -8' -33,829"" S";"73º 7' 26,477"" W";17 N 1372327 10797018;3084.23942264;1
2022-07-28 00:00:00;11056860;A;000000000038;000036;10980000;2;1;0;1;21;1372314.3729;10796908.9247;7.141758210768618;-73.12415085245014;"-7º -8' -30,33"" S";"73º 7' 26,943"" W";17 N 1372314 10796909;2997.27283074;1
2022-10-20 00:00:00;62585999;A;000000000073;000130;37807000;3;2;0;2;21;1371787.3661;10797062.6657;7.143216940146104;-73.12885471731755;"-7º -8' -35,581"" S";"73º 7' 43,877"" W";17 N 1371787 10797063;3423.15556457;1
2022-10-11 00:00:00;323361000;C;000000000250;000238;321150000;0;0;1;1;54;1372002.7852;10794854.0888;7.123394699319207;-73.1272625021402;"-7º -7' -24,221"" S";"73º 7' 38,145"" W";17 N 1372003 10794854;1940.03744079;2
2022-05-25 00:00:00;73017000;C;000000000025;000050;58409000;0;1;1;2;31;1371903.8598;10794984.8248;7.1245813084582705;-73.12812977975406;"-7º -7' -28,493"" S";"73º 7' 41,267"" W";17 N 1371904 10794985;2071.93188698;2
2022-11-24 00:00:00;521549999;B;000000000168;000237;266891000;0;1;2;2;24;1371871.4195;10794892.3984;7.123758141031116;-73.12843499737625;"-7º -7' -25,529"" S";"73º 7' 42,366"" W";17 N 1371871 10794892;2076.84601657;2
2022-02-02 00:00:00;396377999;B;000000000243;000243;301553000;0;0;1;1;33;1371751.2591;10795150.9687;7.126093428748639;-73.12947309981395;"-7º -7' -33,936"" S";"73º 7' 46,103"" W";17 N 1371751 10795151;2270.78773368;3
2022-06-10 00:00:00;148120200;A;000000000160;000194;146958000;3;2;3;2;40;1371620.6557;10795359.3167;7.127980330323036;-73.13061260871521;"-7º -7' -40,729"" S";"73º 7' 50,205"" W";17 N 1371621 10795359;2470.92052841;3
2021-08-02 00:00:00;128927159;C;000000000103;000105;126287000;0;1;2;2;36;1371680.556;10795083.0755;7.125495958940286;-73.13011777760967;"-7º -7' -31,785"" S";"73º 7' 48,424"" W";17 N 1371681 10795083;2314.72546855;3
2022-12-15 00:00:00;430800299;C;000000000232;000256;429758000;1;0;0;1;42;1371688.9087;10794929.7272;7.124120650331519;-73.13006643739207;"-7º -7' -26,834"" S";"73º 7' 48,239"" W";17 N 1371689 10794930;2262.80612283;3
2022-01-21 00:00:00;143947800;C;000000000123;000123;122721000;0;0;0;0;30;1371663.1961;10794931.6614;7.124141930776338;-73.13029679095902;"-7º -7' -26,911"" S";"73º 7' 49,068"" W";17 N 1371663 10794932;2288.16280033;3
2022-03-02 00:00:00;125171999;B;000000000092;000184;115950000;0;1;1;2;32;1371666.6757;10794870.5696;7.123594003675329;-73.13027497279252;"-7º -7' -24,938"" S";"73º 7' 48,99"" W";17 N 1371667 10794871;2270.03695745;3
2022-05-12 00:00:00;201662522;A;000000000225;000340;201661000;2;1;0;1;40;1371523.3983;10795367.8343;7.12807159569506;-73.13148374035326;"-7º -7' -41,058"" S";"73º 7' 53,341"" W";17 N 1371523 10795368;2563.38426273;2
2021-09-15 00:00:00;644635800;B;000000000578;000704;594888000;0;0;2;3;21;1371564.708;10795089.6746;7.125572885820378;-73.13115596404239;"-7º -7' -32,062"" S";"73º 7' 52,161"" W";17 N 1371565 10795090;2426.90245339;3
2021-12-13 00:00:00;628519905;B;000000000269;000274;320502000;0;0;2;3;45;1371586.413;10795013.9453;7.124891003295555;-73.13097290890589;"-7º -7' -29,608"" S";"73º 7' 51,502"" W";17 N 1371586 10795014;2384.07459041;3
2022-10-21 00:00:00;373429799;B;000000000680;000679;353029000;0;0;0;1;34;1371459.2592;10795229.1019;7.126838381077787;-73.13208043884549;"-7º -7' -36,618"" S";"73º 7' 55,49"" W";17 N 1371459 10795229;2571.76381438;1
2022-03-15 00:00:00;1043099999;B;000000000821;000867;302573000;0;1;0;2;40;1371466.3149;10795171.1882;7.126318378647953;-73.13202605386319;"-7º -7' -34,746"" S";"73º 7' 55,294"" W";17 N 1371466 10795171;2545.88687241;1
2021-03-18 00:00:00;349177725;C;000000000237;000237;239398000;0;0;1;1;44;1371484.3744;10794948.0736;7.124316452985737;-73.13189836436042;"-7º -7' -27,539"" S";"73º 7' 54,834"" W";17 N 1371484 10794948;2465.47062739;3
2021-03-03 00:00:00;236366459;C;000000000120;000240;153152000;2;3;2;6;30;1371431.1643;10794661.8312;7.1217598322864575;-73.13241968321174;"-7º -7' -18,335"" S";"73º 7' 56,711"" W";17 N 1371431 10794662;2464.95098864;3
2022-07-25 00:00:00;62585999;A;000000000035;000085;57332000;2;1;0;3;60;1371367.6952;10794716.8364;7.122262434367136;-73.13298056993446;"-7º -7' -20,145"" S";"73º 7' 58,73"" W";17 N 1371368 10794717;2535.27965566;3
2021-01-12 00:00:00;171902880;A;000000000055;000110;102167000;4;2;1;3;50;1371399.0683;10794702.1906;7.122126388471414;-73.13270139265092;"-7º -7' -19,655"" S";"73º 7' 57,725"" W";17 N 1371399 10794702;2502.14085558;3
2022-04-29 00:00:00;472925351;A;000000000272;000255;211217000;7;1;2;2;60;1371377.25;10794619.0071;7.12138439520641;-73.13290989523303;"-7º -7' -16,984"" S";"73º 7' 58,476"" W";17 N 1371377 10794619;2513.51535857;3
2022-05-10 00:00:00;93878999;B;000000000139;000142;87006000;4;1;0;1;40;1371402.1479;10794513.7975;7.1204378723427135;-73.1327027202952;"-7º -7' -13,576"" S";"73º 7' 57,73"" W";17 N 1371402 10794514;2479.63280443;3
2021-05-24 00:00:00;107439299;A;000000000162;000099;90753000;6;1;0;1;15;1371295.0265;10794344.8441;7.118940449372266;-73.13368959228741;"-7º -7' -8,186"" S";"73º 8' 1,283"" W";17 N 1371295 10794345;2581.40273213;1
2022-09-14 00:00:00;161680500;B;000000000210;000267;144053000;1;2;0;4;36;1371424.8046;10794452.2355;7.119882786161892;-73.13250894192252;"-7º -7' -11,578"" S";"73º 7' 57,032"" W";17 N 1371425 10794452;2453.7122738;1
2022-03-14 00:00:00;109525499;A;000000000170;000134;108215000;8;1;0;1;20;1371310.8878;10794748.4376;7.122554309079176;-73.13348529709285;"-7º -7' -21,196"" S";"73º 8' 0,547"" W";17 N 1371311 10794748;2596.15622637;3
2022-10-20 00:00:00;74060100;A;000000000096;000088;68137000;4;1;0;1;18;1371284.2183;10794645.6209;7.121637140685614;-73.1337403339328;"-7º -7' -17,894"" S";"73º 8' 1,465"" W";17 N 1371284 10794646;2608.90771147;2
2022-03-18 00:00:00;26077499;A;000000000043;000099;21169000;1;1;0;1;15;1371145.4889;10794953.9421;7.124421072573372;-73.13493740932907;"-7º -7' -27,916"" S";"73º 8' 5,775"" W";17 N 1371145 10794954;2796.7290269;2
2021-07-12 00:00:00;69835545;A;000000000122;000115;67751000;3;1;0;1;22;1371150.5254;10794879.615;7.123754308795703;-73.1349036537663;"-7º -7' -25,516"" S";"73º 8' 5,653"" W";17 N 1371151 10794880;2776.7040116;3
2022-01-04 00:00:00;312930000;B;000000000290;000290;196465000;0;0;2;3;60;1371266.9138;10794412.5352;7.119551291582137;-73.13393137413219;"-7º -7' -10,385"" S";"73º 8' 2,153"" W";17 N 1371267 10794413;2610.23691419;2
2022-12-29 00:00:00;119956499;A;000000000115;000178;115524000;4;1;0;1;32;1370997.2361;10794601.4566;7.121285456413069;-73.13632146572525;"-7º -7' -16,628"" S";"73º 8' 10,757"" W";17 N 1370997 10794601;2890.07032667;2
2022-09-02 00:00:00;83448000;A;000000000115;000088;82909000;4;1;0;1;34;1370995.5607;10794607.829;7.121342812070687;-73.13633551590041;"-7º -7' -16,834"" S";"73º 8' 10,808"" W";17 N 1370996 10794608;2892.29859572;2
2021-08-10 00:00:00;41041812;A;000000000101;000069;34473000;4;1;0;1;19;1371009.3701;10794814.5859;7.123193295984307;-73.13617987431508;"-7º -7' -23,496"" S";"73º 8' 10,248"" W";17 N 1371009 10794815;2904.31070028;2
2022-12-13 00:00:00;62585999;A;000000000058;000086;53166000;3;1;0;2;32;1371041.7755;10794693.7828;7.12210589198929;-73.13590774440823;"-7º -7' -19,581"" S";"73º 8' 9,268"" W";17 N 1371042 10794694;2855.31284541;2
2022-08-29 00:00:00;52154999;A;000000000048;000052;25948000;2;1;0;1;13;1371038.9078;10794670.2451;7.121895427458832;-73.13593708515313;"-7º -7' -18,824"" S";"73º 8' 9,374"" W";17 N 1371039 10794670;2855.43144622;2
2022-10-28 00:00:00;89185050;A;000000000050;000102;80136000;2;1;1;4;40;1371610.3825;10795751.5332;7.131496236259648;-73.13064439918442;"-7º -7' -53,386"" S";"73º 7' 50,32"" W";17 N 1371610 10795752;2663.98099139;2
2022-05-23 00:00:00;157377712;A;000000000180;000129;122291000;4;1;0;1;40;1371588.2998;10795724.1889;7.131254621915067;-73.13084670152661;"-7º -7' -52,517"" S";"73º 7' 51,048"" W";17 N 1371588 10795724;2668.61580071;2
2022-02-11 00:00:00;187757999;A;000000000222;000181;167917000;6;2;0;1;24;1371590.8441;10795658.4507;7.130665204991007;-73.13083399695445;"-7º -7' -50,395"" S";"73º 7' 51,002"" W";17 N 1371591 10795658;2633.17979747;2
2022-06-15 00:00:00;119956499;A;000000000406;000068;116162000;0;0;2;1;40;1371426.8742;10795980.9801;7.133580340635869;-73.13225524415746;"-7º -8' -0,889"" S";"73º 7' 56,119"" W";17 N 1371427 10795981;2942.37080813;1
2022-06-15 00:00:00;78232500;A;000000000277;000053;76867000;0;0;1;1;40;1371441.7141;10795986.1492;7.133624374837178;-73.13212132582893;"-7º -8' -1,048"" S";"73º 7' 55,637"" W";17 N 1371442 10795986;2932.90695888;1
2022-07-07 00:00:00;75103200;A;000000000089;000090;63866000;3;1;0;1;22;1371460.0618;10795905.4407;7.132898389226157;-73.13196916212434;"-7º -7' -58,434"" S";"73º 7' 55,089"" W";17 N 1371460 10795905;2873.23671119;3
2022-09-06 00:00:00;78232500;A;000000000142;000087;75323000;3;1;0;1;11;1371433.8144;10795956.9495;7.1333639543660325;-73.13219668625392;"-7º -8' -0,11"" S";"73º 7' 55,908"" W";17 N 1371434 10795957;2923.32444847;3
2022-12-19 00:00:00;198188999;A;000000000221;000216;189328000;3;1;0;1;28;1371471.9544;10795826.7217;7.132191222871328;-73.13187459719825;"-7º -7' -55,888"" S";"73º 7' 54,749"" W";17 N 1371472 10795827;2821.27721387;3
2022-05-24 00:00:00;73017000;A;000000000050;000050;40150000;2;2;0;1;30;1371468.4656;10795639.4836;7.130514068816137;-73.13193471282273;"-7º -7' -49,851"" S";"73º 7' 54,965"" W";17 N 1371468 10795639;2731.07694623;3
2022-11-23 00:00:00;41724000;A;000000000052;000051;41709000;2;1;0;1;24;1371469.5633;10795634.4569;7.13046885985645;-73.13192563949222;"-7º -7' -49,688"" S";"73º 7' 54,932"" W";17 N 1371470 10795634;2727.74015954;3
2021-02-08 00:00:00;96695369;A;000000000102;000099;92137000;5;1;0;1;36;1371201.2625;10795680.2963;7.130920827130768;-73.13432538942347;"-7º -7' -51,315"" S";"73º 8' 3,571"" W";17 N 1371201 10795680;2987.28221584;3
2022-04-28 00:00:00;187757999;A;000000000217;000203;130463000;6;1;0;2;40;1371311.0465;10795780.9637;7.1318059580247;-73.13332507355314;"-7º -7' -54,501"" S";"73º 7' 59,97"" W";17 N 1371311 10795781;2937.06007821;3
2021-09-09 00:00:00;134299125;A;000000000171;000169;103535000;0;0;0;1;21;1371326.6285;10795746.2186;7.131492238917826;-73.13319064142249;"-7º -7' -53,372"" S";"73º 7' 59,486"" W";17 N 1371327 10795746;2906.62123838;3
2022-10-25 00:00:00;73017000;A;000000000058;000075;46008000;3;1;0;1;60;1371349.8112;10795758.7748;7.131601181813366;-73.13298074728168;"-7º -7' -53,764"" S";"73º 7' 58,731"" W";17 N 1371350 10795759;2892.3970127;3
2022-11-01 00:00:00;179413200;A;000000000212;000409;178997000;0;1;0;2;28;1371346.9539;10795717.06;7.131227847167002;-73.13301279865793;"-7º -7' -52,42"" S";"73º 7' 58,846"" W";17 N 1371347 10795717;2874.83675415;3
2022-07-01 00:00:00;166896000;A;000000000194;000175;117295000;2;1;0;1;15;1371332.2221;10795601.8468;7.130197775316495;-73.13316267997159;"-7º -7' -48,712"" S";"73º 7' 59,386"" W";17 N 1371332 10795602;2835.11875482;3
2022-08-25 00:00:00;46939499;A;000000000073;000069;45581000;3;1;0;1;16;1371162.5354;10795813.3458;7.132118936167934;-73.13465232181983;"-7º -7' -55,628"" S";"73º 8' 4,748"" W";17 N 1371163 10795813;3082.85881793;3
2022-06-15 00:00:00;88663500;A;000000000111;000106;72026000;4;1;0;1;23;1371136.3902;10795899.897;7.13289847589269;-73.13487354117082;"-7º -7' -58,435"" S";"73º 8' 5,545"" W";17 N 1371136 10795900;3147.58027011;2
2022-07-21 00:00:00;46939499;A;000000000088;000074;44771000;3;1;0;1;13;1371126.8934;10795869.2149;7.132625015898346;-73.13496345503054;"-7º -7' -57,45"" S";"73º 8' 5,868"" W";17 N 1371127 10795869;3140.90454738;2
2022-08-04 00:00:00;194329529;A;000000000148;000252;194255000;8;4;0;2;39;1371150.7319;10795528.6181;7.129569515939442;-73.13480201189498;"-7º -7' -46,45"" S";"73º 8' 5,287"" W";17 N 1371151 10795529;2969.25569399;2
2022-04-29 00:00:00;36508500;A;000000000044;000036;35453000;2;1;0;1;39;1371048.2179;10795945.63;7.133321808293322;-73.13565746489338;"-7º -7' -59,959"" S";"73º 8' 8,367"" W";17 N 1371048 10795946;3246.84471678;2
2022-08-31 00:00:00;41724000;A;000000000063;000054;34915000;3;1;0;1;17;1371056.1304;10795869.1704;7.132635492919251;-73.13559825035006;"-7º -7' -57,488"" S";"73º 8' 8,154"" W";17 N 1371056 10795869;3203.01162347;2
2022-04-29 00:00:00;110511229;A;000000000210;000159;110511000;6;1;0;1;16;1371021.461;10795929.1843;7.133178562632011;-73.13590002239806;"-7º -7' -59,443"" S";"73º 8' 9,24"" W";17 N 1371021 10795929;3262.1896115;2
2022-03-22 00:00:00;83448000;B;000000000062;000118;79416000;3;1;0;2;37;1371041.6575;10795948.7965;7.133351189350196;-73.13571582865805;"-7º -8' -0,064"" S";"73º 8' 8,577"" W";17 N 1371042 10795949;3254.11456493;2
2022-03-29 00:00:00;146034000;A;000000000029;000072;31424000;2;2;0;2;40;1370609.3046;10794480.6169;7.1202621947927645;-73.1398199455892;"-7º -7' -12,944"" S";"73º 8' 23,352"" W";17 N 1370609 10794481;3269.69292137;2
2022-05-12 00:00:00;52154999;A;000000000029;000070;42116000;4;2;1;3;35;1370530.8856;10794439.717;7.119907739974417;-73.1405296809989;"-7º -7' -11,668"" S";"73º 8' 25,907"" W";17 N 1370531 10794440;3346.71615471;2
2022-08-24 00:00:00;52154999;A;000000000029;000075;51232000;2;1;0;3;41;1370538.014;10794433.1371;7.11984768859777;-73.14046674575951;"-7º -7' -11,452"" S";"73º 8' 25,68"" W";17 N 1370538 10794433;3339.42169662;2
2022-08-23 00:00:00;115784099;A;000000000029;000041;33244000;2;1;0;1;41;1370516.8023;10794444.2189;7.119950237974684;-73.14065532413636;"-7º -7' -11,821"" S";"73º 8' 26,359"" W";17 N 1370517 10794444;3360.91653912;2
2022-05-10 00:00:00;61542899;A;000000000029;000047;37897000;2;2;0;2;43;1370580.2338;10794460.6674;7.120087897329688;-73.14008378740373;"-7º -7' -12,316"" S";"73º 8' 24,302"" W";17 N 1370580 10794461;3298.01660808;2
2021-08-06 00:00:00;130307755;A;000000000029;000049;40577000;2;1;0;2;45;1370598.4061;10794442.3277;7.119920780314833;-73.13992358845718;"-7º -7' -11,715"" S";"73º 8' 23,725"" W";17 N 1370598 10794442;3279.29171533;2
2022-08-25 00:00:00;128374561;A;000000000029;000050;38004000;2;2;0;2;41;1370589.1494;10794561.3321;7.120988524025333;-73.13998835561193;"-7º -7' -15,559"" S";"73º 8' 23,958"" W";17 N 1370589 10794561;3294.0031827;2
2022-05-10 00:00:00;104309999;A;000000000029;000075;51232000;2;2;0;2;41;1370588.9477;10794570.8132;7.121073509190749;-73.13998870927587;"-7º -7' -15,865"" S";"73º 8' 23,959"" W";17 N 1370589 10794571;3294.82379185;2
2022-10-20 00:00:00;62585999;A;000000000060;000075;54393000;2;1;0;3;33;1370616.5227;10794456.3243;7.120043417217768;-73.13975892515951;"-7º -7' -12,156"" S";"73º 8' 23,132"" W";17 N 1370617 10794456;3261.60473769;2
2022-04-06 00:00:00;83448000;A;000000000060;000045;38890000;2;2;0;2;28;1370616.7383;10794437.1422;7.119871505391264;-73.13975993589706;"-7º -7' -11,537"" S";"73º 8' 23,136"" W";17 N 1370617 10794437;3260.825372;2
2022-05-16 00:00:00;60840893;A;000000000060;000074;60747000;3;2;0;3;39;1370634.4617;10794471.5329;7.120176941165521;-73.13959566888667;"-7º -7' -12,637"" S";"73º 8' 22,544"" W";17 N 1370634 10794472;3244.20522465;2
2022-07-21 00:00:00;49286474;A;000000000098;000078;49280000;3;1;0;1;13;1370971.307;10795907.1994;7.1329892795425645;-73.13635331947502;"-7º -7' -58,761"" S";"73º 8' 10,872"" W";17 N 1370971 10795907;3295.73316318;2
2022-11-23 00:00:00;75103200;A;000000000070;000064;24649000;3;1;0;1;24;1371038.7729;10795195.7021;7.126603693817159;-73.13585754030619;"-7º -7' -35,773"" S";"73º 8' 9,087"" W";17 N 1371039 10795196;2960.74241902;1
2022-05-09 00:00:00;64150649;A;000000000108;000084;64091000;4;1;0;1;34;1370998.7841;10795100.0425;7.125752695952141;-73.13623096576798;"-7º -7' -32,71"" S";"73º 8' 10,431"" W";17 N 1370999 10795100;2973.56036066;1
2022-04-07 00:00:00;46939499;A;000000000093;000090;43422000;3;1;0;1;19;1370847.6273;10795124.5206;7.125995232315938;-73.13758316019582;"-7º -7' -33,583"" S";"73º 8' 15,299"" W";17 N 1370848 10795125;3126.04135782;1
2022-08-04 00:00:00;18671490;A;000000000046;000041;18619000;3;1;0;1;15;1370841.1504;10795124.4911;7.125995962224459;-73.13764126607558;"-7º -7' -33,585"" S";"73º 8' 15,509"" W";17 N 1370841 10795124;3132.30989525;1
2021-01-21 00:00:00;193390739;A;000000000138;000121;91836000;4;1;0;1;40;1371158.6011;10796728.7637;7.140321918502495;-73.13454666704679;"-7º -8' -25,159"" S";"73º 8' 4,368"" W";17 N 1371159 10796729;3611.22311108;2
2021-03-09 00:00:00;1289271600;B;000000000237;000234;177677000;0;0;1;1;52;1371181.5515;10796492.5478;7.138201833981559;-73.13437717178955;"-7º -8' -17,527"" S";"73º 8' 3,758"" W";17 N 1371182 10796493;3442.2542077;2
2021-03-09 00:00:00;1289271600;A;000000000054;000059;43221000;0;0;1;1;52;1371192.8112;10796501.8264;7.138283240439798;-73.1342747351282;"-7º -8' -17,82"" S";"73º 8' 3,389"" W";17 N 1371193 10796502;3439.24171657;2
2021-03-09 00:00:00;1289271600;B;000000000109;000121;85518000;0;0;0;1;52;1371199.4685;10796497.5096;7.1382435367343335;-73.13421567927895;"-7º -8' -17,677"" S";"73º 8' 3,176"" W";17 N 1371199 10796498;3431.34737834;2
2021-03-09 00:00:00;1289271600;A;000000000084;000090;71300000;0;0;1;1;58;1371206.1931;10796492.9787;7.138201904291102;-73.13415605269213;"-7º -8' -17,527"" S";"73º 8' 2,962"" W";17 N 1371206 10796493;3423.26675432;2
2021-03-09 00:00:00;1289271600;B;000000001079;001171;853455000;0;0;1;2;52;1371197.7481;10796472.4074;7.138018879508759;-73.13423497873814;"-7º -8' -16,868"" S";"73º 8' 3,246"" W";17 N 1371198 10796472;3417.0481406;2
2022-09-07 00:00:00;44853300;A;000000000089;000089;44548000;3;1;0;1;28;1371006.9336;10796497.8186;7.138275920636142;-73.13594281070951;"-7º -8' -17,793"" S";"73º 8' 9,394"" W";17 N 1371007 10796498;3583.76272422;2
2022-07-14 00:00:00;78232500;A;000000000136;000105;75686000;5;1;0;1;31;1371127.3711;10796537.4362;7.138612379982267;-73.13485629560407;"-7º -8' -19,005"" S";"73º 8' 5,483"" W";17 N 1371127 10796537;3512.59959061;2
2021-06-08 00:00:00;66612365;A;000000000136;000102;45057000;5;1;0;1;40;1371116.4401;10796560.1083;7.138817209415138;-73.13495086278003;"-7º -8' -19,742"" S";"73º 8' 5,823"" W";17 N 1371116 10796560;3535.28460916;2
2021-02-24 00:00:00;161158950;A;000000000361;000232;83528000;1;1;0;1;40;1370936.3527;10797095.9212;7.143645951106133;-73.13648384483962;"-7º -8' -37,125"" S";"73º 8' 11,342"" W";17 N 1370936 10797096;4022.35223476;2
2022-06-14 00:00:00;271206000;A;000000000725;000018;241372000;0;0;0;0;40;1370955.8876;10797173.3026;7.144336304217553;-73.13629667481689;"-7º -8' -39,611"" S";"73º 8' 10,668"" W";17 N 1370956 10797173;4061.48383645;2
2022-08-12 00:00:00;113697899;A;000000000212;000203;112953000;6;1;0;1;40;1371021.6984;10797046.1806;7.143187125816456;-73.13572588591224;"-7º -8' -35,474"" S";"73º 8' 8,613"" W";17 N 1371022 10797046;3926.08582434;2
2021-12-22 00:00:00;75207510;A;000000000105;000095;48919000;3;1;0;1;20;1371052.5939;10797011.3651;7.142870414308533;-73.13545409252664;"-7º -8' -34,333"" S";"73º 8' 7,635"" W";17 N 1371053 10797011;3879.72203972;2
2021-07-21 00:00:00;85951440;A;000000000105;000097;58797000;3;1;0;1;27;1371019.9502;10796943.9198;7.142271109791861;-73.1357573261914;"-7º -8' -32,176"" S";"73º 8' 8,726"" W";17 N 1371020 10796944;3857.89348545;2
2022-12-16 00:00:00;114740999;K;000000000148;000145;90426000;4;1;0;1;27;1370535.3865;10794699.3093;7.122233097588911;-73.14044945124056;"-7º -7' -20,039"" S";"73º 8' 25,618"" W";17 N 1370535 10794699;3359.15612065;1
2022-03-30 00:00:00;81361800;A;000000000188;000188;80595000;4;1;0;2;23;1370457.5536;10794505.5083;7.120508499255074;-73.14117740716118;"-7º -7' -13,831"" S";"73º 8' 28,239"" W";17 N 1370458 10794506;3422.36404588;1
2022-03-02 00:00:00;146034000;A;000000000061;000120;81005000;2;2;0;4;47;1370559.6838;10794568.1051;7.121053731231906;-73.14025163708733;"-7º -7' -15,793"" S";"73º 8' 24,906"" W";17 N 1370560 10794568;3323.8449001;2
2021-06-10 00:00:00;75207510;A;000000000061;000048;34507000;2;2;0;2;45;1370526.6636;10794545.0002;7.1208517658206745;-73.140551392362;"-7º -7' -15,066"" S";"73º 8' 25,985"" W";17 N 1370527 10794545;3355.37917484;2
2022-08-16 00:00:00;84491100;A;000000000061;000124;71676000;3;2;0;2;41;1370489.4843;10794514.3088;7.120582459574333;-73.14088962135426;"-7º -7' -14,097"" S";"73º 8' 27,203"" W";17 N 1370489 10794514;3390.8790517;2
2022-11-03 00:00:00;104309999;A;000000000061;000048;31469000;2;2;0;2;41;1370508.3028;10794508.0575;7.1205235600759575;-73.14072176940304;"-7º -7' -13,885"" S";"73º 8' 26,598"" W";17 N 1370508 10794508;3371.78533718;2
2022-06-21 00:00:00;13560299;A;000000000053;000057;12689000;2;1;0;1;20;1370735.71;10796527.1525;7.138580470332921;-73.13837138160511;"-7º -8' -18,89"" S";"73º 8' 18,137"" W";17 N 1370736 10796527;3821.03138162;1
2022-12-28 00:00:00;25660259;A;000000000051;000046;17090000;2;1;0;1;40;1370888.656;10796503.2531;7.138342805408025;-73.13700301427521;"-7º -8' -18,034"" S";"73º 8' 13,211"" W";17 N 1370889 10796503;3682.32291189;1
2022-08-31 00:00:00;57370499;A;000000000048;000102;57284000;4;2;0;2;35;1371243.9161;10800952.6921;7.1781561211912255;-73.13312875004708;"-7º -10' -41,362"" S";"73º 7' 59,264"" W";17 N 1371244 10800953;7107.33072316;1
2022-08-01 00:00:00;61542899;A;000000000048;000098;61541000;5;2;0;2;39;1371251.7267;10800955.1129;7.178176603669892;-73.13305830247504;"-7º -10' -41,436"" S";"73º 7' 59,01"" W";17 N 1371252 10800955;7106.69102706;1
2021-01-19 00:00:00;108346864;A;000000000051;000129;86549000;6;3;0;3;40;1371154.7611;10800813.1436;7.176919527848005;-73.13395021616591;"-7º -10' -36,91"" S";"73º 8' 2,221"" W";17 N 1371155 10800813;7012.02008602;1
2022-01-18 00:00:00;83448000;A;000000000096;000056;42483000;2;1;0;1;40;1371291.2749;10801011.8678;7.178679020031901;-73.13269470425733;"-7º -10' -43,244"" S";"73º 7' 57,701"" W";17 N 1371291 10801012;7145.06017576;1
2021-03-09 00:00:00;69835545;A;000000000040;000081;44768000;4;2;0;2;34;1371232.8737;10801015.7557;7.178722892546665;-73.1332180468799;"-7º -10' -43,402"" S";"73º 7' 59,585"" W";17 N 1371233 10801016;7170.01092961;1
2022-07-13 00:00:00;36508500;A;000000000082;000072;25611000;3;2;0;1;28;1370183.8235;10800931.1991;7.178127445583002;-73.1426427752395;"-7º -10' -41,259"" S";"73º 8' 33,514"" W";17 N 1370184 10800931;7545.59625238;1
2022-03-04 00:00:00;45262195;A;000000000100;000096;45262000;2;1;0;1;18;1371039.0526;10800267.1555;7.172045233657302;-73.13507280945514;"-7º -10' -19,363"" S";"73º 8' 6,262"" W";17 N 1371039 10800267;6561.48659077;1
2022-07-12 00:00:00;95965199;A;000000000184;000138;95599000;3;1;0;1;40;1371062.4045;10800280.2761;7.172159188585861;-73.13486128007146;"-7º -10' -19,773"" S";"73º 8' 5,501"" W";17 N 1371062 10800280;6563.27343968;1
2022-03-09 00:00:00;114740999;A;000000000256;000165;111596000;4;2;0;1;33;1371213.5987;10800002.2763;7.169644881113678;-73.13354788023128;"-7º -10' -10,722"" S";"73º 8' 0,772"" W";17 N 1371214 10800002;6247.32165101;1
2022-08-18 00:00:00;81361800;A;000000000122;000168;80380000;3;1;0;2;34;1370632.6676;10800893.0247;7.177716016131413;-73.13862182091901;"-7º -10' -39,778"" S";"73º 8' 19,039"" W";17 N 1370633 10800893;7302.17355079;1
2021-04-16 00:00:00;26859824;A;000000000069;000038;26801000;1;1;0;1;16;1371298.7633;10800958.1405;7.178196454237786;-73.13263584628832;"-7º -10' -41,507"" S";"73º 7' 57,489"" W";17 N 1371299 10800958;7092.27435116;1
2022-03-16 00:00:00;29728349;A;000000000063;000052;29642000;4;1;0;1;19;1371295.5566;10801028.7268;7.1788294174648355;-73.13265367903882;"-7º -10' -43,786"" S";"73º 7' 57,553"" W";17 N 1371296 10801029;7159.23497061;1
2022-08-26 00:00:00;91792800;A;000000000115;000099;73132000;4;1;0;1;32;1371301.7081;10801021.2894;7.178761825064094;-73.13259964337279;"-7º -10' -43,543"" S";"73º 7' 57,359"" W";17 N 1371302 10801021;7150.08072256;1
2022-02-08 00:00:00;36508500;A;000000000045;000045;36465000;3;1;0;1;42;1371168.3869;10800330.3831;7.17259177828363;-73.13390271658896;"-7º -10' -21,33"" S";"73º 8' 2,05"" W";17 N 1371168 10800330;6564.14793241;1
2022-05-05 00:00:00;31401482;A;000000000045;000043;31401000;3;1;0;1;38;1371133.2463;10800336.175;7.172649106835733;-73.13421707985923;"-7º -10' -21,537"" S";"73º 8' 3,181"" W";17 N 1371133 10800336;6583.98784527;1
2022-11-18 00:00:00;42767100;A;000000000045;000095;42650000;4;1;0;2;40;1371118.1683;10800339.9496;7.172685258740764;-73.1343517662281;"-7º -10' -21,667"" S";"73º 8' 3,666"" W";17 N 1371118 10800340;6593.71253704;1
2022-07-08 00:00:00;33379199;A;000000000045;000041;29608000;3;1;0;1;37;1371133.1662;10800362.705;7.172886834174245;-73.1342136922706;"-7º -10' -22,393"" S";"73º 8' 3,169"" W";17 N 1371133 10800363;6608.14796752;1
2022-11-01 00:00:00;20862000;A;000000000045;000045;20421000;3;1;0;1;20;1371158.3352;10800363.2557;7.172887877990052;-73.13398780618863;"-7º -10' -22,396"" S";"73º 8' 2,356"" W";17 N 1371158 10800363;6598.24103512;1
2022-01-25 00:00:00;52154999;A;000000000045;000095;50572000;4;2;0;2;33;1371166.9541;10800403.7171;7.173249088927892;-73.13390421978214;"-7º -10' -23,697"" S";"73º 8' 2,055"" W";17 N 1371167 10800404;6631.60474197;1
2022-11-28 00:00:00;42767100;A;000000000045;000065;42311000;3;2;0;2;37;1371191.8687;10800393.763;7.173156046398965;-73.13368224210005;"-7º -10' -23,362"" S";"73º 8' 1,256"" W";17 N 1371192 10800394;6612.36639538;1
2022-11-04 00:00:00;51111899;A;000000000045;000094;49819000;4;2;0;2;41;1371215.0453;10800394.4369;7.173158501718663;-73.13347421167133;"-7º -10' -23,371"" S";"73º 8' 0,507"" W";17 N 1371215 10800394;6603.60764448;1
2022-10-25 00:00:00;33379199;A;000000000048;000092;33212000;3;1;0;2;35;1371507.498;10800948.0149;7.178073427954133;-73.13076476480862;"-7º -10' -41,064"" S";"73º 7' 50,753"" W";17 N 1371507 10800948;7009.57411646;1
2022-03-17 00:00:00;30771449;A;000000000048;000092;28700000;4;1;0;2;28;1371530.6584;10800913.6874;7.177762264158372;-73.13056230264428;"-7º -10' -39,944"" S";"73º 7' 50,024"" W";17 N 1371531 10800914;6969.44664905;1
2022-04-19 00:00:00;20862000;A;000000000087;000076;16941000;2;1;0;1;20;1371072.6146;10799358.6582;7.163899686135596;-73.13491221876619;"-7º -9' -50,039"" S";"73º 8' 5,684"" W";17 N 1371073 10799359;5739.27562691;1
2022-03-24 00:00:00;62585999;A;000000000179;000127;61963000;4;2;0;1;29;1370166.0142;10799497.9829;7.165287976197192;-73.14302410460071;"-7º -9' -55,037"" S";"73º 8' 34,887"" W";17 N 1370166 10799498;6345.06925722;1
2021-02-17 00:00:00;80579475;A;000000000143;000119;78646000;3;3;0;1;34;1370322.3612;10799169.17;7.162317564769792;-73.14167223057076;"-7º -9' -44,343"" S";"73º 8' 30,02"" W";17 N 1370322 10799169;5987.26726479;1
2022-02-10 00:00:00;52154999;A;000000000041;000055;51962000;3;1;0;1;57;1370465.4592;10798777.101;7.158782412755722;-73.14044898174885;"-7º -9' -31,617"" S";"73º 8' 25,616"" W";17 N 1370465 10798777;5588.04025388;0
2022-05-12 00:00:00;87098850;A;000000000145;000181;86645000;4;2;0;2;60;1370506.1795;10798961.0217;7.160424131977298;-73.14005527732472;"-7º -9' -37,527"" S";"73º 8' 24,199"" W";17 N 1370506 10798961;5710.69515594;1
2021-10-19 00:00:00;21487860;A;000000000053;000039;20026000;2;1;0;1;28;1370704.3222;10798753.7464;7.158536321730582;-73.13830969350603;"-7º -9' -30,731"" S";"73º 8' 17,915"" W";17 N 1370704 10798754;5426.55907611;1
2022-10-20 00:00:00;3129299999;B;000000002498;002380;2836790000;0;1;2;3;54;1368122.4147;10793175.2424;7.108945724562057;-73.16232884764229;"-7º -6' -32,205"" S";"73º 9' 44,384"" W";17 N 1368122 10793175;5872.8784585;2
2021-02-03 00:00:00;2640640859;B;000000000375;000400;509971000;0;1;2;2;72;1367885.7048;10793226.6798;7.109442782336719;-73.16444445970436;"-7º -6' -33,994"" S";"73º 9' 52"" W";17 N 1367886 10793227;6095.28485374;2
2022-11-03 00:00:00;775891159;B;000000000604;000646;775891000;0;1;2;3;52;1367968.0009;10793320.9625;7.11027507829036;-73.16369178823611;"-7º -6' -36,99"" S";"73º 9' 49,29"" W";17 N 1367968 10793321;5997.51204142;2
2021-02-19 00:00:00;2041346699;A;000000000990;001020;1241012000;0;1;2;3;54;1367926.2333;10793320.1453;7.110274131681332;-73.16406660249825;"-7º -6' -36,987"" S";"73º 9' 50,64"" W";17 N 1367926 10793320;6038.80288817;2
2021-02-03 00:00:00;2182458551;S;000000000648;000531;643898000;0;0;0;1;50;1367894.7383;10793441.364;7.111365169327819;-73.16433061129463;"-7º -6' -40,915"" S";"73º 9' 51,59"" W";17 N 1367895 10793441;6050.43325176;2
2022-04-29 00:00:00;105353099;A;000000000054;000170;105211000;6;3;0;3;40;1370957.0694;10797833.8907;7.15025518046454;-73.13618422296389;"-7º -9' -0,919"" S";"73º 8' 10,263"" W";17 N 1370957 10797834;4544.67352518;2
2022-04-26 00:00:00;46939499;A;000000000054;000096;45588000;5;1;0;4;60;1370883.7525;10797814.9724;7.150096961070787;-73.13684486648901;"-7º -9' -0,349"" S";"73º 8' 12,642"" W";17 N 1370884 10797815;4577.78121311;2
2022-06-13 00:00:00;60499799;A;000000000060;000124;60117000;5;2;0;2;35;1370476.8226;10797744.0677;7.149524296063835;-73.14050638180198;"-7º -8' -58,287"" S";"73º 8' 25,823"" W";17 N 1370477 10797744;4803.23552044;1
2022-11-16 00:00:00;84491100;A;000000000046;000073;36965000;4;1;0;2;60;1370862.303;10798569.632;7.15686224113207;-73.13692084513782;"-7º -9' -24,704"" S";"73º 8' 12,915"" W";17 N 1370862 10798570;5184.86948565;2
2022-08-30 00:00:00;56848949;A;000000000045;000105;56403000;3;2;0;2;36;1370888.5445;10798495.0314;7.156189751988746;-73.13669694549151;"-7º -9' -22,283"" S";"73º 8' 12,109"" W";17 N 1370889 10798495;5108.96183227;2
2021-02-10 00:00:00;77356296;A;000000000056;000106;71798000;4;2;0;2;60;1371129.4633;10797847.5285;7.15035081825913;-73.13463557793267;"-7º -9' -1,263"" S";"73º 8' 4,688"" W";17 N 1371129 10797848;4446.61751903;2
2021-08-06 00:00:00;96695369;A;000000000079;000140;94403000;6;3;0;2;60;1371165.383;10797840.4969;7.150282278619838;-73.1343144287949;"-7º -9' -1,016"" S";"73º 8' 3,532"" W";17 N 1371165 10797840;4418.96287999;3
2021-05-14 00:00:00;58017221;A;000000000054;000099;56165000;3;2;0;2;41;1371074.426;10797854.5084;7.150421840141776;-73.13512823876644;"-7º -9' -1,519"" S";"73º 8' 6,462"" W";17 N 1371074 10797855;4486.27554285;2
2022-07-25 00:00:00;90749700;A;000000000054;000162;84623000;3;1;0;2;60;1371048.2387;10797842.097;7.1503146654993746;-73.13536507897066;"-7º -9' -1,133"" S";"73º 8' 7,314"" W";17 N 1371048 10797842;4493.02697148;2
2022-09-06 00:00:00;78232500;A;000000000054;000162;76102000;3;1;0;2;60;1370996.1504;10797944.9856;7.15124460071253;-73.13581648989333;"-7º -9' -4,481"" S";"73º 8' 8,939"" W";17 N 1370996 10797945;4605.82633;2
2022-01-27 00:00:00;79275600;A;000000000054;000100;77491000;4;1;0;2;45;1370895.5816;10798033.5296;7.152053475911886;-73.1367050343577;"-7º -9' -7,393"" S";"73º 8' 12,138"" W";17 N 1370896 10798034;4737.86830703;2
2022-08-31 00:00:00;62585999;A;000000000052;000096;38744000;4;1;0;2;28;1370837.8252;10798689.6446;7.157941364132486;-73.13712191085698;"-7º -9' -28,589"" S";"73º 8' 13,639"" W";17 N 1370838 10798690;5296.98415108;1
2022-03-14 00:00:00;36508500;A;000000000084;000084;32494000;2;1;0;1;19;1370901.5042;10797636.4229;7.148494370423932;-73.13671315107987;"-7º -8' -54,58"" S";"73º 8' 12,167"" W";17 N 1370902 10797636;4432.26784513;1
2022-05-17 00:00:00;31292999;A;000000000060;000058;27495000;3;1;0;1;32;1370871.9623;10797615.211;7.148308854921364;-73.13698144125902;"-7º -8' -53,912"" S";"73º 8' 13,133"" W";17 N 1370872 10797615;4436.5194375;1
2021-06-10 00:00:00;29008610;A;000000000060;000133;28025000;0;0;0;0;31;1370587.9815;10797622.4655;7.148417582699307;-73.13952791413503;"-7º -8' -54,303"" S";"73º 8' 22,3"" W";17 N 1370588 10797622;4638.66172777;1
2022-03-30 00:00:00;99094499;A;000000000061;000190;90622000;3;1;0;1;36;1370647.5792;10797638.0366;7.148547929862074;-73.1389908615782;"-7º -8' -54,773"" S";"73º 8' 20,367"" W";17 N 1370648 10797638;4607.69949779;1
2022-03-25 00:00:00;41724000;A;000000000040;000082;41031000;2;2;0;2;36;1370767.7017;10798493.9663;7.156198837428967;-73.13778120624883;"-7º -9' -22,316"" S";"73º 8' 16,012"" W";17 N 1370768 10798494;5179.70986072;2
2022-08-18 00:00:00;52154999;A;000000000060;000060;27704000;3;1;0;1;30;1370345.0834;10797707.7289;7.149218965904555;-73.14169382563271;"-7º -8' -57,188"" S";"73º 8' 30,098"" W";17 N 1370345 10797708;4872.25397037;1
2021-10-11 00:00:00;53719649;A;000000000060;000060;24240000;0;0;0;0;26;1370355.6489;10797701.8194;7.149164388124752;-73.14159995235285;"-7º -8' -56,992"" S";"73º 8' 29,76"" W";17 N 1370356 10797702;4860.52567757;1
2022-04-04 00:00:00;17732700;A;000000000060;000060;17665000;0;0;0;0;18;1370381.4295;10797659.65;7.148782565259613;-73.14137517145585;"-7º -8' -55,617"" S";"73º 8' 28,951"" W";17 N 1370381 10797660;4812.79569172;1
2022-07-05 00:00:00;83865240;S;000000000060;000118;69342000;0;0;0;0;32;1370523.8564;10797747.6144;7.1495488346207186;-73.14008389177256;"-7º -8' -58,376"" S";"73º 8' 24,302"" W";17 N 1370524 10797748;4772.5856052;1
2022-11-04 00:00:00;34422300;A;000000000060;000053;24401000;2;1;0;1;21;1370542.694;10798345.9286;7.1549070466624265;-73.13982262801308;"-7º -9' -17,665"" S";"73º 8' 23,361"" W";17 N 1370543 10798346;5203.2913549;2
2021-01-04 00:00:00;37603755;A;000000000060;000051;33449000;3;1;0;1;34;1370680.7351;10798389.1728;7.155273257908256;-73.13857756830156;"-7º -9' -18,984"" S";"73º 8' 18,879"" W";17 N 1370681 10798389;5149.78733385;2
2022-04-27 00:00:00;22948200;S;000000000060;000052;20733000;2;0;0;1;16;1370734.789;10798365.4141;7.1550520415836205;-73.13809630982419;"-7º -9' -18,187"" S";"73º 8' 17,147"" W";17 N 1370735 10798365;5097.68844759;2
2022-09-30 00:00:00;15646499;A;000000000059;000051;10161000;2;1;0;1;9;1370579.6018;10797686.9679;7.148996837351326;-73.13959314586126;"-7º -8' -56,389"" S";"73º 8' 22,535"" W";17 N 1370580 10797687;4690.26409537;1
2021-10-07 00:00:00;17190288;A;000000000060;000054;8199000;2;1;0;1;5;1370597.3473;10797687.8596;7.149002095185316;-73.13943381284585;"-7º -8' -56,408"" S";"73º 8' 21,962"" W";17 N 1370597 10797688;4678.44366508;1
2022-02-08 00:00:00;49025699;A;000000000060;000109;48663000;3;1;0;1;32;1370638.4271;10797680.0602;7.148925884957835;-73.13906648700359;"-7º -8' -56,133"" S";"73º 8' 20,639"" W";17 N 1370638 10797680;4644.14932841;1
2022-12-13 00:00:00;18775800;S;000000000045;000045;14156000;2;1;0;1;21;1370424.4238;10799477.4183;7.165063846450346;-73.14070898376713;"-7º -9' -54,23"" S";"73º 8' 26,552"" W";17 N 1370424 10799477;6180.43651795;1
2022-08-23 00:00:00;66758399;A;000000000054;000112;66390000;2;1;0;1;42;1370761.6156;10798943.3321;7.160226234994892;-73.13776642869468;"-7º -9' -36,814"" S";"73º 8' 15,959"" W";17 N 1370762 10798943;5549.12001022;2
2022-03-29 00:00:00;47356739;A;000000000054;000096;47294000;2;1;0;1;35;1370746.0518;10798939.1602;7.16019125391825;-73.13790669924727;"-7º -9' -36,689"" S";"73º 8' 16,464"" W";17 N 1370746 10798939;5554.42439762;2
2022-01-12 00:00:00;64672199;A;000000000054;000048;27065000;2;1;0;1;36;1370744.315;10798927.1794;7.160084170015763;-73.13792413063463;"-7º -9' -36,303"" S";"73º 8' 16,527"" W";17 N 1370744 10798927;5545.51240312;2
2021-10-07 00:00:00;32231789;A;000000000054;000062;25133000;2;1;0;1;28;1370719.7363;10798938.1003;7.1601858155072176;-73.13814294517475;"-7º -9' -36,669"" S";"73º 8' 17,315"" W";17 N 1370720 10798938;5568.42457826;2
2022-07-19 00:00:00;29206799;A;000000000045;000045;29184000;2;1;0;1;40;1370360.1443;10799292.4989;7.163416813427313;-73.14131422092544;"-7º -9' -48,301"" S";"73º 8' 28,731"" W";17 N 1370360 10799292;6064.97414644;2
2022-08-19 00:00:00;62585999;A;000000000045;000100;57132000;4;2;0;2;36;1370357.8705;10799281.849;7.163321736863314;-73.14133626468326;"-7º -9' -47,958"" S";"73º 8' 28,811"" W";17 N 1370358 10799282;6057.62039872;2
2022-10-07 00:00:00;93878999;A;000000000045;000084;42370000;4;2;0;2;30;1370414.8328;10799343.696;7.163867123733463;-73.14081568379478;"-7º -9' -49,922"" S";"73º 8' 26,936"" W";17 N 1370415 10799344;6075.43559206;2
2022-10-24 00:00:00;39637800;A;000000000045;000039;26074000;2;1;0;1;30;1370448.0272;10799382.4741;7.164209469483682;-73.14051189534673;"-7º -9' -51,154"" S";"73º 8' 25,843"" W";17 N 1370448 10799382;6088.59073405;2
2022-03-02 00:00:00;44853300;A;000000000045;000043;25092000;2;1;0;1;40;1370484.1905;10799406.6005;7.16442007190873;-73.14018373468777;"-7º -9' -51,912"" S";"73º 8' 24,661"" W";17 N 1370484 10799407;6088.32093856;2
2022-08-12 00:00:00;27120599;A;000000000045;000041;26723000;2;1;0;1;40;1370473.8281;10799404.7473;7.164405065240111;-73.14027698572929;"-7º -9' -51,858"" S";"73º 8' 24,997"" W";17 N 1370474 10799405;6092.56328869;2
2021-12-17 00:00:00;35454969;A;000000000045;000045;32789000;2;1;0;1;41;1370488.2092;10799434.0284;7.1646652158815405;-73.14014344443572;"-7º -9' -52,795"" S";"73º 8' 24,516"" W";17 N 1370488 10799434;6108.88629261;2
2022-11-21 00:00:00;60458075;A;000000000045;000039;22725000;2;1;0;1;24;1370499.9509;10799421.3899;7.164550158777143;-73.14004005790216;"-7º -9' -52,381"" S";"73º 8' 24,144"" W";17 N 1370500 10799421;6091.85813743;2
2022-05-25 00:00:00;29206799;A;000000000045;000045;26278000;2;1;0;1;40;1370497.2135;10799410.9971;7.1644574578583375;-73.14006622157726;"-7º -9' -52,047"" S";"73º 8' 24,238"" W";17 N 1370497 10799411;6084.73029529;2
2022-10-05 00:00:00;23991299;A;000000000045;000031;23634000;2;1;0;1;31;1370500.4544;10799438.2559;7.16470120655579;-73.1400329352916;"-7º -9' -52,924"" S";"73º 8' 24,119"" W";17 N 1370500 10799438;6105.62519072;2
2022-10-05 00:00:00;27537839;A;000000000045;000043;27464000;2;1;0;1;32;1370565.0454;10799484.9886;7.165109981930205;-73.13944624655446;"-7º -9' -54,396"" S";"73º 8' 22,006"" W";17 N 1370565 10799485;6109.36946375;2
2021-08-26 00:00:00;74133117;A;000000000045;000042;29025000;2;1;0;1;33;1370541.9363;10799492.0819;7.165177106263047;-73.13965247052548;"-7º -9' -54,638"" S";"73º 8' 22,749"" W";17 N 1370542 10799492;6127.87574607;2
2021-06-08 00:00:00;42975720;A;000000000045;000039;17004000;0;0;0;0;0;1370544.6095;10799381.0103;7.164181453024118;-73.13964564811656;"-7º -9' -51,053"" S";"73º 8' 22,724"" W";17 N 1370545 10799381;6033.51409509;2
2021-08-25 00:00:00;39752541;A;000000000045;000045;29799000;2;1;0;1;40;1370528.4953;10799369.5036;7.1640808350235625;-73.13979199160636;"-7º -9' -50,691"" S";"73º 8' 23,251"" W";17 N 1370528 10799370;6032.85195885;2
2021-06-04 00:00:00;29008610;A;000000000045;000039;24379000;2;1;0;1;27;1370520.0287;10799368.7286;7.1640751969550465;-73.13986806806882;"-7º -9' -50,671"" S";"73º 8' 23,525"" W";17 N 1370520 10799369;6036.91040801;2
2022-01-17 00:00:00;36508500;A;000000000045;000042;27779000;2;1;0;1;31;1370513.9708;10799358.4944;7.163984429435167;-73.13992399646868;"-7º -9' -50,344"" S";"73º 8' 23,726"" W";17 N 1370514 10799358;6031.78137506;2
2022-08-05 00:00:00;28163699;A;000000000045;000042;27779000;2;1;0;1;31;1370516.5051;10799324.0855;7.163675722354993;-73.1399065755329;"-7º -9' -49,233"" S";"73º 8' 23,664"" W";17 N 1370517 10799324;6001.82641381;2
2021-10-22 00:00:00;53719649;A;000000000045;000045;31600000;2;1;0;1;35;1370472.7477;10799335.0752;7.163780944298255;-73.14029744047653;"-7º -9' -49,611"" S";"73º 8' 25,071"" W";17 N 1370473 10799335;6035.50383662;2
2022-06-13 00:00:00;70206594;A;000000000045;000039;23823000;2;1;0;1;26;1370429.8598;10799288.9453;7.163374218866753;-73.14068932747175;"-7º -9' -48,147"" S";"73º 8' 26,482"" W";17 N 1370430 10799289;6021.9087492;2
2022-08-16 00:00:00;63629099;A;000000000045;000039;23823000;2;1;0;1;26;1370395.3177;10799277.0794;7.163273223733525;-73.14100104920415;"-7º -9' -47,784"" S";"73º 8' 27,604"" W";17 N 1370395 10799277;6032.05044067;2
2022-03-23 00:00:00;73017000;A;000000000038;000077;39563000;2;2;0;2;34;1370307.7387;10798626.9902;7.157461670161941;-73.14188709732136;"-7º -9' -26,862"" S";"73º 8' 30,794"" W";17 N 1370308 10798627;5569.62387995;2
2022-06-14 00:00:00;57370499;A;000000000038;000124;53186000;6;3;0;3;29;1370307.3727;10798648.1728;7.157651531230063;-73.14188711244788;"-7º -9' -27,546"" S";"73º 8' 30,794"" W";17 N 1370307 10798648;5586.13730458;2
2022-03-22 00:00:00;36508500;A;000000000038;000075;33993000;2;1;0;2;27;1370308.4286;10798510.0617;7.156413837137239;-73.14189894786567;"-7º -9' -23,09"" S";"73º 8' 30,836"" W";17 N 1370308 10798510;5479.91405828;2
2022-09-21 00:00:00;31292999;A;000000000039;000074;30534000;2;1;0;2;24;1370346.3461;10798634.8215;7.157525892345293;-73.14153953227454;"-7º -9' -27,093"" S";"73º 8' 29,542"" W";17 N 1370346 10798635;5551.00729689;2
2021-02-12 00:00:00;67686759;A;000000000038;000071;35803000;2;1;0;2;30;1370346.6559;10798631.3172;7.157494444684274;-73.14153729369546;"-7º -9' -26,98"" S";"73º 8' 29,534"" W";17 N 1370347 10798631;5548.1062215;2
2022-04-25 00:00:00;52154999;A;000000000038;000078;36069000;3;1;0;2;28;1370333.8734;10798673.3319;7.157872882993846;-73.14164548574948;"-7º -9' -28,342"" S";"73º 8' 29,924"" W";17 N 1370334 10798673;5588.679021;2
2022-08-24 00:00:00;22948200;A;000000000038;000046;22165000;1;1;0;2;40;1370331.3371;10798659.1769;7.157746439401395;-73.14167042372446;"-7º -9' -27,887"" S";"73º 8' 30,014"" W";17 N 1370331 10798659;5579.34951577;2
2022-01-27 00:00:00;59456699;A;000000000038;000035;19760000;1;1;0;2;24;1370331.2769;10798662.7073;7.157778082474413;-73.14167041904291;"-7º -9' -28,001"" S";"73º 8' 30,014"" W";17 N 1370331 10798663;5582.11433165;2
2022-12-01 00:00:00;31292999;A;000000000039;000077;29497000;2;2;0;2;22;1370369.8717;10798563.8069;7.156885948194057;-73.14133943568844;"-7º -9' -24,789"" S";"73º 8' 28,822"" W";17 N 1370370 10798564;5481.30805058;2
2022-04-07 00:00:00;83448000;A;000000000082;000189;83098000;4;2;0;2;36;1370688.2194;10798488.0743;7.1561582947304725;-73.13849516310606;"-7º -9' -22,17"" S";"73º 8' 18,583"" W";17 N 1370688 10798488;5223.13130709;1
2022-12-15 00:00:00;1460340000;T;000000002768;000397;597948000;3;2;0;1;60;1369007.8641;10796107.2847;7.135083590473542;-73.15393635138507;"-7º -8' -6,301"" S";"73º 9' 14,171"" W";17 N 1369008 10796107;5175.69824544;2
2021-12-06 00:00:00;77830370;A;000000000038;000077;30291000;4;2;0;2;23;1369921.2515;10797985.5938;7.1517739924789865;-73.14545326646478;"-7º -9' -6,386"" S";"73º 8' 43,632"" W";17 N 1369921 10797986;5371.64741985;2
2022-03-25 00:00:00;31292999;A;000000000038;000077;30291000;4;2;1;2;23;1369920.8943;10797950.8009;7.151462286210902;-73.14546183240628;"-7º -9' -5,264"" S";"73º 8' 43,663"" W";17 N 1369921 10797951;5348.43033538;2
2021-12-16 00:00:00;64463579;A;000000000038;000074;36889000;4;1;0;2;30;1369877.7597;10797925.0008;7.151237742759792;-73.14585277771106;"-7º -9' -4,456"" S";"73º 8' 45,07"" W";17 N 1369878 10797925;5363.18155003;2
2022-10-19 00:00:00;32336099;A;000000000038;000081;31340000;4;1;0;2;23;1369867.8839;10797906.2385;7.151071142994823;-73.14594426650719;"-7º -9' -3,856"" S";"73º 8' 45,399"" W";17 N 1369868 10797906;5358.08062917;2
2021-08-09 00:00:00;40826934;A;000000000038;000056;24782000;3;1;0;2;23;1369787.0444;10797827.023;7.1503737706512505;-73.14668169928306;"-7º -9' -1,346"" S";"73º 8' 48,054"" W";17 N 1369787 10797827;5367.18305508;2
2021-10-12 00:00:00;53223300;A;000000000038;000056;24010000;1;1;0;2;22;1369715.0391;10797803.7715;7.150176502627091;-73.14733125666235;"-7º -9' -0,635"" S";"73º 8' 50,393"" W";17 N 1369715 10797804;5407.36918719;2
2021-12-28 00:00:00;21487860;A;000000000038;000035;19272000;1;1;0;2;23;1369690.9616;10797809.4536;7.150231121147129;-73.14754638635695;"-7º -9' -0,832"" S";"73º 8' 51,167"" W";17 N 1369691 10797809;5429.53813974;2
2022-12-15 00:00:00;67801500;A;000000000038;000035;19272000;1;1;0;2;23;1369700.325;10797794.4847;7.150095551500955;-73.14746469066434;"-7º -9' -0,344"" S";"73º 8' 50,873"" W";17 N 1369700 10797794;5412.78795719;2
2021-03-12 00:00:00;30083003;A;000000000038;000035;19272000;1;1;0;2;23;1369676.3402;10797800.6511;7.150154495259934;-73.14767891418981;"-7º -9' -0,556"" S";"73º 8' 51,644"" W";17 N 1369676 10797801;5435.22602055;2
2022-12-16 00:00:00;20862000;A;000000000038;000035;19272000;1;1;0;2;23;1369741.0544;10797848.6995;7.1505750787962;-73.14709094691909;"-7º -9' -2,07"" S";"73º 8' 49,527"" W";17 N 1369741 10797849;5416.27930873;2
2022-04-25 00:00:00;20862000;A;000000000038;000035;19272000;1;1;0;2;23;1369723.1651;10797837.3559;7.150476186389899;-73.14725318336941;"-7º -9' -1,714"" S";"73º 8' 50,111"" W";17 N 1369723 10797837;5422.64990167;2
2022-11-16 00:00:00;52154999;A;000000000038;000035;19272000;1;1;0;2;23;1369678.8879;10797769.1156;7.1498715284688705;-73.14766091518405;"-7º -8' -59,538"" S";"73º 8' 51,579"" W";17 N 1369679 10797769;5413.28925884;2
2022-11-09 00:00:00;62585999;A;000000000038;000035;19272000;1;1;0;2;23;1369686.294;10797757.0898;7.149762631688319;-73.1475963254925;"-7º -8' -59,145"" S";"73º 8' 51,347"" W";17 N 1369686 10797757;5399.95472801;2
2022-10-19 00:00:00;41724000;A;000000000038;000049;22946000;3;1;0;2;23;1369622.5485;10797734.6352;7.149571231241688;-73.14817165936657;"-7º -8' -58,456"" S";"73º 8' 53,418"" W";17 N 1369623 10797735;5435.55993142;2
2022-01-06 00:00:00;64088063;A;000000000038;000077;40248000;1;1;0;2;32;1369587.898;10797758.2042;7.149787751774718;-73.14847888786123;"-7º -8' -59,236"" S";"73º 8' 54,524"" W";17 N 1369588 10797758;5477.35059785;2
2021-10-14 00:00:00;48347684;A;000000000038;000056;26347000;2;1;0;2;25;1369622.4332;10797775.0846;7.149933697608501;-73.1481664644692;"-7º -8' -59,761"" S";"73º 8' 53,399"" W";17 N 1369622 10797775;5460.92221728;2
2022-08-24 00:00:00;36508500;A;000000000038;000056;31195000;1;1;0;2;31;1369883.1812;10798012.5321;7.152021231970466;-73.14579065264421;"-7º -9' -7,276"" S";"73º 8' 44,846"" W";17 N 1369883 10798013;5417.90980733;2
2022-09-22 00:00:00;36508500;A;000000000038;000063;29268000;2;1;0;2;26;1369884.2839;10797998.5604;7.151895868962878;-73.1457829130535;"-7º -9' -6,825"" S";"73º 8' 44,818"" W";17 N 1369884 10797999;5407.66281385;2
2022-05-16 00:00:00;62585999;A;000000000038;000055;23763000;1;1;0;2;22;1369856.9817;10797990.6401;7.151829100912112;-73.14602906790468;"-7º -9' -6,585"" S";"73º 8' 45,705"" W";17 N 1369857 10797991;5422.53003253;2
2022-10-05 00:00:00;39637800;A;000000000038;000063;37600000;1;1;0;2;35;1369866.8193;10797986.4383;7.15178993674084;-73.14594145994813;"-7º -9' -6,444"" S";"73º 8' 45,389"" W";17 N 1369867 10797986;5412.41867516;2
2022-09-15 00:00:00;62585999;A;000000000038;000077;33530000;1;1;0;2;26;1369852.8026;10797957.799;7.151535471449013;-73.14607161990821;"-7º -9' -5,528"" S";"73º 8' 45,858"" W";17 N 1369853 10797958;5403.65201539;2
2021-11-03 00:00:00;21487860;A;000000000038;000047;18366000;1;1;0;2;60;1369814.5502;10798021.5975;7.152113024681932;-73.146404960985;"-7º -9' -7,607"" S";"73º 8' 47,058"" W";17 N 1369815 10798022;5474.76467023;2
2021-10-12 00:00:00;26859824;A;000000000038;000045;21897000;2;1;0;2;23;1369822.1842;10797997.9559;7.151900009214313;-73.14634011733092;"-7º -9' -6,84"" S";"73º 8' 46,824"" W";17 N 1369822 10797998;5453.2636989;2
2021-02-01 00:00:00;53719649;A;000000000039;000089;42588000;2;1;0;2;30;1369595.4299;10797812.5379;7.150273453128161;-73.14840294975582;"-7º -9' -0,984"" S";"73º 8' 54,251"" W";17 N 1369595 10797813;5505.45576535;2
2022-11-18 00:00:00;50068799;A;000000000038;000074;49242000;5;2;0;2;41;1369638.2769;10797866.1697;7.1507474323612605;-73.14801029808339;"-7º -9' -2,691"" S";"73º 8' 52,837"" W";17 N 1369638 10797866;5506.28832155;2
2022-08-04 00:00:00;34422300;A;000000000038;000078;33835000;2;1;0;2;26;1369710.9059;10797952.3985;7.1515089145583275;-73.14734544184611;"-7º -9' -5,432"" S";"73º 8' 50,444"" W";17 N 1369711 10797952;5506.59034098;2
2021-01-22 00:00:00;37603755;A;000000000038;000045;19170000;1;1;0;2;40;1369744.1415;10797951.6789;7.151497352768239;-73.14704738769653;"-7º -9' -5,39"" S";"73º 8' 49,371"" W";17 N 1369744 10797952;5481.01925911;2
2021-06-08 00:00:00;42975720;A;000000000038;000093;38401000;1;1;0;2;26;1369751.2706;10797985.7781;7.151801802305579;-73.14697817722185;"-7º -9' -6,486"" S";"73º 8' 49,121"" W";17 N 1369751 10797986;5498.13025067;2
2022-07-06 00:00:00;15837387;A;000000000038;000035;15837000;1;1;0;2;23;1370210.7976;10798196.4881;7.1536191257864115;-73.14282317915772;"-7º -9' -13,029"" S";"73º 8' 34,163"" W";17 N 1370211 10798196;5312.77574576;2
2022-08-29 00:00:00;31292999;A;000000000039;000035;19539000;1;1;0;2;23;1370192.3222;10798170.9719;7.153393334756726;-73.1429928599082;"-7º -9' -12,216"" S";"73º 8' 34,774"" W";17 N 1370192 10798171;5307.14378517;2
2022-02-15 00:00:00;20862000;A;000000000039;000035;19539000;4;1;1;2;23;1370186.6904;10798175.2323;7.153432377002069;-73.14304272703815;"-7º -9' -12,357"" S";"73º 8' 34,954"" W";17 N 1370187 10798175;5314.12001953;2
2022-11-30 00:00:00;26077499;A;000000000038;000035;20251000;54;1;0;2;25;1370185.3635;10798140.196;7.153118640952818;-73.14306003275877;"-7º -9' -11,227"" S";"73º 8' 35,016"" W";17 N 1370185 10798140;5289.88748939;2
2022-09-26 00:00:00;73017000;A;000000000038;000056;27078000;3;1;0;3;32;1370146.5752;10798148.9668;7.153203203675963;-73.14340665815038;"-7º -9' -11,532"" S";"73º 8' 36,264"" W";17 N 1370147 10798149;5323.27922842;2
2022-03-03 00:00:00;77249820;A;000000000038;000056;22070000;3;1;0;3;22;1370166.0627;10798133.7635;7.153063974859663;-73.14323417575176;"-7º -9' -11,03"" S";"73º 8' 35,643"" W";17 N 1370166 10798134;5298.77859836;2
2022-07-25 00:00:00;20862000;A;000000000039;000035;18791000;1;1;0;2;22;1370209.991;10798117.5765;7.152912168371628;-73.14284258209847;"-7º -9' -10,484"" S";"73º 8' 34,233"" W";17 N 1370210 10798118;5256.50067708;2
2022-04-25 00:00:00;85870221;A;000000000038;000035;19272000;2;1;0;2;23;1370328.1751;10798317.9253;7.154689175276281;-73.14175143512699;"-7º -9' -16,881"" S";"73º 8' 30,305"" W";17 N 1370328 10798318;5322.36687978;2
2022-07-07 00:00:00;76646249;A;000000000038;000077;30291000;2;1;0;2;23;1370331.6705;10798324.0615;7.154743619665773;-73.14171913078246;"-7º -9' -17,077"" S";"73º 8' 30,189"" W";17 N 1370332 10798324;5324.61447276;2
2022-03-04 00:00:00;33379199;A;000000000038;000077;30291000;2;1;0;2;23;1370338.297;10798295.2737;7.154484648679073;-73.14166412321528;"-7º -9' -16,145"" S";"73º 8' 29,991"" W";17 N 1370338 10798295;5298.74083381;2
2022-09-26 00:00:00;31292999;A;000000000038;000077;30291000;2;1;0;2;23;1370370.4473;10798349.9439;7.154969562829355;-73.14136726432993;"-7º -9' -17,89"" S";"73º 8' 28,922"" W";17 N 1370370 10798350;5318.31327172;2
2021-02-03 00:00:00;45759793;A;000000000038;000077;30291000;2;1;0;2;23;1370379.5721;10798303.6162;7.154553042733618;-73.14129254979564;"-7º -9' -16,391"" S";"73º 8' 28,653"" W";17 N 1370380 10798304;5277.51523884;2
2021-03-04 00:00:00;56942828;A;000000000038;000077;21041000;2;1;0;2;23;1370364.1042;10798255.5143;7.154124413394166;-73.14143873411572;"-7º -9' -14,848"" S";"73º 8' 29,179"" W";17 N 1370364 10798256;5251.91667368;2
2022-01-31 00:00:00;75446716;A;000000000039;000035;19539000;2;2;0;1;23;1370411.0015;10798273.0335;7.154274168272123;-73.14101530808674;"-7º -9' -15,387"" S";"73º 8' 27,655"" W";17 N 1370411 10798273;5233.78553925;2
2021-02-12 00:00:00;40826934;A;000000000038;000049;31487000;4;2;0;2;35;1370395.0034;10798245.6972;7.154031688758894;-73.14116304604175;"-7º -9' -14,514"" S";"73º 8' 28,187"" W";17 N 1370395 10798246;5223.97929491;2
2021-01-08 00:00:00;32231789;A;000000000039;000055;31394000;3;2;0;2;33;1370444.1236;10798261.034;7.154161545805087;-73.14072001493646;"-7º -9' -14,982"" S";"73º 8' 26,592"" W";17 N 1370444 10798261;5202.88959105;2
2022-03-08 00:00:00;26077499;A;000000000038;000056;22070000;2;1;0;3;22;1370368.462;10798183.7452;7.153480662614697;-73.14141070787504;"-7º -9' -12,53"" S";"73º 8' 29,079"" W";17 N 1370368 10798184;5195.83688124;2
2022-08-02 00:00:00;38594700;A;000000000039;000046;20509000;11;1;1;2;22;1370379.0543;10798177.4719;7.153422819939488;-73.14131665003883;"-7º -9' -12,322"" S";"73º 8' 28,74"" W";17 N 1370379 10798177;5184.05904245;2
2022-12-19 00:00:00;36508500;A;000000000038;000056;23576000;2;1;0;3;24;1370349.3513;10798209.1558;7.153711295143161;-73.14157823451855;"-7º -9' -13,361"" S";"73º 8' 29,682"" W";17 N 1370349 10798209;5227.48527558;2
2021-12-03 00:00:00;26859824;A;000000000038;000035;19272000;2;1;0;2;23;1370479.9247;10798636.1007;7.157516767901085;-73.14034096979873;"-7º -9' -27,06"" S";"73º 8' 25,227"" W";17 N 1370480 10798636;5468.03453765;2
2022-04-05 00:00:00;20862000;A;000000000038;000042;19539000;2;1;0;2;40;1370526.6871;10798517.9306;7.156450713429567;-73.13993969012087;"-7º -9' -23,223"" S";"73º 8' 23,783"" W";17 N 1370527 10798518;5346.50572349;2
2022-12-22 00:00:00;43810200;A;000000000038;000077;30291000;2;1;0;2;23;1370522.504;10798519.8614;7.156468658765399;-73.13997691958214;"-7º -9' -23,287"" S";"73º 8' 23,917"" W";17 N 1370523 10798520;5350.63180891;2
2022-06-03 00:00:00;33379199;A;000000000038;000067;32398000;2;1;0;1;40;1370305.6178;10797980.1727;7.15166624871798;-73.14200588165319;"-7º -9' -5,998"" S";"73º 8' 31,221"" W";17 N 1370306 10797980;5091.4129454;2
2022-06-01 00:00:00;30249899;A;000000000039;000048;29156000;3;1;0;2;32;1370294.3932;10797928.4288;7.151204330298305;-73.14211455583582;"-7º -9' -4,336"" S";"73º 8' 31,612"" W";17 N 1370294 10797928;5062.59442399;2
2022-05-04 00:00:00;32336099;A;000000000039;000054;32310000;4;2;0;2;33;1370320.772;10797956.9157;7.151455523234267;-73.14187351655106;"-7º -9' -5,24"" S";"73º 8' 30,745"" W";17 N 1370321 10797957;5064.20946854;2
2022-08-11 00:00:00;29206799;A;000000000038;000045;29061000;2;1;0;2;34;1370315.0336;10797933.4264;7.151245933049871;-73.14192861760006;"-7º -9' -4,485"" S";"73º 8' 30,943"" W";17 N 1370315 10797933;5051.55448372;2
2021-10-13 00:00:00;75207510;A;000000000039;000077;30556000;1;1;0;2;23;1370237.7449;10797935.9464;7.151280412337788;-73.14262159707148;"-7º -9' -4,609"" S";"73º 8' 33,438"" W";17 N 1370238 10797936;5108.10619236;2
2021-10-19 00:00:00;32231789;A;000000000039;000077;30556000;1;1;0;2;23;1370247.7028;10797896.7981;7.150928094057972;-73.1425382976254;"-7º -9' -3,341"" S";"73º 8' 33,138"" W";17 N 1370248 10797897;5073.58001023;2
2022-06-01 00:00:00;18791446;A;000000000038;000035;18791000;2;1;0;2;22;1370232.2855;10797848.479;7.1504975077809;-73.1426840558402;"-7º -9' -1,791"" S";"73º 8' 33,663"" W";17 N 1370232 10797848;5051.0399427;2
2022-12-19 00:00:00;73017000;A;000000000339;000087;55779000;2;1;0;1;40;1373585.7832;10798322.2112;7.1542248665995185;-73.11252717763861;"-7º -9' -15,21"" S";"73º 6' 45,098"" W";17 N 1373586 10798322;3981.96257221;4
